video_id,channel_id,views,likes,comments,shares,subscribers_gained,estimated_revenue,avg_view_pct,avg_view_duration
-0F4cn5oZZQ,UCJw9px5fOp-nwJG6g4gN1ng,114,0,0,0,0,0.012,77.71,24.0
-0nBpc1Gq8Q,UCJyOxDvifY5Xw18aNm_I8YQ,5,0,0,0,0,0.0,8.48,6.0
-218aQbDvhg,UCMGKZD9ggu_Pfo4dkL47cXQ,11190,36,0,1,25,1.578,14.02,194.48
-267H9fLNjY,UCxfDVRNK6SoN59v_t3ZJ33A,465,5,0,0,0,0.027,40.49,23.12
-3XkRvaShmU,UCMGKZD9ggu_Pfo4dkL47cXQ,109,2,0,0,1,0.016,66.91,31.04
-4SRM80WHfc,UCZFs3JqsRIqtqYgo4HahDUQ,30,0,0,0,0,0.001,3.18,145.93
-55Crnk6epw,UCAkSxwl8Lbk2hBXAAfsEFTA,59,1,0,1,0,0.193,13.79,557.0
-5Vg_5EEwJU,UCTqUiADoXl9Cq74vCP4FJCQ,1,0,0,0,0,0.0,100.4,65.0
-6aK9w5sDfs,UC8Fm-ogvMehvbgF0BJjKiuQ,4,0,0,0,0,0.0,0.0,0.0
-7lBZ7exTRo,UC0GVHmLgrxE2SS8F0C19JVg,2,0,0,0,0,0.0,13.74,5.0
-8Gw09RGVKA,UCSlOhfr5f-RPRP50yRri1uA,20,1,0,0,0,0.0,30.16,16.0
-8fw0XiTAm4,UCHONLLEtQ4f9yoqa1BWlhSg,0,0,0,0,0,0.0,0.0,0.0
-8ij4oFUFrI,UCSlOhfr5f-RPRP50yRri1uA,9,0,0,0,0,0.0,0.0,0.0
-8k4kEEwt4Y,UCZem4a64VnhfA4CBw9vM2bg,341,8,0,0,0,0.039,173.83,51.64
-9Oey6T_LbA,UCEFB0gMdnD1NyiZaedHg2hQ,943,13,0,2,2,2.641,11.07,408.63
-9oIZVzJqd0,UC82nFsZOjs5Tr96upPPq9Ww,7,0,0,0,0,0.0,61.58,33.43
-AE0sup_XCg,UCIg97fCjw1HnS8vPqwiHLGA,7,0,0,0,0,0.011,13.51,26.0
-AZMzeq743o,UCSlOhfr5f-RPRP50yRri1uA,3436,11,0,2,1,3.569,4.2,158.42
-AkWNEW33gE,UCMGKZD9ggu_Pfo4dkL47cXQ,182,1,0,0,3,0.023,77.28,19.57
-CdqGfMVVrA,UCJw9px5fOp-nwJG6g4gN1ng,105,2,0,0,0,0.01,74.73,21.0
-EOW2kbnan0,UCT7ZxKrKqxBvAODr8h_ODkA,3,0,0,0,0,0.0,76.92,10.0
-FLeISZdIR8,UCxfDVRNK6SoN59v_t3ZJ33A,1,0,0,0,0,0.0,0.0,0.0
-FqcZDBzmO4,UCmhHN34V-dphAOk3RXxjb0g,1428,6,0,0,1,0.015,75.01,16.0
-HONlAjgNYE,UCTqUiADoXl9Cq74vCP4FJCQ,679,1,0,0,1,2.286,3.11,239.47
-I5slg5ASr0,UCT7ZxKrKqxBvAODr8h_ODkA,4,0,0,0,0,0.0,3.14,57.0
-IhugA9_XmU,UCT7ZxKrKqxBvAODr8h_ODkA,8,0,0,0,0,0.0,2.13,35.5
-Il3AJd_1cM,UCc-V01UlW1n8eGLpATLA5gw,10,0,0,0,1,0.002,6.22,115.0
-JBEt1apfio,UCJw9px5fOp-nwJG6g4gN1ng,317,4,0,0,0,0.029,57.23,16.3
-Jd6FqE02h0,UC82nFsZOjs5Tr96upPPq9Ww,1,0,0,0,0,0.0,0.0,0.0
-K6JsGEkE6o,UCc-V01UlW1n8eGLpATLA5gw,680,10,0,0,3,0.597,2.5,174.0
-K6zRwTBBEk,UCm3RYOItKT_P0-oRCkkSMZw,9388,72,1,9,64,2.798,21.39,142.28
-K7w8_Fe1bM,UCl_Nqhf2SGNwv4uvbvs3upg,35,0,0,0,0,0.001,63.63,20.0
-KC80CughEA,UCIg97fCjw1HnS8vPqwiHLGA,14,0,0,0,0,0.018,1.59,32.57
-MYxfCirqEQ,UCnwjt6PgkKuZC4S1A0yTOFQ,34,1,0,0,0,0.003,50.79,16.94
-MuLdRnNS2Y,UCeVTtB1kN607CxFrFkiqjgQ,77,2,0,0,0,0.008,37.0,22.61
-NFuHDp4KTk,UCxxl4xdZZqRSSz2VfnFBhwA,15,0,0,0,0,0.003,20.46,34.8
-Nvtq0uOEQE,UCp013Ih_EWf3SXO8F4ftIwQ,1059,2,0,0,0,1.35,1.06,55.0
-OJ2hK-fiGg,UCT7ZxKrKqxBvAODr8h_ODkA,196,1,0,0,0,0.004,109.06,62.56
-Ob_ETbQ2XA,UCTqUiADoXl9Cq74vCP4FJCQ,58,1,0,0,0,0.003,21.54,16.31
-PffjcL9dVQ,UCk2O5vfW3c_W5YWQ_BoD1Ug,1842,15,0,1,9,3.248,11.68,232.3
-R1EZiofJQk,UCNkelFxYeQTdVdBzl3yaliw,7,0,0,0,0,0.0,3.28,57.57
-RDb_4rGj6g,UC8Fm-ogvMehvbgF0BJjKiuQ,1,0,0,0,0,0.0,0.0,0.0
-Si7SOO1UXY,UCxxl4xdZZqRSSz2VfnFBhwA,1,0,0,0,0,0.0,1.25,18.0
-UEpkycS9b4,UC8gDq5ENmiVuJZIVsiZbQ8g,541,0,0,0,0,0.869,1.61,116.1
-UX_7NLMOSQ,UCqbTAXnwXspcNb7l3UqrOHQ,158,1,0,0,1,0.009,81.89,23.46
-Ustu9Ze4NY,UCEFB0gMdnD1NyiZaedHg2hQ,249,6,0,0,0,0.012,42.65,18.66
-VGotTivHGs,UC77WdDKy6cbCxZkC46eaudA,1,0,0,0,0,0.0,3.99,46.0
-VGqf4duhbE,UCT7ZxKrKqxBvAODr8h_ODkA,15,1,0,0,0,0.002,9.6,230.2
-WFt-5pVYr4,UCJw9px5fOp-nwJG6g4gN1ng,1508,12,0,0,1,0.065,53.59,13.01
-XKqnOURVwY,UCsbnInDepLdq6o781WVZ-5g,159,1,0,0,0,0.564,9.81,170.33
-XMMLR2ZBP0,UCk2O5vfW3c_W5YWQ_BoD1Ug,446,5,0,0,0,0.03,64.25,59.84
-_PInlWYlC8,UC0GVHmLgrxE2SS8F0C19JVg,875,3,0,0,4,1.424,21.6,111.84
-bOH4f5cde8,UCTqUiADoXl9Cq74vCP4FJCQ,208,0,0,0,0,0.275,0.74,47.12
-bQx5_wB86c,UCf3lAEw_WPtcgHMUVAunzSw,2,0,0,0,0,0.0,130.91,157.0
-bezYbUC5gE,UCm3RYOItKT_P0-oRCkkSMZw,5,0,0,0,0,0.0,9.02,233.2
-c77uUxAAsc,UCl_Nqhf2SGNwv4uvbvs3upg,16,0,0,0,0,0.001,66.27,23.0
-dZgGd0mtv8,UCTqUiADoXl9Cq74vCP4FJCQ,3,0,0,0,0,0.0,9.19,5.33
-fUAhdfvrLs,UCxfDVRNK6SoN59v_t3ZJ33A,1,0,0,0,0,0.0,0.0,0.0
-fV7fDEgqUs,UCl_Nqhf2SGNwv4uvbvs3upg,154,1,0,0,0,0.003,68.13,26.0
-h9aXXFUyjk,UCsbnInDepLdq6o781WVZ-5g,8,0,0,0,0,0.001,80.49,26.5
-hgUCww3IsE,UCJw9px5fOp-nwJG6g4gN1ng,196,2,0,0,0,0.019,93.29,10.61
-hkRCkYB2qs,UCxxl4xdZZqRSSz2VfnFBhwA,7,0,0,0,0,0.001,14.43,275.29
-iaLK8vd9qo,UC8Fm-ogvMehvbgF0BJjKiuQ,3,0,0,0,0,0.0,26.31,18.0
-ibzDzPTtzY,UCMGKZD9ggu_Pfo4dkL47cXQ,25,0,0,0,0,0.006,57.66,15.8
-jMXRUczy2M,UC8Fm-ogvMehvbgF0BJjKiuQ,56,1,0,0,1,0.001,54.25,37.07
-kPK6KHT5jU,UCl_Nqhf2SGNwv4uvbvs3upg,20,0,0,0,0,0.001,29.13,18.0
-lqCXJSiocE,UCXJiqB85OD4gnutvJ-gKHsg,7,0,0,0,0,0.0,36.7,25.0
-o7j4MQNQts,UCMGKZD9ggu_Pfo4dkL47cXQ,57,1,0,0,0,0.011,64.22,25.0
-oLkf72XuKU,UCOfo1ycUYYsMkBRS56TSo3Q,151,1,0,0,0,0.428,3.75,188.5
-oUA3DjAreU,UCOfo1ycUYYsMkBRS56TSo3Q,314,0,0,1,0,0.0,63.14,19.19
-p4_LlThN-M,UCeVTtB1kN607CxFrFkiqjgQ,1830,12,0,3,8,4.626,14.55,318.45
-pqOxOlx9rw,UCT7ZxKrKqxBvAODr8h_ODkA,4,0,0,0,0,0.0,12.45,11.0
-qJUFQ547rA,UC2jHP3YhgMucr6UlgFzRhbA,2603,7,0,4,4,0.005,18.52,24.0
-rSKgfP16vM,UCLQ4NoTptaCDG4nUvDLtUoQ,54,-1,0,0,0,0.322,6.6,504.0
-rzmh__q3XQ,UCp013Ih_EWf3SXO8F4ftIwQ,45,0,0,0,0,0.003,50.51,11.0
-sDMBSWhXPk,UCk2O5vfW3c_W5YWQ_BoD1Ug,624,6,0,0,0,0.049,69.69,22.97
-sNaUMEC9cU,UC2IjY1Gm6b7pYp-vMJ2R9ig,51,0,0,0,1,0.08,13.04,146.71
-sP_VejZ8Zk,UC2jHP3YhgMucr6UlgFzRhbA,426,0,0,0,0,1.147,2.33,162.0
-sPy0gdL4Bw,UCAkSxwl8Lbk2hBXAAfsEFTA,7,0,0,0,0,0.02,11.45,725.57
-seqgqN8qdQ,UC2jHP3YhgMucr6UlgFzRhbA,190,0,0,0,0,0.004,23.31,10.0
-spD5cgdPZE,UC82nFsZOjs5Tr96upPPq9Ww,68,0,0,0,0,0.025,8.71,195.47
-uzoEDOD_-o,UCdtOFTQ1GVPKzvOYsi1ApIw,1,0,0,0,0,0.001,46.75,38.0
-vStD0wYCAY,UCk2O5vfW3c_W5YWQ_BoD1Ug,402,1,0,0,0,0.026,39.84,27.36
-vrnPhZO-U8,UCAkSxwl8Lbk2hBXAAfsEFTA,1448,11,0,0,7,8.091,6.82,446.0
-xko3x4_Dnw,UCxfDVRNK6SoN59v_t3ZJ33A,14,0,0,0,0,0.001,28.2,21.29
-y_YyvYVBRM,UCMGKZD9ggu_Pfo4dkL47cXQ,10,0,0,0,0,0.002,37.12,41.0
-zDwEVDa_NE,UCeVTtB1kN607CxFrFkiqjgQ,7,0,0,0,0,0.001,51.05,36.71
-zidlRhcorY,UCOfo1ycUYYsMkBRS56TSo3Q,182,2,0,0,0,0.005,57.39,17.77
0-0FbguVf2o,UCxfDVRNK6SoN59v_t3ZJ33A,4,0,0,0,0,0.0,6.85,43.25
00GxC2piorI,UCm3RYOItKT_P0-oRCkkSMZw,69,1,0,0,0,0.0,101.23,17.16
00LUDzvZSn8,UC0GVHmLgrxE2SS8F0C19JVg,2,0,0,0,0,0.0,8.81,7.0
02IT1SRBKAA,UCdtOFTQ1GVPKzvOYsi1ApIw,159,0,0,0,0,0.0,0.0,0.0
02vzpQK4B7o,UCsbnInDepLdq6o781WVZ-5g,9,0,0,0,0,0.003,6.98,100.33
03AfjJFBIYs,UCnwjt6PgkKuZC4S1A0yTOFQ,23,0,0,0,0,0.002,61.78,16.78
03hk6UK36G4,UCm3RYOItKT_P0-oRCkkSMZw,2,0,0,0,0,0.0,11.88,1.0
03wdugxfo8Y,UCdtOFTQ1GVPKzvOYsi1ApIw,1,0,0,0,0,0.0,0.0,0.0
04dEUsUn96U,UCc-V01UlW1n8eGLpATLA5gw,194,0,0,0,0,0.522,4.33,110.0
04xYRUri3fI,UCkIOcyGqKTJMIIyFHJunYDA,64,0,0,0,0,0.001,40.23,8.88
06hSihF9sO0,UCJw9px5fOp-nwJG6g4gN1ng,235,8,0,0,0,0.026,91.23,22.45
09a7k4YHN7A,UC0GVHmLgrxE2SS8F0C19JVg,519,4,0,0,1,0.627,14.28,186.33
09mKfwFBa4c,UCT7ZxKrKqxBvAODr8h_ODkA,14,-1,0,0,0,0.015,13.59,194.71
0AIoJ3cfLI4,UC2jHP3YhgMucr6UlgFzRhbA,62,0,0,0,0,0.003,49.36,15.0
0BLr9bSMxLI,UCxfDVRNK6SoN59v_t3ZJ33A,3,0,0,0,0,0.0,0.26,3.0
0CDKrtAqleY,UCbnCFV5_c-nGiEQN1anEO5A,12,0,0,0,0,0.006,3.16,43.0
0CUIppkuiDw,UCZem4a64VnhfA4CBw9vM2bg,325,9,0,0,1,0.032,60.03,25.29
0CfzlA7QeKU,UCAkSxwl8Lbk2hBXAAfsEFTA,47,0,0,0,0,0.073,4.6,280.57
0EtHNQBu7zk,UCXJiqB85OD4gnutvJ-gKHsg,10,0,0,0,0,0.0,10.46,5.8
0FEBDBgdj84,UCxxl4xdZZqRSSz2VfnFBhwA,22,0,0,0,0,0.004,17.68,7.73
0FTbqn-2RCE,UCxhHKduxLRNAOC_GUHPPf1Q,4,0,0,0,0,0.0,51.8,27.5
0GdQNGVPr6A,UC8gDq5ENmiVuJZIVsiZbQ8g,1057,7,0,0,1,0.04,72.07,22.0
0GvSU0ZO1Xw,UC2jHP3YhgMucr6UlgFzRhbA,7,0,0,0,0,0.001,110.41,33.0
0HxYgdsCxRQ,UCxfDVRNK6SoN59v_t3ZJ33A,6,0,0,0,0,0.001,131.3,95.67
0IJcu6nZ-Ec,UCnwjt6PgkKuZC4S1A0yTOFQ,2,0,0,0,0,0.001,14.19,12.0
0JlCsNIfTJU,UCdtOFTQ1GVPKzvOYsi1ApIw,1,0,0,0,0,0.0,2.16,1.0
0KTB45mzntY,UCl_Nqhf2SGNwv4uvbvs3upg,83,1,0,0,0,0.002,44.01,14.0
0LHcKs4EdMo,UC8Fm-ogvMehvbgF0BJjKiuQ,1,0,0,0,0,0.0,0.32,14.0
0N8aYv8fveA,UCOfo1ycUYYsMkBRS56TSo3Q,244,0,0,2,0,1.411,3.09,176.3
0NBavBmP5sY,UCHONLLEtQ4f9yoqa1BWlhSg,2,0,0,0,0,0.0,33.68,33.0
0OPhJMZtnS4,UCeVTtB1kN607CxFrFkiqjgQ,22,2,0,0,0,0.004,40.88,26.77
0PBsPtfagUQ,UCxxl4xdZZqRSSz2VfnFBhwA,14,0,0,0,0,0.001,36.38,14.5
0Q-bDpUoTLc,UCxhHKduxLRNAOC_GUHPPf1Q,19,0,0,0,0,0.042,5.23,266.74
0Q6cek024po,UCSlOhfr5f-RPRP50yRri1uA,3292,24,0,5,8,14.705,2.82,258.36
0QlcQe-2t-A,UCsbnInDepLdq6o781WVZ-5g,104,1,0,0,0,0.215,12.45,157.25
0R6q2VX9swo,UCxhHKduxLRNAOC_GUHPPf1Q,5,0,0,0,0,0.0,27.33,18.8
0RHYgcEiRd0,UCHONLLEtQ4f9yoqa1BWlhSg,9,0,0,0,0,0.002,94.45,31.44
0SkmH2V46D8,UCdtOFTQ1GVPKzvOYsi1ApIw,324,0,0,0,0,0.0,0.01,0.11
0U3FwXRv2BM,UC01rTYtA_UsuZ5wzxnyHFcg,36,0,0,0,1,0.001,0.75,28.89
0UxEF2lDsw8,UCT7ZxKrKqxBvAODr8h_ODkA,16,0,0,0,0,0.014,23.62,407.31
0VSnsncgtc8,UCk2O5vfW3c_W5YWQ_BoD1Ug,452,1,0,0,0,0.026,28.21,14.07
0WqT7F9uaLo,UCm3RYOItKT_P0-oRCkkSMZw,5647,36,1,5,25,3.069,8.1,168.41
0XkLjci4r5c,UCL_RZ1IidYQkVQxfimfnPSQ,9,0,0,0,0,0.012,11.21,194.0
0XvI45qtrjQ,UCxfDVRNK6SoN59v_t3ZJ33A,15,0,0,0,0,0.001,10.03,8.2
0Y6XsU5sXPY,UC2jHP3YhgMucr6UlgFzRhbA,2982,1,1,0,1,15.682,1.98,145.0
0YHZ2elaN_M,UCHONLLEtQ4f9yoqa1BWlhSg,2,0,0,0,0,0.001,43.31,12.0
0YsiQUhTzyk,UCpUrAXv2lzGxM4plYB7CE-A,5,0,0,0,0,0.004,0.21,11.0
0Yt-6Hfnnf8,UCdtOFTQ1GVPKzvOYsi1ApIw,5,0,0,0,1,0.0,1.82,21.0
0Zdxicf8WSA,UCT7ZxKrKqxBvAODr8h_ODkA,4,0,0,0,0,0.0,11.73,9.0
0_Fxed7JUZk,UC49-b-BhbYoG54YNkwmzg8w,19,1,0,0,0,0.036,23.14,293.95
0_i5dCV7czc,UCm3RYOItKT_P0-oRCkkSMZw,3,0,0,0,0,0.002,3.4,53.0
0aJVYCrLYY8,UCf3lAEw_WPtcgHMUVAunzSw,1,0,0,0,0,0.0,0.0,0.0
0arIZZ11WVA,UCm3RYOItKT_P0-oRCkkSMZw,739,1,0,0,0,1.637,16.29,112.17
0b9bluZqcQg,UCkIOcyGqKTJMIIyFHJunYDA,645,6,0,0,0,0.016,58.97,16.45
0cDBv8SfEFk,UCZem4a64VnhfA4CBw9vM2bg,1249,15,1,1,3,1.278,12.33,223.74
0ecA1udaFvE,UCEFB0gMdnD1NyiZaedHg2hQ,107,3,0,0,0,0.008,68.08,13.07
0er5lHF4acY,UCT7ZxKrKqxBvAODr8h_ODkA,8,0,0,0,0,0.0,47.88,38.0
0fAeZRPWm1s,UCctSzoeee7KCnR84dZ6IO7w,1,0,0,0,0,0.001,8.36,5.0
0gD6-pqTYdo,UC0GVHmLgrxE2SS8F0C19JVg,2,0,0,0,0,0.0,27.43,377.5
0gTd09gh_yQ,UCxfDVRNK6SoN59v_t3ZJ33A,4,0,0,0,0,0.001,80.5,60.0
0iNyH58uGZE,UCNkelFxYeQTdVdBzl3yaliw,11,-1,0,0,0,0.002,6.4,107.18
0ihzyq54T6Q,UCNkelFxYeQTdVdBzl3yaliw,0,0,0,0,0,0.0,0.0,0.0
0ilUzTGZ0Do,UCpUrAXv2lzGxM4plYB7CE-A,7998,0,0,0,0,0.327,0.54,29.32
0jkmwoY5FM4,UCdtOFTQ1GVPKzvOYsi1ApIw,1,0,0,0,0,0.0,6.36,60.0
0kX1GMSac0c,UCbnCFV5_c-nGiEQN1anEO5A,10,0,0,0,0,0.0,1.81,28.0
0lHCFPRFkXA,UCxfDVRNK6SoN59v_t3ZJ33A,21,0,0,0,0,0.002,72.97,47.14
0m6ASnohpp4,UCIg97fCjw1HnS8vPqwiHLGA,3939,23,1,3,17,7.63,4.45,250.1
0mOTCPrkwUU,UC2IjY1Gm6b7pYp-vMJ2R9ig,386,0,0,0,0,0.537,1.21,87.45
0mSNkKt1Ky8,UCxfDVRNK6SoN59v_t3ZJ33A,7,0,0,0,0,0.0,8.08,100.29
0mqIUuei3Xo,UCL_RZ1IidYQkVQxfimfnPSQ,4,0,0,0,0,0.0,38.15,59.0
0nYYrPqNqz4,UCZem4a64VnhfA4CBw9vM2bg,31,-1,0,0,0,0.003,74.93,9.23
0nk0OTxabK0,UCpUrAXv2lzGxM4plYB7CE-A,59,0,0,0,0,0.002,88.21,28.0
0pCytUz6yTE,UCXJiqB85OD4gnutvJ-gKHsg,2500,14,0,2,5,2.702,9.3,210.42
0qJ1BMhyTfI,UCnwjt6PgkKuZC4S1A0yTOFQ,200,1,0,0,0,0.207,4.36,79.64
0qqOtdQDDjU,UC0GVHmLgrxE2SS8F0C19JVg,3,0,0,0,0,0.0,56.73,27.0
0r98yCady6k,UC82nFsZOjs5Tr96upPPq9Ww,7,0,0,0,0,0.016,4.72,45.14
0su7iRmaMD4,UCk2O5vfW3c_W5YWQ_BoD1Ug,41414,203,0,15,39,0.717,75.2,37.0
0tX-3fB_Euc,UCSlOhfr5f-RPRP50yRri1uA,8,0,0,0,0,0.0,0.0,0.0
0vQQhr7b104,UCpUrAXv2lzGxM4plYB7CE-A,43,0,0,0,0,0.019,3.06,164.0
0voDTCGo2Us,UCkIOcyGqKTJMIIyFHJunYDA,899,0,0,0,0,0.841,0.9,74.49
0vs-y9iZmhU,UCxxl4xdZZqRSSz2VfnFBhwA,9,0,0,0,0,0.012,0.45,9.33
0wLg-81dF8w,UCxxl4xdZZqRSSz2VfnFBhwA,15,0,0,0,0,0.004,22.75,10.8
0wisNGL6BEo,UC8Fm-ogvMehvbgF0BJjKiuQ,1,0,0,0,0,0.002,0.38,7.0
0xFcID39rKU,UC82nFsZOjs5Tr96upPPq9Ww,454,4,0,2,0,0.757,14.31,287.17
0yeLPpAtVMo,UCZem4a64VnhfA4CBw9vM2bg,284,5,0,0,0,0.032,55.1,37.17
0yzKd8Eq18o,UCctSzoeee7KCnR84dZ6IO7w,1,0,0,0,0,0.0,0.23,4.0
0zRucEG9i-I,UCc-V01UlW1n8eGLpATLA5gw,815,1,0,0,1,1.058,6.86,299.0
0zuPmjloJKM,UCxfDVRNK6SoN59v_t3ZJ33A,1,0,0,0,0,0.0,0.0,0.0
1-BYBzMz2ks,UCTqUiADoXl9Cq74vCP4FJCQ,297,0,0,0,0,0.11,1.4,96.18
1-G1Nx91fms,UC01rTYtA_UsuZ5wzxnyHFcg,2,0,0,0,0,0.0,1.34,22.0
10ZalIy779A,UCqbTAXnwXspcNb7l3UqrOHQ,14,0,0,0,0,0.014,22.52,387.0
10pvgYcLnfs,UCnwjt6PgkKuZC4S1A0yTOFQ,8,1,0,0,0,0.058,38.91,804.5
118vRHe0HVA,UCLQ4NoTptaCDG4nUvDLtUoQ,34,0,0,0,0,0.008,1.24,95.74
11vYrIOjwY4,UCm3RYOItKT_P0-oRCkkSMZw,183,1,0,0,0,0.048,5.69,70.48
12sksBOSqE0,UC82nFsZOjs5Tr96upPPq9Ww,3,0,0,0,0,0.001,50.25,35.0
1332u8zg2_4,UCL_RZ1IidYQkVQxfimfnPSQ,8,0,0,0,0,0.004,8.47,96.0
13EMm4LfDUQ,UCEFB0gMdnD1NyiZaedHg2hQ,7789,81,0,1,11,0.602,102.37,19.95
14GcbIaSuR0,UC8gDq5ENmiVuJZIVsiZbQ8g,4,0,0,0,0,0.0,5.44,3.0
14ZntbPe570,UC77WdDKy6cbCxZkC46eaudA,566,4,0,3,0,0.324,13.13,172.0
15RLJrPL6Lk,UCVRU0wQxaEQdq0CKQHfifZg,25,0,0,0,0,0.017,6.31,233.0
15xYlLJIItU,UCxfDVRNK6SoN59v_t3ZJ33A,1,0,0,0,0,0.0,0.0,0.0
17nn0XPWgLE,UCOfo1ycUYYsMkBRS56TSo3Q,558,2,0,0,3,1.094,10.89,425.06
188dOC-H_vg,UC2IjY1Gm6b7pYp-vMJ2R9ig,49,1,0,0,0,0.098,12.34,208.67
18RfLtoW0Dk,UCZem4a64VnhfA4CBw9vM2bg,246,1,0,1,0,0.4,8.65,222.55
19DT91OmZS4,UCxhHKduxLRNAOC_GUHPPf1Q,5,0,0,0,0,0.0,59.9,35.4
19eXTHGwglU,UCEFB0gMdnD1NyiZaedHg2hQ,48,2,0,0,0,0.004,35.64,18.6
1A4A9kFDOXE,UC2IjY1Gm6b7pYp-vMJ2R9ig,0,0,0,0,0,0.0,0.0,0.0
1CPqzWPqBJY,UC2IjY1Gm6b7pYp-vMJ2R9ig,8,0,0,0,0,0.002,14.66,158.0
1CpmWaHQegM,UCIg97fCjw1HnS8vPqwiHLGA,4011,15,2,1,5,5.113,5.23,252.78
1D0qmA4Pilk,UCnwjt6PgkKuZC4S1A0yTOFQ,90,0,0,0,0,0.0,17.11,6.0
1D9x4-eon-Q,UCSlOhfr5f-RPRP50yRri1uA,33,1,0,0,0,0.0,42.76,9.0
1E5xumxy2AY,UCxfDVRNK6SoN59v_t3ZJ33A,5,0,0,0,0,0.006,25.5,244.8
1ESObzPJwzQ,UC0GVHmLgrxE2SS8F0C19JVg,13,0,0,0,0,0.007,4.1,52.23
1FfHqVUrHaM,UCc-V01UlW1n8eGLpATLA5gw,3,0,0,0,0,0.002,37.15,2089.0
1Gs6Pf9oku0,UCp013Ih_EWf3SXO8F4ftIwQ,16,1,0,0,0,0.006,2.38,120.0
1GuG9krmVgk,UCxxl4xdZZqRSSz2VfnFBhwA,12,0,0,0,0,0.002,64.86,44.0
1HMcSKg2ibw,UCxxl4xdZZqRSSz2VfnFBhwA,14,0,0,0,0,0.002,28.2,23.43
1HaXe72dqVo,UC2IjY1Gm6b7pYp-vMJ2R9ig,5,0,0,0,0,0.0,1.5,28.2
1I-3Wa50g3o,UCT7ZxKrKqxBvAODr8h_ODkA,7,0,0,0,0,0.0,106.33,21.0
1IE8kBLsCSk,UCSlOhfr5f-RPRP50yRri1uA,23,0,0,0,0,0.001,20.55,8.17
1JftF9KHEpk,UC0GVHmLgrxE2SS8F0C19JVg,1,0,0,0,0,0.0,0.3,5.0
1K8twb6DDeY,UCxfDVRNK6SoN59v_t3ZJ33A,183,1,0,1,2,0.56,14.21,209.44
1KO7EF8YlJI,UCbnCFV5_c-nGiEQN1anEO5A,17,0,0,0,0,0.0,6.32,112.94
1KTXt978iHY,UCAkSxwl8Lbk2hBXAAfsEFTA,0,0,0,0,0,0.0,0.0,0.0
1KUChGMX7EQ,UCTqUiADoXl9Cq74vCP4FJCQ,85,0,0,0,0,0.081,1.68,125.06
1KiOVjKbKXY,UC2IjY1Gm6b7pYp-vMJ2R9ig,1924,15,0,1,8,2.336,21.52,183.43
1LGMKuX_x_c,UC8gDq5ENmiVuJZIVsiZbQ8g,2600,23,0,0,5,0.093,57.65,19.03
1LLpcvSRKSU,UC77WdDKy6cbCxZkC46eaudA,8367,53,2,6,27,5.65,14.52,201.54
1MBzFAmfmSw,UC80LfoIH6FrzHTm6lXTWCKQ,3,0,0,0,0,0.0,99.87,76.0
1NHFir7iEpY,UCxfDVRNK6SoN59v_t3ZJ33A,20,0,0,0,0,0.008,2.08,151.0
1O4qLUFM5tY,UC2jHP3YhgMucr6UlgFzRhbA,141,0,0,0,0,0.816,1.26,88.0
1OKSDZKsSoA,UCxfDVRNK6SoN59v_t3ZJ33A,0,0,0,0,0,0.0,0.0,0.0
1Q47RQN59OQ,UCxxl4xdZZqRSSz2VfnFBhwA,48,1,0,0,0,0.072,6.78,171.67
1QhOmAEhmbo,UCEFB0gMdnD1NyiZaedHg2hQ,53,2,0,0,0,0.005,93.51,14.64
1Qtr9E4y81s,UC8Fm-ogvMehvbgF0BJjKiuQ,5,0,0,0,0,0.0,0.0,0.0
1S7MWF89XIE,UCl_Nqhf2SGNwv4uvbvs3upg,2869,3,0,3,2,3.917,1.65,119.0
1S7pLfn3NBk,UC8Fm-ogvMehvbgF0BJjKiuQ,8,0,0,0,0,0.0,102.16,30.0
1SNrJrJHL_A,UCSlOhfr5f-RPRP50yRri1uA,227,1,0,0,0,0.01,50.56,20.91
1TZqsV2ul1c,UC8gDq5ENmiVuJZIVsiZbQ8g,206,2,0,0,0,0.006,45.36,15.45
1Umi5h6gbe4,UCTqUiADoXl9Cq74vCP4FJCQ,15,0,0,0,0,0.009,0.51,31.0
1XgIP4abVUI,UCxfDVRNK6SoN59v_t3ZJ33A,1,0,0,0,0,0.0,0.0,0.0
1YOZhKscEO8,UCOfo1ycUYYsMkBRS56TSo3Q,1837,0,0,0,0,0.091,20.83,5.12
1YvzKtdsGEA,UCctSzoeee7KCnR84dZ6IO7w,1,0,0,0,0,0.0,0.0,0.0
1Zq_DTBEOTQ,UCSlOhfr5f-RPRP50yRri1uA,6086,54,0,3,8,0.3,68.61,25.71
1ZxwYIH4sMQ,UCL_RZ1IidYQkVQxfimfnPSQ,194,2,0,0,1,0.121,4.54,90.0
1_fcWLoaV3U,UC8Fm-ogvMehvbgF0BJjKiuQ,14,0,0,0,0,0.0,6.34,0.86
1_reqPA9hKk,UC0GVHmLgrxE2SS8F0C19JVg,2,0,0,0,0,0.02,50.23,857.0
1a35ZA7_yzg,UCXJiqB85OD4gnutvJ-gKHsg,19,0,0,0,0,0.028,3.7,54.89
1aEaZib08Qo,UCf3lAEw_WPtcgHMUVAunzSw,2,0,0,0,0,0.0,94.0,4.0
1dii8ie5R14,UCT7ZxKrKqxBvAODr8h_ODkA,25,0,0,0,0,0.0,5.41,3.0
1dshtTuxRgw,UCdtOFTQ1GVPKzvOYsi1ApIw,7,0,0,0,0,0.0,0.09,6.0
1e-Joj6Hf9c,UCxfDVRNK6SoN59v_t3ZJ33A,3,0,0,0,0,0.0,1.81,23.0
1e8ZxyJf1Qw,UCxxl4xdZZqRSSz2VfnFBhwA,73,2,0,0,0,0.006,52.9,11.75
1eby6GAmj2k,UCxhHKduxLRNAOC_GUHPPf1Q,6,0,0,0,0,0.0,55.87,38.0
1ggYwsqQgas,UCNkelFxYeQTdVdBzl3yaliw,1342,4,0,1,3,1.852,5.98,132.83
1hL4aqBAo_Y,UCeVTtB1kN607CxFrFkiqjgQ,16,0,0,0,0,0.002,35.39,55.56
1hqIDC71QBc,UCnwjt6PgkKuZC4S1A0yTOFQ,282,0,0,0,0,0.092,20.76,6.43
1jh37HCHK-Q,UCkIOcyGqKTJMIIyFHJunYDA,0,0,0,0,0,0.0,0.0,0.0
1k9R3GnhuSc,UC2IjY1Gm6b7pYp-vMJ2R9ig,1,0,0,0,0,0.0,0.03,0.0
1nC1fKxBAVM,UCJw9px5fOp-nwJG6g4gN1ng,17471,322,4,10,33,1.375,92.39,25.2
1n_DSwUN6iA,UC2jHP3YhgMucr6UlgFzRhbA,207,0,0,0,0,0.009,54.71,16.0
1pWBNwXwLGg,UCSlOhfr5f-RPRP50yRri1uA,30,0,0,0,0,0.001,3.71,1.87
1pgjKAtmvGU,UCOfo1ycUYYsMkBRS56TSo3Q,2995,15,0,0,2,0.114,83.86,19.48
1q7cRON9DwM,UCVRU0wQxaEQdq0CKQHfifZg,131,0,0,0,0,0.071,2.04,24.94
1qFwER2FHdc,UC8gDq5ENmiVuJZIVsiZbQ8g,347,3,0,0,0,0.008,58.09,18.8
1qQC-BpB3sk,UCeVTtB1kN607CxFrFkiqjgQ,2946,34,0,1,3,0.347,78.37,20.0
1rpOwVJSv-I,UCkIOcyGqKTJMIIyFHJunYDA,61,0,0,0,0,0.003,50.84,12.95
1tI_Y-i46HU,UCEFB0gMdnD1NyiZaedHg2hQ,6187,24,0,4,11,3.577,21.33,226.28
1tIsWxHeCTU,UC2IjY1Gm6b7pYp-vMJ2R9ig,3,0,0,0,0,0.0,5.44,73.33
1tSqIMZqTdY,UCZem4a64VnhfA4CBw9vM2bg,89,1,0,1,0,0.093,6.26,93.53
1taiGtOZ3A8,UCJw9px5fOp-nwJG6g4gN1ng,209,1,0,0,0,0.019,70.48,20.79
1tub5Zzy5PI,UCnwjt6PgkKuZC4S1A0yTOFQ,1,0,0,0,0,0.0,5.65,77.0
1uXonWI3RG8,UCMGKZD9ggu_Pfo4dkL47cXQ,2,1,0,0,0,0.001,7.88,117.0
1vHCi04RBJo,UC8Fm-ogvMehvbgF0BJjKiuQ,4,0,0,0,0,0.005,4.72,75.0
1vYNxvOfABY,UCAkSxwl8Lbk2hBXAAfsEFTA,462,7,0,0,0,0.034,36.84,18.08
1w6F69ksYo0,UCsbnInDepLdq6o781WVZ-5g,110,3,0,0,1,0.004,61.7,16.05
1x5pfNmKaKM,UCEFB0gMdnD1NyiZaedHg2hQ,29,0,0,0,0,0.024,3.77,57.86
1x9z_1GexO8,UCpUrAXv2lzGxM4plYB7CE-A,1126226,12254,0,0,1501,36.475,85.16,26.99
1xQ4bLZfW5s,UCx08xHWVSQIiujaTJb8HWYg,33,0,0,0,0,0.024,1.87,29.0
1x_KHlmbsbk,UCxxl4xdZZqRSSz2VfnFBhwA,6,0,0,0,0,0.027,3.69,136.5
1xa5DhTGc4w,UCSlOhfr5f-RPRP50yRri1uA,19,0,0,0,0,0.0,133.86,45.47
1zjqzNZFIaw,UC2IjY1Gm6b7pYp-vMJ2R9ig,53,0,0,0,0,0.143,17.31,241.34
209sSNZFwh0,UCP4STX85lq_fpEtvQcq_5fw,245,4,0,0,1,0.095,32.47,67.66
20brbFsXqDA,UCnwjt6PgkKuZC4S1A0yTOFQ,5,0,0,0,0,0.0,0.51,8.8
20qGDoBDYvs,UCkIOcyGqKTJMIIyFHJunYDA,4175,19,0,0,0,0.188,69.44,15.0
21B9pR8C8EA,UCHONLLEtQ4f9yoqa1BWlhSg,3,-1,0,0,0,0.0,14.92,19.0
21kFCaelwFM,UCl_Nqhf2SGNwv4uvbvs3upg,24,1,0,0,0,0.001,96.1,30.0
21qZRmuY6GY,UCkIOcyGqKTJMIIyFHJunYDA,18275,37,0,16,14,42.993,2.42,188.0
21w1vBAIBRg,UCeVTtB1kN607CxFrFkiqjgQ,5072,36,0,2,33,3.036,11.11,307.99
21yIkg7_a_8,UCT7ZxKrKqxBvAODr8h_ODkA,13,0,0,0,0,0.002,0.62,24.85
22FRpzgjtPo,UCkIOcyGqKTJMIIyFHJunYDA,65,0,0,0,0,0.002,67.57,22.54
23ebekubq8U,UCsbnInDepLdq6o781WVZ-5g,158,0,0,0,0,0.002,137.15,6.47
23saRqbkOao,UC2IjY1Gm6b7pYp-vMJ2R9ig,7,0,0,0,0,0.001,7.75,6.29
24K5J5ev1vA,UCSlOhfr5f-RPRP50yRri1uA,77,0,0,0,0,0.001,27.28,23.82
24m4u-seMVM,UCxxl4xdZZqRSSz2VfnFBhwA,9,0,0,0,0,0.003,1.29,17.44
25ieZ-apUWc,UCxhHKduxLRNAOC_GUHPPf1Q,5,0,0,0,0,0.001,0.57,35.2
25ojhF-veyA,UCT7ZxKrKqxBvAODr8h_ODkA,38,1,0,0,0,0.024,18.36,269.05
26T-30gJIJ4,UCf3lAEw_WPtcgHMUVAunzSw,13,0,0,0,0,0.001,25.66,11.69
26TYB13-PIk,UCIg97fCjw1HnS8vPqwiHLGA,25,0,0,0,0,0.069,2.14,103.2
26ge6M0XQ1w,UC2IjY1Gm6b7pYp-vMJ2R9ig,8,0,0,0,0,0.0,101.42,113.25
27-oI2e7Awg,UC2jHP3YhgMucr6UlgFzRhbA,12,0,0,0,0,0.001,148.99,11.0
2A6N_1cIq4E,UC2IjY1Gm6b7pYp-vMJ2R9ig,2,0,0,0,0,0.0,1.16,18.0
2AvujdOxJIc,UCZFs3JqsRIqtqYgo4HahDUQ,61,0,0,0,0,0.001,64.82,21.26
2CrgHDIK20A,UCIg97fCjw1HnS8vPqwiHLGA,5,0,0,0,0,0.001,82.42,43.4
2DDXsRz5JVA,UC80LfoIH6FrzHTm6lXTWCKQ,6,0,0,0,0,0.002,43.16,31.0
2DepI4vUrWA,UC2IjY1Gm6b7pYp-vMJ2R9ig,2,0,0,0,0,0.0,0.2,2.0
2EKcpr4Larc,UCSlOhfr5f-RPRP50yRri1uA,845,6,0,0,2,0.034,56.14,31.57
2FWBMbnFqh0,UCxfDVRNK6SoN59v_t3ZJ33A,1,0,0,0,0,0.0,0.0,0.0
2FqVAKI1cVs,UCZFs3JqsRIqtqYgo4HahDUQ,12,0,0,0,0,0.0,12.5,3.75
2G5X1D1rwZA,UCxhHKduxLRNAOC_GUHPPf1Q,23,0,0,0,0,0.014,1.35,45.96
2GnM_7W2nCQ,UCeVTtB1kN607CxFrFkiqjgQ,8,1,0,0,0,0.0,64.4,68.75
2GyAdOACtyk,UC49-b-BhbYoG54YNkwmzg8w,1,0,0,0,0,0.0,0.0,0.0
2HhS1wo1VA8,UCMGKZD9ggu_Pfo4dkL47cXQ,80,0,0,0,0,0.021,51.97,17.88
2IpFKMYdzr0,UC82nFsZOjs5Tr96upPPq9Ww,3,0,0,0,0,0.0,27.01,20.0
2J-qhnXfPO4,UCMGKZD9ggu_Pfo4dkL47cXQ,22,0,0,0,0,0.014,5.52,63.82
2J5k_-3l7H8,UCnwjt6PgkKuZC4S1A0yTOFQ,541,0,0,0,0,0.18,74.81,75.86
2KuCehvwTqI,UC82nFsZOjs5Tr96upPPq9Ww,4,0,0,0,0,0.0,29.18,18.0
2LDCWs03Pxk,UCdtOFTQ1GVPKzvOYsi1ApIw,818,8,0,1,1,3.362,9.84,375.0
2LJj15M_KaY,UCc-V01UlW1n8eGLpATLA5gw,163,1,0,0,0,0.155,7.52,279.0
2LufyQhq5SE,UC82nFsZOjs5Tr96upPPq9Ww,2,0,0,0,0,0.0,68.31,50.0
2MIUC2nHHHI,UCZFs3JqsRIqtqYgo4HahDUQ,529,0,0,0,0,0.35,2.1,150.2
2Md5WWC2thA,UCnwjt6PgkKuZC4S1A0yTOFQ,15,0,0,0,0,0.001,1.82,21.8
2O0tbTdSxFc,UCeVTtB1kN607CxFrFkiqjgQ,2,0,0,0,0,0.002,1.48,28.0
2OQjBt5DGJQ,UC80LfoIH6FrzHTm6lXTWCKQ,5,0,0,0,0,0.003,17.11,215.0
2Ofk6b00vqw,UCL_RZ1IidYQkVQxfimfnPSQ,55,2,0,0,0,0.002,31.71,8.0
2PaM-AVVmMo,UCZFs3JqsRIqtqYgo4HahDUQ,42,0,0,0,0,0.0,45.43,13.79
2PfL2ijy9tw,UCSlOhfr5f-RPRP50yRri1uA,786,12,0,0,0,0.046,59.35,27.59
2PvMxAgBbVA,UCMGKZD9ggu_Pfo4dkL47cXQ,15,0,0,0,0,0.002,85.31,14.2
2Q7xLgSilag,UC82nFsZOjs5Tr96upPPq9Ww,127,1,0,0,0,0.131,3.19,169.18
2QJOurnBlXg,UCxfDVRNK6SoN59v_t3ZJ33A,2,0,0,0,0,0.0,0.0,0.0
2QWbvWCJbZE,UCL_RZ1IidYQkVQxfimfnPSQ,21,0,0,0,0,0.092,17.09,334.0
2Qr6FFnedzA,UCxfDVRNK6SoN59v_t3ZJ33A,13,-1,0,0,0,0.031,2.42,184.69
2RSq2UF7Igk,UCSlOhfr5f-RPRP50yRri1uA,160,1,0,0,0,0.225,5.23,89.4
2RrpyTAwGCE,UCxfDVRNK6SoN59v_t3ZJ33A,2,0,0,0,0,0.0,2.19,18.0
2SgwDu0zbAw,UCsbnInDepLdq6o781WVZ-5g,11,0,0,0,0,0.0,43.52,23.27
2SqU7O_GUmY,UCl_Nqhf2SGNwv4uvbvs3upg,37,0,0,2,0,0.119,2.33,147.0
2UjhSD2lTW4,UCLQ4NoTptaCDG4nUvDLtUoQ,1,0,0,0,0,0.0,6.31,5.0
2V-HtfTbGEU,UCsbnInDepLdq6o781WVZ-5g,3,0,0,0,0,0.0,27.04,6.67
2VMW0Y0rUbY,UCnwjt6PgkKuZC4S1A0yTOFQ,546,0,0,0,0,0.0,1.37,22.2
2Wgkco8BONM,UCnwjt6PgkKuZC4S1A0yTOFQ,1,0,0,0,0,0.0,15.27,8.0
2XVE2db2q5s,UCm3RYOItKT_P0-oRCkkSMZw,2,0,0,0,0,0.0,0.87,14.0
2Y-3oi9Da-w,UCxxl4xdZZqRSSz2VfnFBhwA,11,0,0,0,0,0.0,2.33,2.55
2YJOrX7Jxxg,UCTqUiADoXl9Cq74vCP4FJCQ,28,0,0,0,1,0.034,1.2,84.0
2Yn7tt59rzg,UCxhHKduxLRNAOC_GUHPPf1Q,95,2,0,0,1,0.026,3.89,87.72
2ZMfE6dRKzk,UCP4STX85lq_fpEtvQcq_5fw,133,0,0,0,0,0.035,29.04,93.0
2_SSzG64LAs,UC2IjY1Gm6b7pYp-vMJ2R9ig,123,4,0,0,1,0.28,10.51,185.9
2bqu84xs4-4,UCZFs3JqsRIqtqYgo4HahDUQ,283,1,0,0,1,0.001,45.05,14.48
2cde7bRsrvo,UCT7ZxKrKqxBvAODr8h_ODkA,20,-1,0,0,0,0.024,17.65,188.8
2coErxjFPF0,UCk2O5vfW3c_W5YWQ_BoD1Ug,216,2,0,0,0,0.018,121.9,57.0
2cxNUd_Zxm0,UCSlOhfr5f-RPRP50yRri1uA,96,1,0,0,0,0.066,5.02,375.36
2dv4AH7ffRw,UC0GVHmLgrxE2SS8F0C19JVg,10,0,0,0,0,0.002,116.49,16.8
2e0V4E_6NR4,UCT7ZxKrKqxBvAODr8h_ODkA,3,0,0,0,0,0.0,79.17,23.0
2fjrmfZqxPg,UCxfDVRNK6SoN59v_t3ZJ33A,88,0,0,0,0,0.007,54.49,67.98
2g2PFKAVS80,UCpUrAXv2lzGxM4plYB7CE-A,151489,159,0,159,0,83.452,1.24,61.06
2gExrPCK31Q,UCnwjt6PgkKuZC4S1A0yTOFQ,1937,22,0,2,11,1.342,16.89,331.48
2glXC5MAJEI,UC80LfoIH6FrzHTm6lXTWCKQ,31,0,0,0,0,0.048,7.79,95.0
2h2TNLeWK14,UCl_Nqhf2SGNwv4uvbvs3upg,9,0,0,0,0,0.06,9.43,534.0
2i7k9OBw6XU,UCIg97fCjw1HnS8vPqwiHLGA,484,0,0,1,0,1.187,0.94,41.55
2iySrrsP4Xw,UC2jHP3YhgMucr6UlgFzRhbA,2828,14,0,0,3,0.153,48.24,14.0
2jbfRMDM-WQ,UCZem4a64VnhfA4CBw9vM2bg,11,0,0,0,0,0.001,103.67,27.45
2jd6JVES0k0,UCSlOhfr5f-RPRP50yRri1uA,204,1,0,0,0,0.005,29.9,15.52
2jxVw_sV7EE,UCHONLLEtQ4f9yoqa1BWlhSg,3,0,0,0,0,0.0,1.88,27.0
2kD_TwkHAeQ,UCl_Nqhf2SGNwv4uvbvs3upg,1565,4,0,2,0,1.393,3.42,211.0
2l1U-yNvRO0,UC77WdDKy6cbCxZkC46eaudA,6,0,0,0,0,0.0,13.71,133.0
2lZVe0KvrWA,UCVRU0wQxaEQdq0CKQHfifZg,1659,1,0,0,0,2.372,1.29,48.24
2lw0l3FxEtk,UCm3RYOItKT_P0-oRCkkSMZw,19,1,0,0,1,0.001,86.02,13.89
2lwNP21UTJ8,UCSlOhfr5f-RPRP50yRri1uA,148,0,0,0,0,0.002,35.24,15.78
2mE9yHvVEHk,UCkIOcyGqKTJMIIyFHJunYDA,1560,1,0,0,0,0.035,52.52,15.5
2moqJlQ0YE8,UCLQ4NoTptaCDG4nUvDLtUoQ,66,0,0,0,0,0.217,2.08,154.36
2mx3DHdT4II,UCxxl4xdZZqRSSz2VfnFBhwA,1011,14,0,0,1,0.162,76.22,24.0
2oi17BLVlGI,UC2IjY1Gm6b7pYp-vMJ2R9ig,11,0,0,0,0,0.013,2.72,34.82
2phLSfcN5Mw,UCxfDVRNK6SoN59v_t3ZJ33A,2,0,0,0,0,0.0,0.0,0.0
2r--pKozFj0,UC8Fm-ogvMehvbgF0BJjKiuQ,1,0,0,0,0,0.0,0.65,11.0
2rxw5M04SIo,UCSlOhfr5f-RPRP50yRri1uA,214,0,0,0,0,0.003,38.52,15.0
2s-rVqk_Qvs,UCZFs3JqsRIqtqYgo4HahDUQ,4074,6,0,6,5,7.501,2.09,153.6
2sIjkIHtIVU,UCZFs3JqsRIqtqYgo4HahDUQ,111,0,0,0,0,0.01,80.41,26.14
2so4B_YdYUQ,UCsbnInDepLdq6o781WVZ-5g,36,0,0,0,0,0.003,2.38,71.61
2tLAF_hIgrk,UCnwjt6PgkKuZC4S1A0yTOFQ,29,0,0,0,0,0.015,7.32,197.48
2tcndPINY_o,UCIg97fCjw1HnS8vPqwiHLGA,32,0,0,0,0,0.004,94.19,12.59
2vT0T_0-JHg,UCT7ZxKrKqxBvAODr8h_ODkA,2,0,0,0,0,0.0,0.06,0.5
2vasqCDhgb4,UCk2O5vfW3c_W5YWQ_BoD1Ug,223,3,0,0,0,0.018,43.96,24.29
2vmm5KGyM70,UCbnCFV5_c-nGiEQN1anEO5A,3,0,0,0,0,0.004,1.46,16.0
2wSjvmOuSX4,UCf3lAEw_WPtcgHMUVAunzSw,23093,61,2,29,17,53.138,1.68,135.95
2wZTUMHqv4s,UCZFs3JqsRIqtqYgo4HahDUQ,439,1,0,0,1,0.016,59.43,17.52
2xzrfB1kKKk,UCOfo1ycUYYsMkBRS56TSo3Q,815,0,0,0,0,1.621,6.03,384.9
2zJZEdW5iDk,UC80LfoIH6FrzHTm6lXTWCKQ,5,0,0,0,0,0.0,0.99,14.0
2ze0111rAp0,UCxhHKduxLRNAOC_GUHPPf1Q,1,0,0,0,0,0.0,23.0,13.0
3-HiwtmJRHA,UCHONLLEtQ4f9yoqa1BWlhSg,6,0,0,0,0,0.047,6.12,120.0
3-IDdNijHT8,UCm3RYOItKT_P0-oRCkkSMZw,10,0,0,0,0,0.002,42.7,7.3
30Q_-xu6Qt8,UCdtOFTQ1GVPKzvOYsi1ApIw,8,0,0,0,0,0.0,0.87,46.0
30wvroFxT2I,UCqbTAXnwXspcNb7l3UqrOHQ,153,1,0,2,0,0.396,29.82,208.24
310n4EyrrG8,UCnwjt6PgkKuZC4S1A0yTOFQ,1,0,0,0,0,0.001,14.11,17.0
31Zu0YhwtAs,UCxfDVRNK6SoN59v_t3ZJ33A,1,0,0,0,0,0.001,2.88,5.0
33DO_Ovw2ek,UCsbnInDepLdq6o781WVZ-5g,4,0,0,0,0,0.001,10.21,7.0
33I9VmpBCqM,UCf3lAEw_WPtcgHMUVAunzSw,16,0,0,0,0,0.001,78.39,47.5
33dGAW3HN8E,UCxxl4xdZZqRSSz2VfnFBhwA,3,0,0,0,0,0.0,0.0,0.0
347eTgKki5I,UCJw9px5fOp-nwJG6g4gN1ng,1594,13,0,0,0,0.056,58.16,17.0
34FtDoChrpE,UCxfDVRNK6SoN59v_t3ZJ33A,1,0,0,0,0,0.003,1.86,26.0
34Lwurcph3o,UCeVTtB1kN607CxFrFkiqjgQ,228,3,0,0,2,0.401,9.55,215.27
34QngV3ixuo,UCTqUiADoXl9Cq74vCP4FJCQ,1901,17,0,1,8,0.122,41.59,25.78
35FZRfV_VR8,UC77WdDKy6cbCxZkC46eaudA,653,9,0,0,1,0.388,9.12,156.64
35fjtZ34WC4,UCAkSxwl8Lbk2hBXAAfsEFTA,2,0,0,0,0,0.0,51.39,214.0
36k1z5DWP00,UC49-b-BhbYoG54YNkwmzg8w,157,0,0,0,0,0.037,0.92,58.42
38CRzgL-1PY,UCxxl4xdZZqRSSz2VfnFBhwA,548,7,0,0,0,3.092,10.09,217.28
38ND8QHnOgQ,UCnwjt6PgkKuZC4S1A0yTOFQ,1,0,0,0,0,0.001,98.09,35.0
38g-e289FTA,UCxxl4xdZZqRSSz2VfnFBhwA,27,0,0,0,0,0.06,12.19,145.85
38hDmcGMt7Q,UCc-V01UlW1n8eGLpATLA5gw,1,0,0,0,0,0.0,0.0,0.0
38uTXARAG2U,UCLQ4NoTptaCDG4nUvDLtUoQ,46,0,0,0,0,0.029,4.55,78.61
39PXIUXcDlA,UC77WdDKy6cbCxZkC46eaudA,21,2,0,0,0,0.02,4.11,66.14
3AO7z_uG5iI,UC2IjY1Gm6b7pYp-vMJ2R9ig,14,0,0,0,0,0.0,29.24,292.29
3AZM3dqtAyo,UCHONLLEtQ4f9yoqa1BWlhSg,3,0,0,0,0,0.001,1.35,23.0
3AkkqIDB95U,UCSlOhfr5f-RPRP50yRri1uA,54,0,0,0,0,0.001,29.38,9.0
3B9L4oR5SVg,UCpUrAXv2lzGxM4plYB7CE-A,51,1,0,0,0,0.002,53.03,19.0
3CxZwtyv5_I,UCJyOxDvifY5Xw18aNm_I8YQ,60,1,0,0,0,0.0,35.15,34.0
3Ev63yDqRnE,UCTGoaBFABIBLXcqXzCM5D3A,4136,6,1,0,2,0.0,28.36,11.87
3Fj91LcY--c,UCeVTtB1kN607CxFrFkiqjgQ,12,0,0,0,0,0.003,49.27,29.67
3GH9tqPf8Tw,UCeVTtB1kN607CxFrFkiqjgQ,2735,28,1,0,5,0.402,61.89,19.0
3GL-PTGhFD8,UCJw9px5fOp-nwJG6g4gN1ng,2507,21,0,0,4,0.054,71.01,20.44
3HLxgVobulQ,UCHONLLEtQ4f9yoqa1BWlhSg,1,0,0,0,0,0.0,0.11,1.0
3IGJ66D01qo,UC82nFsZOjs5Tr96upPPq9Ww,4,0,0,0,0,0.0,0.24,13.0
3IN6Nud8JuQ,UC2IjY1Gm6b7pYp-vMJ2R9ig,4,0,0,0,0,0.0,0.0,0.0
3KT1UorAma8,UCxhHKduxLRNAOC_GUHPPf1Q,9,0,0,0,0,0.0,44.37,16.67
3LEQ8pMX6uQ,UC8gDq5ENmiVuJZIVsiZbQ8g,0,0,0,0,0,0.0,0.0,0.0
3Lq7XUt3M10,UCxfDVRNK6SoN59v_t3ZJ33A,1,0,0,0,0,0.0,0.0,0.0
3M2aE0KI4T4,UCp013Ih_EWf3SXO8F4ftIwQ,49,0,0,0,0,0.08,0.91,44.0
3NGNOOzZhlQ,UCSlOhfr5f-RPRP50yRri1uA,94,0,0,0,0,0.003,36.61,10.94
3Nvw_QHuTvo,UCxfDVRNK6SoN59v_t3ZJ33A,132,0,0,0,0,0.366,12.64,177.27
3Ol1NRh20OY,UCLQ4NoTptaCDG4nUvDLtUoQ,804,2,0,0,0,0.079,45.08,19.0
3P1HBwYQ7kE,UCSlOhfr5f-RPRP50yRri1uA,0,0,0,0,0,0.0,0.0,0.0
3PCcgNvvmUI,UCk2O5vfW3c_W5YWQ_BoD1Ug,21850,170,0,7,12,1.94,63.73,36.7
3Pn6MGiQf-M,UC80LfoIH6FrzHTm6lXTWCKQ,6,0,0,0,0,0.002,36.31,35.0
3Q0xQowAv34,UCAkSxwl8Lbk2hBXAAfsEFTA,1,0,0,0,0,0.001,0.06,4.0
3QxrnLkecp8,UC80LfoIH6FrzHTm6lXTWCKQ,41,1,0,0,0,0.006,75.17,47.0
3R5jb4gXbHY,UCTGoaBFABIBLXcqXzCM5D3A,3410,23,0,0,1,0.0,53.93,17.57
3RB-27ybci0,UCAkSxwl8Lbk2hBXAAfsEFTA,0,0,0,0,0,0.0,0.0,0.0
3RCaUYoxE90,UCTGoaBFABIBLXcqXzCM5D3A,11,0,0,0,0,0.0,56.36,18.27
3RIvGRm1PEM,UC8gDq5ENmiVuJZIVsiZbQ8g,14,0,0,0,0,0.029,3.08,47.36
3RPMj1WvYIo,UCk2O5vfW3c_W5YWQ_BoD1Ug,383,6,0,0,1,0.03,55.38,38.0
3Rj79Kp5DYE,UCT7ZxKrKqxBvAODr8h_ODkA,65,0,0,0,0,0.007,11.75,196.58
3SmsVf6voOE,UCEFB0gMdnD1NyiZaedHg2hQ,77,2,0,0,0,0.069,12.53,69.53
3VHnljAe3Ls,UCVRU0wQxaEQdq0CKQHfifZg,3220,30,2,9,8,3.52,5.2,289.13
3VTrXItlQdA,UCf3lAEw_WPtcgHMUVAunzSw,12553,81,1,0,9,0.655,48.99,14.4
3VuluHqe4Rc,UCxxl4xdZZqRSSz2VfnFBhwA,25,0,0,0,0,0.104,10.3,215.52
3XR-WDbdvpc,UCZem4a64VnhfA4CBw9vM2bg,477,6,0,1,0,0.048,57.51,44.13
3ZZzd0lkpBU,UCk2O5vfW3c_W5YWQ_BoD1Ug,3,0,0,0,0,0.003,5.22,71.0
3ZoMmAQ3sbo,UC2IjY1Gm6b7pYp-vMJ2R9ig,16,0,0,0,0,0.021,12.63,151.12
3_XoZGlwmNs,UC2IjY1Gm6b7pYp-vMJ2R9ig,7,0,0,0,0,0.0,0.93,3.0
3_kabHtlREE,UCkIOcyGqKTJMIIyFHJunYDA,649,2,0,0,0,0.017,53.76,16.0
3alEBOFDvFY,UCf3lAEw_WPtcgHMUVAunzSw,212,5,0,0,0,0.564,2.93,207.16
3ar-RW1a1S0,UCk2O5vfW3c_W5YWQ_BoD1Ug,16519,179,1,5,8,0.994,70.72,34.5
3cNYj9JifZQ,UC80LfoIH6FrzHTm6lXTWCKQ,3,0,0,0,0,0.006,12.56,75.0
3e8fJCR80vw,UCxxl4xdZZqRSSz2VfnFBhwA,17,0,0,0,0,0.003,29.2,47.88
3elZeKkuFcA,UCIg97fCjw1HnS8vPqwiHLGA,27,0,0,0,0,0.009,4.6,175.0
3g0XV3IpNgo,UCAkSxwl8Lbk2hBXAAfsEFTA,1,0,0,0,0,0.0,63.13,40.0
3g3PtBJpDDs,UCk2O5vfW3c_W5YWQ_BoD1Ug,2640,26,0,0,1,0.202,49.34,29.98
3gGAKgTXwS0,UC2IjY1Gm6b7pYp-vMJ2R9ig,2,0,0,0,0,0.0,100.86,57.0
3gWU_EjVqmk,UCZem4a64VnhfA4CBw9vM2bg,76,2,0,1,0,0.17,11.03,187.53
3hDDdMke84k,UCpUrAXv2lzGxM4plYB7CE-A,285474,4000,159,0,161,8.961,75.02,24.99
3hLdM0qqL9o,UCc-V01UlW1n8eGLpATLA5gw,10,0,0,0,0,0.015,7.96,112.0
3jx3U1PLXd8,UC0GVHmLgrxE2SS8F0C19JVg,113,0,0,1,0,0.012,76.07,21.73
3kVcB1Y-o7s,UCEFB0gMdnD1NyiZaedHg2hQ,1069,19,1,0,0,0.087,103.89,20.31
3ku2dTlirLQ,UCsbnInDepLdq6o781WVZ-5g,3,1,0,0,0,0.012,34.34,564.0
3kwmaEDxBr0,UC8gDq5ENmiVuJZIVsiZbQ8g,191,0,0,1,0,1.16,2.35,179.08
3pZ9hfEGgeQ,UC82nFsZOjs5Tr96upPPq9Ww,11856,84,1,22,29,9.337,9.32,370.48
3qFkvAq54rk,UCT7ZxKrKqxBvAODr8h_ODkA,5,0,0,0,0,0.0,25.04,10.0
3qyjFVWA0NA,UCnwjt6PgkKuZC4S1A0yTOFQ,4,0,0,0,0,0.0,1.46,20.25
3r7XR5iyztk,UCJw9px5fOp-nwJG6g4gN1ng,142,3,0,0,1,0.716,3.76,332.46
3rLUET57nZE,UCctSzoeee7KCnR84dZ6IO7w,2,0,0,0,0,0.0,4.34,84.0
3rZ90Ic0tvQ,UC2jHP3YhgMucr6UlgFzRhbA,221,1,0,0,0,0.013,56.94,15.0
3ruGIZmjiEw,UCTqUiADoXl9Cq74vCP4FJCQ,38,0,0,0,0,0.003,54.02,46.89
3spictgXzSY,UC2IjY1Gm6b7pYp-vMJ2R9ig,16,1,0,0,0,0.003,12.55,143.62
3t5JqZOa4S4,UCP4STX85lq_fpEtvQcq_5fw,27,0,0,0,0,0.024,9.17,28.33
3tsoKuu9S7c,UC0GVHmLgrxE2SS8F0C19JVg,9,0,0,0,0,0.022,12.38,160.33
3uWaIhEVwUQ,UC01rTYtA_UsuZ5wzxnyHFcg,92,0,0,0,0,0.212,10.92,225.87
3u_i74sBEbI,UC2IjY1Gm6b7pYp-vMJ2R9ig,118,0,0,0,0,0.143,9.42,140.5
3v8XhZ0Zt3Q,UCTqUiADoXl9Cq74vCP4FJCQ,1,0,0,0,0,0.0,30.29,10.0
3veuBIswMgg,UCxxl4xdZZqRSSz2VfnFBhwA,29,0,0,0,0,0.005,40.74,34.03
3xxZZc1_UnQ,UC77WdDKy6cbCxZkC46eaudA,1715,11,1,4,6,1.265,13.85,86.16
3zGSyo2EmHM,UCf3lAEw_WPtcgHMUVAunzSw,6591,25,0,7,15,2.976,12.04,214.55
3zb4oEqqcKk,UCxhHKduxLRNAOC_GUHPPf1Q,55,1,0,0,0,0.083,7.96,344.4
3zo2iwseXko,UCdtOFTQ1GVPKzvOYsi1ApIw,1,0,0,0,0,0.0,0.0,0.0
3zpGyTdbySQ,UCSlOhfr5f-RPRP50yRri1uA,59,0,0,0,0,0.002,32.83,28.9
40aIfZosxgk,UCm3RYOItKT_P0-oRCkkSMZw,297,-1,0,0,0,0.308,10.17,171.68
41WAlWgRbZ4,UCkIOcyGqKTJMIIyFHJunYDA,13717,125,1,3,21,0.758,70.53,24.0
41Wa2bpWmm4,UC2IjY1Gm6b7pYp-vMJ2R9ig,2018,12,0,7,3,1.419,1.88,136.79
41WuINsem-o,UCT7ZxKrKqxBvAODr8h_ODkA,2,0,0,0,0,0.006,0.88,7.5
42Bb6EGWKZw,UCxfDVRNK6SoN59v_t3ZJ33A,115,0,0,0,0,0.125,30.69,158.35
42UyKfddSYQ,UC8Fm-ogvMehvbgF0BJjKiuQ,1,0,0,0,0,0.0,18.89,5.0
43FGAr9LC88,UCZem4a64VnhfA4CBw9vM2bg,39,0,0,0,0,0.007,61.82,20.0
43R6_SnmVNY,UC0GVHmLgrxE2SS8F0C19JVg,76,2,0,0,0,0.403,18.14,307.63
43WbGZkxn1g,UChhBhc7qJ42rgzAIPe9z6Cg,7,0,0,0,0,0.002,2.62,18.86
43XjyJfHvGY,UC77WdDKy6cbCxZkC46eaudA,2,0,0,0,0,0.0,4.0,54.0
43vnN80UiX0,UCdtOFTQ1GVPKzvOYsi1ApIw,3,0,0,0,0,0.0,0.0,0.0
44ANADqPrWo,UCpUrAXv2lzGxM4plYB7CE-A,12,0,0,0,0,0.0,0.0,0.0
465hAlbvJF0,UCLQ4NoTptaCDG4nUvDLtUoQ,53,0,0,1,0,0.037,18.79,34.47
47NtZBdJwdI,UCl_Nqhf2SGNwv4uvbvs3upg,47,0,0,0,0,0.001,75.22,24.0
47W5Tx2HafE,UC2IjY1Gm6b7pYp-vMJ2R9ig,4,0,0,0,0,0.001,11.6,181.0
48_WYmxgZuw,UC77WdDKy6cbCxZkC46eaudA,81,0,0,0,0,0.009,3.8,34.48
48zD76noh6g,UCbnCFV5_c-nGiEQN1anEO5A,17,0,0,0,0,0.0,0.22,3.53
492DDaqJ0bo,UCf3lAEw_WPtcgHMUVAunzSw,1,0,0,0,0,0.0,0.0,0.0
49OSgQzJU_E,UCnwjt6PgkKuZC4S1A0yTOFQ,2,0,0,0,0,0.0,5.71,7.0
4A8g3SqCAzw,UCm3RYOItKT_P0-oRCkkSMZw,1,0,0,0,0,0.0,0.81,15.0
4AQVxs_NsD0,UCm3RYOItKT_P0-oRCkkSMZw,22,0,0,0,0,0.002,105.97,16.0
4B2FvtLXSS4,UCbnCFV5_c-nGiEQN1anEO5A,1,0,0,0,0,0.0,2.13,30.0
4BEJVT66GAE,UC0GVHmLgrxE2SS8F0C19JVg,1912,11,0,2,4,8.791,24.64,340.38
4C5djq7mr88,UCxfDVRNK6SoN59v_t3ZJ33A,1,0,0,0,0,0.0,0.0,0.0
4CN-8N_JwMs,UCnwjt6PgkKuZC4S1A0yTOFQ,722,0,0,0,0,0.091,15.58,278.59
4CNecPA4VP8,UCSlOhfr5f-RPRP50yRri1uA,357,0,1,1,0,0.669,1.86,139.52
4ChChwc2UQ4,UC0GVHmLgrxE2SS8F0C19JVg,2621,20,0,4,10,6.026,16.47,302.98
4D_5L2UXARg,UC2jHP3YhgMucr6UlgFzRhbA,878,5,0,0,0,0.002,49.45,12.0
4DpjdtaSOos,UCVRU0wQxaEQdq0CKQHfifZg,428,5,0,0,1,0.546,7.0,274.16
4ENUwWqMrDU,UC2IjY1Gm6b7pYp-vMJ2R9ig,2,0,0,0,0,0.0,101.02,53.0
4EwxGE0f6s0,UCAkSxwl8Lbk2hBXAAfsEFTA,0,0,0,0,0,0.0,0.0,0.0
4EyOwNy6jqA,UCnwjt6PgkKuZC4S1A0yTOFQ,126,0,0,0,0,0.033,14.12,198.38
4H7JwKtIXHo,UCf3lAEw_WPtcgHMUVAunzSw,172,1,0,0,0,0.166,1.76,69.5
4HtN3jnuR8M,UCZem4a64VnhfA4CBw9vM2bg,1259,20,2,0,2,0.134,87.53,27.58
4I3Kp0YFb0A,UCxhHKduxLRNAOC_GUHPPf1Q,13,0,0,0,0,0.012,15.66,304.15
4I9w41DhxkY,UC0GVHmLgrxE2SS8F0C19JVg,44,0,0,0,0,0.292,31.08,242.2
4Iuaua32YqI,UCAkSxwl8Lbk2hBXAAfsEFTA,0,0,0,0,0,0.0,0.0,0.0
4J1kM8bxJj4,UCxfDVRNK6SoN59v_t3ZJ33A,2,0,0,0,0,0.0,0.79,9.5
4J6NuDaSwJs,UCeVTtB1kN607CxFrFkiqjgQ,1,0,0,0,0,0.001,0.41,5.0
4Jb9hGl_Cek,UCLQ4NoTptaCDG4nUvDLtUoQ,12,0,0,0,0,0.008,0.26,18.67
4KrZAgn4p2c,UCqbTAXnwXspcNb7l3UqrOHQ,341,5,0,0,0,0.042,81.99,24.45
4L587O1q34Y,UCpUrAXv2lzGxM4plYB7CE-A,78982,321,0,0,0,2.88,105.19,32.91
4LJAdS494iU,UCxxl4xdZZqRSSz2VfnFBhwA,80,0,0,0,0,0.017,9.76,84.44
4LM1k_9RGqs,UCxfDVRNK6SoN59v_t3ZJ33A,7,0,0,0,0,0.002,15.14,219.29
4LUDC8Ci31w,UCdtOFTQ1GVPKzvOYsi1ApIw,45,2,0,0,0,0.08,1.11,80.0
4LuTD6-gxvM,UCdtOFTQ1GVPKzvOYsi1ApIw,13509,498,0,0,0,24.233,13.33,232.22
4M38brbeipk,UCsbnInDepLdq6o781WVZ-5g,7,0,0,0,0,0.001,77.76,20.14
4MVcTDopauw,UCMGKZD9ggu_Pfo4dkL47cXQ,89,1,0,0,0,0.012,74.47,31.56
4McSVR4Us0Q,UCeVTtB1kN607CxFrFkiqjgQ,1912,27,1,0,1,0.194,80.11,22.58
4OsrDGsmzgA,UCZem4a64VnhfA4CBw9vM2bg,20,0,0,0,0,0.003,38.18,26.4
4Q-MlhDOhOM,UCxxl4xdZZqRSSz2VfnFBhwA,13,0,0,0,0,0.003,41.65,11.08
4QJnvSafvUQ,UCL_RZ1IidYQkVQxfimfnPSQ,7,1,0,0,0,0.001,26.84,5.0
4QRVPefTA5k,UC49-b-BhbYoG54YNkwmzg8w,3,0,1,0,0,0.0,0.68,10.33
4QZgttmmSW8,UCxfDVRNK6SoN59v_t3ZJ33A,12,0,0,0,0,0.001,16.8,12.17
4QpyV0Ptzdc,UCxxl4xdZZqRSSz2VfnFBhwA,395,2,0,0,0,1.545,9.58,212.43
4RB3UovbwaE,UCIg97fCjw1HnS8vPqwiHLGA,2,0,0,0,0,0.0,5.52,57.0
4RQQXVrX2io,UCk2O5vfW3c_W5YWQ_BoD1Ug,301,1,0,0,0,0.012,64.9,29.14
4SelqoXsxF0,UCxhHKduxLRNAOC_GUHPPf1Q,6,0,0,0,0,0.011,7.73,339.5
4Sua6JL1EmY,UCxxl4xdZZqRSSz2VfnFBhwA,3,0,0,0,0,0.008,4.24,72.67
4Sz8XPfcTBk,UCIg97fCjw1HnS8vPqwiHLGA,22,0,0,0,0,0.028,11.48,190.41
4TF4aC3SrDA,UCSlOhfr5f-RPRP50yRri1uA,30,0,0,0,0,0.065,7.81,97.67
4TV-Gc3hjIs,UCIg97fCjw1HnS8vPqwiHLGA,1,0,0,0,0,0.0,0.0,0.0
4Tjggrxngsk,UCmhHN34V-dphAOk3RXxjb0g,320,0,0,0,0,0.0,5.34,203.72
4Tl9lqIgmJ0,UCxxl4xdZZqRSSz2VfnFBhwA,48,2,0,0,0,0.151,7.89,133.25
4UAAWG5BhQY,UCeVTtB1kN607CxFrFkiqjgQ,53,0,0,0,0,0.004,63.41,47.47
4UfKlhut484,UCdtOFTQ1GVPKzvOYsi1ApIw,1,0,0,0,0,0.0,3.89,73.0
4Uve7nr7lwc,UCJw9px5fOp-nwJG6g4gN1ng,78,1,0,0,0,0.007,77.84,21.0
4VAPF5kUHEI,UCnwjt6PgkKuZC4S1A0yTOFQ,3,0,0,0,0,0.0,23.42,276.33
4V_E9tSTB6Y,UCsbnInDepLdq6o781WVZ-5g,66,1,0,0,0,0.012,2.13,33.73
4WiNd1hjUYo,UCZem4a64VnhfA4CBw9vM2bg,178,2,0,0,0,0.014,72.53,21.25
4XL7JtqC9eM,UCOfo1ycUYYsMkBRS56TSo3Q,3268,21,0,1,6,3.849,6.01,265.48
4XekPqpxkhI,UCxfDVRNK6SoN59v_t3ZJ33A,1,0,0,0,0,0.0,0.0,0.0
4YZp1L1e5mU,UCxxl4xdZZqRSSz2VfnFBhwA,75,2,0,0,0,0.014,42.97,31.72
4YlCYNdUyw4,UCMGKZD9ggu_Pfo4dkL47cXQ,16,0,0,0,0,0.056,10.16,126.62
4Yx7iKOUuX0,UCk2O5vfW3c_W5YWQ_BoD1Ug,319,4,0,0,0,0.026,61.3,30.52
4a7oIuQcZ7U,UCSlOhfr5f-RPRP50yRri1uA,300,1,0,0,0,0.01,46.38,29.0
4aOBvqbrzXU,UC0GVHmLgrxE2SS8F0C19JVg,74,1,0,0,0,0.242,16.52,128.74
4bw_BfEeSgg,UC2IjY1Gm6b7pYp-vMJ2R9ig,5,0,0,0,0,0.002,5.05,61.2
4c4X3iTcWRA,UC2IjY1Gm6b7pYp-vMJ2R9ig,13318,54,4,26,25,20.221,7.43,574.0
4cW-VwDPcoU,UCmhHN34V-dphAOk3RXxjb0g,1092,6,0,0,2,0.965,9.65,383.0
4cvc2-BqKQ4,UCnwjt6PgkKuZC4S1A0yTOFQ,61,-1,0,0,0,0.011,8.16,157.05
4db8-3j27qI,UCMGKZD9ggu_Pfo4dkL47cXQ,22,0,0,0,0,0.003,52.71,13.27
4f7og_WyVl4,UCZem4a64VnhfA4CBw9vM2bg,100,1,0,0,0,0.013,67.12,37.8
4gXFWsLgy64,UCnwjt6PgkKuZC4S1A0yTOFQ,189,0,0,0,0,0.001,1.8,1.43
4j9FTHfr_jc,UCm3RYOItKT_P0-oRCkkSMZw,4,0,0,0,0,0.0,24.0,363.75
4jlNUDw64bM,UCAkSxwl8Lbk2hBXAAfsEFTA,2,0,0,0,0,0.0,0.0,0.0
4kF7JxfRrVw,UCxhHKduxLRNAOC_GUHPPf1Q,23,0,0,0,0,0.012,13.3,280.57
4lKHUlxHAA8,UC01rTYtA_UsuZ5wzxnyHFcg,2,0,0,0,0,0.0,0.0,0.0
4lWWajaT-VY,UCeVTtB1kN607CxFrFkiqjgQ,87,2,0,0,0,0.009,63.9,20.84
4mO2klGDyUQ,UCSlOhfr5f-RPRP50yRri1uA,17,0,0,0,0,0.0,66.91,58.88
4nzNuz2ncAI,UCdtOFTQ1GVPKzvOYsi1ApIw,1,0,0,0,0,0.0,91.49,79.0
4o4Dez89iJI,UCnwjt6PgkKuZC4S1A0yTOFQ,21,0,0,0,0,0.002,52.98,44.95
4odz3W9vqEM,UCc-V01UlW1n8eGLpATLA5gw,680,2,0,2,0,0.263,4.33,177.0
4p9AKWpyPS0,UCJw9px5fOp-nwJG6g4gN1ng,286,3,0,0,0,0.032,136.36,17.33
4pxbIIruc1E,UCZem4a64VnhfA4CBw9vM2bg,29,1,0,0,0,0.003,40.21,45.48
4qdGkVS0iP0,UCZem4a64VnhfA4CBw9vM2bg,299,0,0,0,0,0.02,88.7,21.23
4qhs_BTW7RA,UCxhHKduxLRNAOC_GUHPPf1Q,2,0,0,0,0,0.0,65.66,24.0
4rW548e9M0c,UC77WdDKy6cbCxZkC46eaudA,0,0,0,0,0,0.0,0.0,0.0
4s-j7dGeNPM,UCEFB0gMdnD1NyiZaedHg2hQ,183,4,0,0,0,0.018,40.13,12.57
4sCWNsoYRvI,UCxxl4xdZZqRSSz2VfnFBhwA,2,0,0,0,0,0.001,0.92,19.0
4sMOBgu_ooQ,UCxxl4xdZZqRSSz2VfnFBhwA,371,6,0,0,0,0.054,70.16,21.48
4sOjsKMrvas,UChhBhc7qJ42rgzAIPe9z6Cg,1,0,0,0,0,0.0,2.18,25.0
4ss9XH6nz5k,UC2IjY1Gm6b7pYp-vMJ2R9ig,46,1,0,0,1,0.012,1.95,123.39
4uH18H00tbg,UCZem4a64VnhfA4CBw9vM2bg,291,8,0,0,0,0.031,72.5,21.64
4uuXRHb-snw,UCnwjt6PgkKuZC4S1A0yTOFQ,463,0,0,0,0,0.093,59.48,20.05
4vSaMy5cLPc,UCp013Ih_EWf3SXO8F4ftIwQ,43,0,0,0,0,0.002,59.02,28.0
4vw4MeoUI-4,UCkIOcyGqKTJMIIyFHJunYDA,233,1,0,0,0,0.062,1.02,68.38
4vzzcUTZUac,UC01rTYtA_UsuZ5wzxnyHFcg,55,2,0,0,0,0.125,5.97,261.55
4wYcF_ZWcyc,UCTqUiADoXl9Cq74vCP4FJCQ,272,1,0,0,0,0.196,0.37,26.5
4xzXihy26Cs,UCl_Nqhf2SGNwv4uvbvs3upg,20,1,0,0,0,0.001,72.88,27.0
4yUYSUoeoRA,UCNkelFxYeQTdVdBzl3yaliw,1104,8,1,0,4,0.308,12.28,127.78
4z2oQzD5Y_A,UCnwjt6PgkKuZC4S1A0yTOFQ,138,2,0,0,0,0.181,8.59,172.19
4zS81oA3B2g,UCZem4a64VnhfA4CBw9vM2bg,99,2,0,0,0,0.016,70.02,18.14
5-Op8UuG98U,UCHONLLEtQ4f9yoqa1BWlhSg,1,0,0,0,0,0.0,6.86,71.0
5-icKX85VSc,UC77WdDKy6cbCxZkC46eaudA,65,0,0,0,0,0.145,7.76,243.54
50fUsrjxBQE,UC2IjY1Gm6b7pYp-vMJ2R9ig,4,0,0,0,0,0.005,14.24,215.5
51k_I7pvdUo,UCJw9px5fOp-nwJG6g4gN1ng,9,0,0,0,0,0.0,2.3,29.67
52fFb6_v-os,UC77WdDKy6cbCxZkC46eaudA,4,0,0,0,0,0.0,54.26,51.0
53J0XEyDkik,UCdtOFTQ1GVPKzvOYsi1ApIw,7,0,0,0,0,0.001,38.21,15.0
53b2SDO8h_4,UCAkSxwl8Lbk2hBXAAfsEFTA,1,0,0,0,0,0.0,0.02,1.0
54pILDvyzoU,UCm3RYOItKT_P0-oRCkkSMZw,3,0,0,0,0,0.0,4.06,51.67
54zzn5__CCo,UC80LfoIH6FrzHTm6lXTWCKQ,10,0,0,0,0,0.036,13.3,482.0
552ENdvzX8Q,UC80LfoIH6FrzHTm6lXTWCKQ,4,0,0,0,0,0.0,5.98,65.0
55ZpuU6azqo,UCxxl4xdZZqRSSz2VfnFBhwA,16,1,0,0,0,0.009,2.89,49.56
564CLIcSSM8,UCxxl4xdZZqRSSz2VfnFBhwA,15,0,0,0,0,0.0,61.87,52.27
57-lLKCIIxY,UC82nFsZOjs5Tr96upPPq9Ww,7,0,0,0,0,0.0,47.93,29.0
575i9bp6eeo,UCMGKZD9ggu_Pfo4dkL47cXQ,138,1,0,0,0,0.005,64.13,35.57
58AgY4hycO0,UC8Fm-ogvMehvbgF0BJjKiuQ,2,0,0,0,0,0.0,0.0,0.0
58LXOy7JXUM,UCdtOFTQ1GVPKzvOYsi1ApIw,805,0,0,0,0,0.001,61.62,56.81
599O4zMFpv8,UCdtOFTQ1GVPKzvOYsi1ApIw,12,0,0,0,0,0.035,7.1,295.0
59sYRkZ5IHc,UCZem4a64VnhfA4CBw9vM2bg,59,1,0,0,0,0.007,69.03,16.59
5AEx6wo8XM4,UCLQ4NoTptaCDG4nUvDLtUoQ,414,1,0,0,0,0.021,38.41,19.06
5AM7u7uZmNQ,UCMGKZD9ggu_Pfo4dkL47cXQ,24074,136,4,10,33,25.244,15.95,165.04
5AwuYnZI-Ss,UCdtOFTQ1GVPKzvOYsi1ApIw,3,0,0,0,0,0.0,1.31,1.0
5CuJe22_RZI,UCxxl4xdZZqRSSz2VfnFBhwA,22,0,0,0,0,0.006,43.5,21.55
5D2VihGRPHs,UCEFB0gMdnD1NyiZaedHg2hQ,32,0,0,0,0,0.014,8.57,102.69
5DuLfush2sg,UCmhHN34V-dphAOk3RXxjb0g,1286,0,0,0,0,0.0,10.74,6.01
5ENDvIA9PIQ,UCsbnInDepLdq6o781WVZ-5g,3,0,0,0,0,0.0,24.78,23.0
5EoqOWuR49I,UCSlOhfr5f-RPRP50yRri1uA,14,0,0,0,0,0.021,3.99,234.86
5GcyJ7xuL_8,UCmhHN34V-dphAOk3RXxjb0g,1770,0,0,0,0,2.707,2.9,124.87
5HeciDcubo8,UC82nFsZOjs5Tr96upPPq9Ww,1294,22,0,1,3,0.101,42.07,18.88
5HrNhqba3Jk,UCXJiqB85OD4gnutvJ-gKHsg,4,0,0,0,0,0.0,2.53,4.5
5HuKD1imovg,UCIg97fCjw1HnS8vPqwiHLGA,1022,21,1,1,1,0.11,54.14,31.44
5ILtRP8WMAM,UCp013Ih_EWf3SXO8F4ftIwQ,534,0,0,0,0,0.019,68.25,19.0
5IuiUOB-hYY,UC2IjY1Gm6b7pYp-vMJ2R9ig,67,1,0,0,0,0.028,6.08,81.43
5IxQ-jSCBrY,UChhBhc7qJ42rgzAIPe9z6Cg,142,0,0,0,0,0.0,16.76,113.97
5J002WhVtMA,UC77WdDKy6cbCxZkC46eaudA,16,0,0,0,0,0.0,54.8,14.56
5JFewECscBk,UCm3RYOItKT_P0-oRCkkSMZw,65,0,0,0,0,0.05,4.82,42.15
5JGGpaa7IH8,UCZem4a64VnhfA4CBw9vM2bg,37,2,0,0,0,0.003,119.52,26.05
5Kuyc7o-zQI,UCkIOcyGqKTJMIIyFHJunYDA,3017,4,0,2,3,13.939,1.59,105.49
5KyXAhPLS2k,UC2IjY1Gm6b7pYp-vMJ2R9ig,9,0,0,0,0,0.026,3.67,36.0
5L_8D-fB6ww,UCZFs3JqsRIqtqYgo4HahDUQ,964,20,0,0,1,0.111,122.48,30.97
5M4MNBdIs7w,UCAkSxwl8Lbk2hBXAAfsEFTA,0,0,0,0,0,0.001,0.0,0.0
5MWF5a3cFkA,UCkIOcyGqKTJMIIyFHJunYDA,17,0,0,0,0,0.0,4.71,1.88
5NF1tD8hFJw,UCZFs3JqsRIqtqYgo4HahDUQ,60,0,0,0,0,0.035,3.53,111.33
5NzucLyDx1w,UCL_RZ1IidYQkVQxfimfnPSQ,2,0,0,0,0,0.0,0.0,0.0
5ORXL3RykgE,UCVRU0wQxaEQdq0CKQHfifZg,2903,7,1,0,5,1.851,2.13,67.28
5QGFhkoSeY8,UC8gDq5ENmiVuJZIVsiZbQ8g,536,6,0,0,1,0.023,66.6,21.31
5QXLEszw2kI,UCk2O5vfW3c_W5YWQ_BoD1Ug,326,6,0,0,0,0.027,65.65,43.7
5Rko6snJxHA,UCp013Ih_EWf3SXO8F4ftIwQ,122,0,0,0,0,0.005,75.44,16.0
5SR5RZh6HXY,UCSlOhfr5f-RPRP50yRri1uA,4,0,0,0,0,0.006,0.23,9.0
5TnBckBQA44,UCxxl4xdZZqRSSz2VfnFBhwA,8,0,0,0,0,0.024,11.02,449.5
5V7T4FOP5Ug,UCSlOhfr5f-RPRP50yRri1uA,31,0,0,0,0,0.001,118.53,95.58
5WmRHi68CEs,UC82nFsZOjs5Tr96upPPq9Ww,3,0,0,0,0,0.0,105.37,70.0
5X1zdE2EUck,UCSlOhfr5f-RPRP50yRri1uA,37,0,0,0,0,0.001,15.68,10.16
5XT_bdkznmo,UCTGoaBFABIBLXcqXzCM5D3A,209,2,0,0,0,0.0,41.35,23.47
5XUtibLUBk8,UCsbnInDepLdq6o781WVZ-5g,41,0,0,0,0,0.11,10.95,170.85
5ZF6EXWfELY,UCJw9px5fOp-nwJG6g4gN1ng,280,8,0,0,0,0.027,75.86,36.38
5_KTqUG0vuI,UCZFs3JqsRIqtqYgo4HahDUQ,351,1,0,0,1,0.991,4.45,273.16
5_Sw-usrFd0,UCSlOhfr5f-RPRP50yRri1uA,1,-1,0,0,0,0.0,0.0,0.0
5bnqVvpAjWk,UCAkSxwl8Lbk2hBXAAfsEFTA,638,3,0,1,1,0.99,6.88,174.0
5cBXgsEjD8Q,UCxxl4xdZZqRSSz2VfnFBhwA,12,0,0,0,0,0.002,42.22,24.5
5cu0Lb5lq1E,UCZem4a64VnhfA4CBw9vM2bg,43,0,0,0,0,0.006,82.09,20.0
5eAHaUfFffg,UCm3RYOItKT_P0-oRCkkSMZw,1,0,0,0,0,0.0,0.51,5.0
5eX58tjlqnw,UCEFB0gMdnD1NyiZaedHg2hQ,348,4,0,0,0,0.031,76.9,19.53
5fl_0NyQArQ,UCSlOhfr5f-RPRP50yRri1uA,10,0,0,0,0,0.0,28.48,18.3
5g6cY_RgLVk,UC2IjY1Gm6b7pYp-vMJ2R9ig,2,0,0,0,0,0.0,24.18,11.0
5hbvBkJYe4w,UCSlOhfr5f-RPRP50yRri1uA,444,4,0,0,0,0.019,56.22,26.48
5idqkI6-fPI,UCLQ4NoTptaCDG4nUvDLtUoQ,4,0,0,0,0,0.0,6.68,435.0
5lUV_CN7dck,UCNkelFxYeQTdVdBzl3yaliw,2840,19,1,5,5,2.546,5.95,221.21
5mRkGZhLpTo,UC77WdDKy6cbCxZkC46eaudA,2,0,0,0,0,0.0,0.83,13.5
5multLdVz6g,UC8gDq5ENmiVuJZIVsiZbQ8g,1349,13,0,0,1,0.068,63.85,20.0
5n8K8rusRg8,UCeVTtB1kN607CxFrFkiqjgQ,354,6,0,0,0,0.017,133.7,14.0
5p2-EyHIlhw,UCL_RZ1IidYQkVQxfimfnPSQ,612,3,0,3,1,0.648,4.01,165.0
5piAr1tzDmw,UCT7ZxKrKqxBvAODr8h_ODkA,16,1,1,0,0,0.0,62.34,25.38
5q1ecxLJEfw,UCctSzoeee7KCnR84dZ6IO7w,57,0,0,0,0,0.032,3.62,75.0
5q6ux-IAtdE,UC77WdDKy6cbCxZkC46eaudA,6,0,0,0,0,0.0,4.76,54.0
5qEEt4JJ1zk,UCdtOFTQ1GVPKzvOYsi1ApIw,9,0,0,0,0,0.026,0.94,34.0
5r5HUeI5EVg,UC80LfoIH6FrzHTm6lXTWCKQ,102,0,0,0,0,0.179,6.78,158.0
5r9SIXm_ZWI,UCl_Nqhf2SGNwv4uvbvs3upg,9,0,0,0,0,0.038,5.37,342.0
5rHLwPjuTTI,UCxxl4xdZZqRSSz2VfnFBhwA,20,0,0,0,0,0.003,50.82,52.65
5sge8jbnRL0,UCm3RYOItKT_P0-oRCkkSMZw,3,0,0,0,0,0.0,2.9,9.0
5tn_-6tm2E0,UCAkSxwl8Lbk2hBXAAfsEFTA,5,0,0,0,0,0.001,53.64,43.0
5uWQeA2NvqU,UCdtOFTQ1GVPKzvOYsi1ApIw,32,0,0,0,0,0.002,70.2,16.0
5v9fFvSRpoY,UC2IjY1Gm6b7pYp-vMJ2R9ig,7,0,0,0,0,0.0,4.96,63.57
5vP08QbpJ2Q,UCl_Nqhf2SGNwv4uvbvs3upg,11,0,0,0,0,0.01,3.98,302.0
5wsIWAfLQHs,UCdtOFTQ1GVPKzvOYsi1ApIw,5248,0,0,0,0,1.496,40.4,37.0
5zRya2xUeW8,UCAkSxwl8Lbk2hBXAAfsEFTA,6,0,0,0,0,0.0,0.15,4.0
5zXHEPHTj5o,UC2IjY1Gm6b7pYp-vMJ2R9ig,0,0,0,0,0,0.0,0.0,0.0
606HILOI0P0,UCLQ4NoTptaCDG4nUvDLtUoQ,3,0,0,0,0,0.0,7.29,12.0
60NhJ86Os9k,UCZem4a64VnhfA4CBw9vM2bg,205,1,0,1,0,1.273,24.92,558.86
60kh1_b76Ng,UCSlOhfr5f-RPRP50yRri1uA,6,0,0,0,0,0.0,0.28,11.5
60sA90Inrmg,UCIg97fCjw1HnS8vPqwiHLGA,162,0,0,0,0,0.014,74.16,13.57
62NHivi0u2s,UCSlOhfr5f-RPRP50yRri1uA,6,0,0,0,0,0.0,8.67,4.0
63aPgAR7I58,UCEFB0gMdnD1NyiZaedHg2hQ,106,3,0,0,0,0.088,4.74,248.13
64CSXUwo2uo,UCnwjt6PgkKuZC4S1A0yTOFQ,8,0,0,0,0,0.0,55.66,33.25
64a0FmWwFUU,UCT7ZxKrKqxBvAODr8h_ODkA,14,0,0,0,0,0.0,65.95,9.71
64rQNmO4EJ4,UCZem4a64VnhfA4CBw9vM2bg,1902,34,0,0,0,0.215,66.84,39.8
66Ar-Ksq35A,UCeVTtB1kN607CxFrFkiqjgQ,96,1,0,0,0,0.007,24.53,30.21
67561cD-aX0,UCxfDVRNK6SoN59v_t3ZJ33A,1,0,0,0,0,0.0,0.05,0.0
68_sYymKvHM,UCHONLLEtQ4f9yoqa1BWlhSg,1,0,0,0,0,0.0,9.25,7.0
69HiF-8EWZA,UC82nFsZOjs5Tr96upPPq9Ww,30,0,0,1,0,0.018,8.34,162.47
69vqzagbyd8,UCZem4a64VnhfA4CBw9vM2bg,284,6,0,0,0,0.035,63.06,42.27
6BkV6mLIHFY,UCf3lAEw_WPtcgHMUVAunzSw,1,0,0,0,0,0.0,34.84,43.0
6CcBR8VDJis,UCEFB0gMdnD1NyiZaedHg2hQ,219,0,0,0,0,0.312,10.54,163.64
6DnjntNZ0GQ,UCEFB0gMdnD1NyiZaedHg2hQ,91,2,0,0,0,0.005,29.35,20.75
6GmF-vGyxck,UCZem4a64VnhfA4CBw9vM2bg,48,0,0,0,0,0.004,45.81,13.44
6ID-vbNiboI,UCVRU0wQxaEQdq0CKQHfifZg,10,0,0,0,0,0.011,0.37,14.2
6IGTidnD_gA,UCSlOhfr5f-RPRP50yRri1uA,5,0,0,0,0,0.0,10.54,12.8
6JoJNyihp5Q,UCxxl4xdZZqRSSz2VfnFBhwA,30,1,0,0,0,0.005,65.68,30.67
6NA8LnOyCoQ,UCxfDVRNK6SoN59v_t3ZJ33A,1,0,0,0,0,0.0,0.0,0.0
6NDta_2uq7s,UCJw9px5fOp-nwJG6g4gN1ng,97,0,0,0,0,0.01,71.85,21.29
6O8S2-TG5iw,UCx08xHWVSQIiujaTJb8HWYg,7428,26,4,2,13,22.768,2.84,198.8
6ONu7UK16Zw,UCHONLLEtQ4f9yoqa1BWlhSg,2,0,0,0,0,0.0,0.06,1.0
6OexQWBF6n0,UCAkSxwl8Lbk2hBXAAfsEFTA,3,0,0,0,0,0.0,0.03,1.0
6Q2N301dOTs,UCp013Ih_EWf3SXO8F4ftIwQ,33,0,0,0,0,0.001,46.59,17.0
6Qc6Rsdess0,UCxxl4xdZZqRSSz2VfnFBhwA,532,6,0,0,0,0.08,66.3,20.43
6RMOMyLswFQ,UCsbnInDepLdq6o781WVZ-5g,13,0,0,0,0,0.04,7.51,361.85
6Rh6Fp1cqqA,UCk2O5vfW3c_W5YWQ_BoD1Ug,22,0,0,0,0,0.028,5.12,75.64
6SZK-Sj3klk,UCLQ4NoTptaCDG4nUvDLtUoQ,117,0,0,0,0,0.347,2.01,156.67
6TN3FwaiGNc,UCnwjt6PgkKuZC4S1A0yTOFQ,3,0,0,0,0,0.001,0.65,7.33
6TNZ4fgD5aA,UCxhHKduxLRNAOC_GUHPPf1Q,36,0,0,0,0,0.04,4.0,137.42
6UIKZOpyTb4,UC2IjY1Gm6b7pYp-vMJ2R9ig,7,0,0,0,0,0.0,88.1,2.0
6UR5_-GKE3Y,UCHONLLEtQ4f9yoqa1BWlhSg,158,1,0,0,0,0.377,11.63,168.54
6USEvqBqrAQ,UCIg97fCjw1HnS8vPqwiHLGA,269,-1,0,1,0,0.63,9.65,211.92
6WBdRCH8WII,UCSlOhfr5f-RPRP50yRri1uA,8,0,0,0,0,0.0,83.85,52.0
6X-clz53ToU,UCAkSxwl8Lbk2hBXAAfsEFTA,3,0,0,0,0,0.001,102.25,104.0
6XzsAhUxgzs,UC82nFsZOjs5Tr96upPPq9Ww,2,0,0,0,0,0.0,44.42,36.0
6Y5js142C-Q,UCk2O5vfW3c_W5YWQ_BoD1Ug,446,2,1,0,3,0.466,23.19,326.63
6YY9UhD1F5M,UCL_RZ1IidYQkVQxfimfnPSQ,3,0,0,0,0,0.001,66.74,8.0
6ZQaZjnutZQ,UC01rTYtA_UsuZ5wzxnyHFcg,1,0,0,0,0,0.0,0.0,0.0
6ZZLKvk_ZTg,UCJw9px5fOp-nwJG6g4gN1ng,76,0,0,0,0,0.008,65.35,17.0
6_EmGPsejaQ,UCxfDVRNK6SoN59v_t3ZJ33A,19,0,0,0,0,0.003,39.68,40.63
6aztQLYk8Ds,UCxxl4xdZZqRSSz2VfnFBhwA,5,0,0,0,0,0.085,15.87,390.2
6bWOPJFV7a8,UCZem4a64VnhfA4CBw9vM2bg,24,0,0,0,0,0.002,54.73,12.5
6c-CQppSdT8,UCHONLLEtQ4f9yoqa1BWlhSg,1,0,0,0,0,0.0,0.0,0.0
6cDJyy2W5TU,UCIg97fCjw1HnS8vPqwiHLGA,57,1,0,0,0,0.007,69.98,15.0
6dF-JBzvUUk,UCIg97fCjw1HnS8vPqwiHLGA,22,0,0,0,0,0.026,22.94,83.55
6ed6gBIzGDo,UCOfo1ycUYYsMkBRS56TSo3Q,570,1,0,0,0,0.344,2.52,148.37
6gmxIMZwxD4,UCnwjt6PgkKuZC4S1A0yTOFQ,35,0,0,0,0,0.003,53.53,16.23
6iuODadgDSI,UCT7ZxKrKqxBvAODr8h_ODkA,5,0,0,0,0,0.003,3.27,36.2
6j1Itw2J3XM,UC8gDq5ENmiVuJZIVsiZbQ8g,100,0,0,0,1,0.101,4.42,359.5
6jvme5t6lmw,UCmhHN34V-dphAOk3RXxjb0g,906,0,0,0,0,0.679,1.29,56.0
6myrq96tG0A,UCJw9px5fOp-nwJG6g4gN1ng,4568,87,2,1,4,0.401,78.73,16.0
6ngX2xv8EoY,UCJw9px5fOp-nwJG6g4gN1ng,291,3,0,0,0,0.022,60.33,17.93
6oDHy8Ysy4c,UCT7ZxKrKqxBvAODr8h_ODkA,17,0,0,0,0,0.004,1.46,64.88
6oe8Z6TlDE8,UCxfDVRNK6SoN59v_t3ZJ33A,5,0,0,0,0,0.001,171.47,116.2
6oiaWmdvZj0,UCLQ4NoTptaCDG4nUvDLtUoQ,141,2,0,2,2,0.152,5.97,146.84
6ojM4_HSTlE,UCpUrAXv2lzGxM4plYB7CE-A,64,1,0,0,0,0.001,64.43,13.0
6otdu4XQuqA,UC82nFsZOjs5Tr96upPPq9Ww,7,0,0,0,0,0.0,28.56,15.14
6pKeBULWvkY,UCTqUiADoXl9Cq74vCP4FJCQ,79,1,0,0,0,0.005,45.66,26.18
6r2yHm9WAuU,UCeVTtB1kN607CxFrFkiqjgQ,24,0,0,0,0,0.07,17.91,118.04
6rB4UYDLK4A,UCTqUiADoXl9Cq74vCP4FJCQ,2,0,0,0,0,0.004,0.82,64.0
6r_AbHN5kXY,UCVRU0wQxaEQdq0CKQHfifZg,49,0,0,0,0,0.025,9.71,17.63
6s_bOKfRQYg,UCxxl4xdZZqRSSz2VfnFBhwA,48,2,0,0,0,0.009,59.69,15.81
6sbjQkbgnDc,UCHONLLEtQ4f9yoqa1BWlhSg,1,1,0,0,0,0.0,0.04,0.0
6uUcq_uTcNc,UCMGKZD9ggu_Pfo4dkL47cXQ,74,1,0,0,0,0.01,52.41,23.45
6v5whuDXsec,UCp013Ih_EWf3SXO8F4ftIwQ,77,1,0,0,0,0.141,2.18,144.0
6wm0P55zMo8,UCLQ4NoTptaCDG4nUvDLtUoQ,3,0,0,0,0,0.0,0.26,15.67
6xna1-okXoQ,UC2IjY1Gm6b7pYp-vMJ2R9ig,24,0,0,0,0,0.059,11.71,207.12
6xq3khElnh4,UC80LfoIH6FrzHTm6lXTWCKQ,4,0,0,0,0,0.001,5.63,3.0
6yMUAYFFvlo,UCeVTtB1kN607CxFrFkiqjgQ,15,0,0,0,0,0.025,9.61,188.8
6yq020zb7fI,UCxfDVRNK6SoN59v_t3ZJ33A,759,5,1,3,2,2.75,4.47,207.59
6zI6Rvn7K5g,UC2IjY1Gm6b7pYp-vMJ2R9ig,2,0,0,0,0,0.006,3.35,48.0
6zUkRmpNp8E,UC2IjY1Gm6b7pYp-vMJ2R9ig,1,0,0,0,0,0.002,0.09,1.0
6zrEkp0hKWI,UC82nFsZOjs5Tr96upPPq9Ww,1,0,0,0,0,0.0,18.51,12.0
6zx80gQgh_g,UCAkSxwl8Lbk2hBXAAfsEFTA,0,0,0,0,0,0.0,0.0,0.0
70Bivb_7HcU,UCL_RZ1IidYQkVQxfimfnPSQ,70697,243,1,4,61,4.42,110.16,20.0
70V9dJDY1Os,UCIg97fCjw1HnS8vPqwiHLGA,2,0,0,0,0,0.0,10.0,34.0
70qd2BHi9pE,UCxhHKduxLRNAOC_GUHPPf1Q,44,0,0,0,0,0.075,4.29,120.36
71C8ZhPjyDI,UC2jHP3YhgMucr6UlgFzRhbA,353,1,0,0,0,0.001,22.37,16.0
724tz7LZ-Us,UCEFB0gMdnD1NyiZaedHg2hQ,14079,64,0,2,39,9.773,13.92,77.95
72IShKmflCw,UC82nFsZOjs5Tr96upPPq9Ww,10,0,0,0,0,0.002,41.29,17.1
72l3fMMWDz4,UCbnCFV5_c-nGiEQN1anEO5A,3,0,0,0,0,0.0,0.0,0.0
73-e577P3LU,UCVRU0wQxaEQdq0CKQHfifZg,101,0,0,0,0,0.189,2.46,110.49
738CVbehbLo,UCxfDVRNK6SoN59v_t3ZJ33A,1,0,0,0,0,0.0,6.76,6.0
73VgCiB2LrE,UCJw9px5fOp-nwJG6g4gN1ng,491,1,0,0,0,0.018,256.79,4.51
75Tig8blBLQ,UCctSzoeee7KCnR84dZ6IO7w,6,0,0,0,0,0.001,40.6,33.0
75bn7edlo7s,UCSlOhfr5f-RPRP50yRri1uA,10,0,0,0,0,0.0,49.06,32.8
76ozZ_CKn5g,UC77WdDKy6cbCxZkC46eaudA,232,2,0,0,0,0.395,9.25,161.15
77eWmK5hNrE,UCvfQU0Npb-ve-LxUlaAN1GA,12,0,0,0,0,0.036,11.02,134.5
79D2D57W7Ok,UCAkSxwl8Lbk2hBXAAfsEFTA,4,0,0,0,0,0.0,98.39,55.0
7AwbMkKq8g4,UCT7ZxKrKqxBvAODr8h_ODkA,7409,55,0,9,24,3.594,7.7,432.97
7C_zgCaj4ec,UC82nFsZOjs5Tr96upPPq9Ww,0,0,0,0,0,0.0,0.0,0.0
7Csjf2PodrQ,UCSlOhfr5f-RPRP50yRri1uA,349,1,0,0,0,0.02,59.23,15.5
7DWlv32ubfU,UCdtOFTQ1GVPKzvOYsi1ApIw,2,0,0,0,0,0.0,0.19,9.0
7GGkgvzuCZs,UCdtOFTQ1GVPKzvOYsi1ApIw,1,0,0,0,0,0.0,0.0,0.0
7GPr5gL-3og,UCnwjt6PgkKuZC4S1A0yTOFQ,1,0,0,0,0,0.0,11.11,7.0
7H-6MQhNIeI,UCxxl4xdZZqRSSz2VfnFBhwA,29,0,0,0,0,0.014,17.05,55.0
7HKWsM-xNpc,UCAkSxwl8Lbk2hBXAAfsEFTA,0,0,0,0,0,0.0,0.0,0.0
7HQ6GTDw1oI,UCJyOxDvifY5Xw18aNm_I8YQ,3,0,0,0,0,0.0,0.0,0.0
7JYs4DgU_JQ,UCxhHKduxLRNAOC_GUHPPf1Q,2,0,0,0,0,0.0,16.85,7.5
7Js3M4dtAY8,UCLQ4NoTptaCDG4nUvDLtUoQ,4,0,0,0,0,0.0,35.04,21.75
7K_YMqSOKhM,UC2jHP3YhgMucr6UlgFzRhbA,738,5,0,0,1,0.016,68.99,22.0
7LQGSrFgmtM,UCxxl4xdZZqRSSz2VfnFBhwA,159,0,0,1,0,0.289,5.52,229.94
7MNTcpEmiHs,UCT7ZxKrKqxBvAODr8h_ODkA,23,0,0,0,0,0.0,6.55,5.22
7NEtOJsAha0,UCvfQU0Npb-ve-LxUlaAN1GA,168,3,0,0,0,0.127,1.08,79.12
7O5P1xOto5o,UC2IjY1Gm6b7pYp-vMJ2R9ig,16,1,0,0,0,0.008,9.88,29.88
7PMaTZUXuj0,UCxxl4xdZZqRSSz2VfnFBhwA,31,1,0,0,0,0.005,75.17,23.03
7POP5cJ9jZc,UC2IjY1Gm6b7pYp-vMJ2R9ig,11,0,0,0,0,0.001,19.57,60.73
7QSBGuoyVRg,UCsbnInDepLdq6o781WVZ-5g,3,0,0,0,0,0.0,2.4,39.0
7Roh7k_uyhw,UC2jHP3YhgMucr6UlgFzRhbA,2047,9,0,4,2,1.453,2.15,161.0
7RxwLUbM8AI,UCLQ4NoTptaCDG4nUvDLtUoQ,301,1,0,0,0,0.299,1.21,108.48
7S2Xb2od7v8,UCc-V01UlW1n8eGLpATLA5gw,4,0,0,0,0,0.0,0.26,15.0
7SRbtAkVJp4,UCT7ZxKrKqxBvAODr8h_ODkA,13,0,0,0,0,0.0,90.68,14.15
7U-9OW4j0GM,UCEFB0gMdnD1NyiZaedHg2hQ,994,6,0,1,2,0.362,15.4,74.49
7V2vQtsNW94,UCp013Ih_EWf3SXO8F4ftIwQ,881,1,0,0,0,0.04,75.4,21.0
7VQusUxhU_I,UC01rTYtA_UsuZ5wzxnyHFcg,2,0,0,0,0,0.0,0.0,0.0
7XZCISU_uyY,UCMGKZD9ggu_Pfo4dkL47cXQ,28,0,0,0,0,0.003,105.47,20.5
7XlwSTn8Sz8,UCvfQU0Npb-ve-LxUlaAN1GA,2610,6,0,0,0,2.397,3.11,44.39
7Y1qO4Gmvlo,UCEFB0gMdnD1NyiZaedHg2hQ,132,2,0,0,0,0.01,60.93,12.41
7Y2e-RUkTG0,UCdtOFTQ1GVPKzvOYsi1ApIw,10728,499,0,0,0,11.483,1.88,26.97
7YtapIU2HHE,UCJw9px5fOp-nwJG6g4gN1ng,81,1,0,0,0,0.095,18.59,191.41
7aF_OaIM8FI,UCHONLLEtQ4f9yoqa1BWlhSg,6,0,0,0,0,0.001,16.58,22.33
7bLtMmi1aY0,UCx08xHWVSQIiujaTJb8HWYg,653,0,0,0,0,0.841,1.1,80.63
7cEP88U60HA,UCT7ZxKrKqxBvAODr8h_ODkA,58,1,0,0,0,0.011,14.93,123.59
7cr3s3oSsCk,UCmhHN34V-dphAOk3RXxjb0g,171,0,0,0,0,0.057,5.89,40.0
7db_8FptFMw,UCLQ4NoTptaCDG4nUvDLtUoQ,290,0,0,0,0,0.537,1.53,93.03
7dsF22qJod8,UC80LfoIH6FrzHTm6lXTWCKQ,7,0,0,0,0,0.009,16.03,49.0
7hGXKbZiBtQ,UCl_Nqhf2SGNwv4uvbvs3upg,39,0,0,0,0,0.002,13.71,7.0
7iAdn-dRBy8,UC80LfoIH6FrzHTm6lXTWCKQ,4,0,0,0,0,0.0,0.72,8.0
7jGxifT-zdU,UCm3RYOItKT_P0-oRCkkSMZw,19,0,0,0,0,0.127,16.38,283.16
7lBZkB4sLOg,UCl_Nqhf2SGNwv4uvbvs3upg,202,2,0,0,0,0.002,69.15,22.0
7lCt2CK37Vg,UCZFs3JqsRIqtqYgo4HahDUQ,45,0,0,0,0,0.001,59.71,19.93
7lswDe3gzvw,UC8gDq5ENmiVuJZIVsiZbQ8g,12427,40,1,17,22,7.076,4.46,291.29
7mj6qycbQ3E,UCMGKZD9ggu_Pfo4dkL47cXQ,1645,5,0,0,2,3.779,15.98,224.57
7mp-ZN7UQ_A,UCEFB0gMdnD1NyiZaedHg2hQ,17,1,0,0,0,0.012,20.0,341.12
7o10C_IITh0,UCIg97fCjw1HnS8vPqwiHLGA,172,0,0,0,0,0.24,9.5,112.3
7oWUgFtHmq4,UC82nFsZOjs5Tr96upPPq9Ww,3,0,0,0,0,0.0,102.01,166.0
7pJK131KduE,UC77WdDKy6cbCxZkC46eaudA,8,0,0,0,0,0.001,4.49,178.25
7q-KcEnuyUU,UCm3RYOItKT_P0-oRCkkSMZw,4949,11,0,5,12,1.666,20.31,175.32
7qutc0cm4cs,UCXJiqB85OD4gnutvJ-gKHsg,4,0,0,0,0,0.0,45.45,42.5
7r3Y7nbb92g,UCL_RZ1IidYQkVQxfimfnPSQ,72,1,0,0,0,0.161,10.7,256.0
7t0GX2X3wmo,UCqbTAXnwXspcNb7l3UqrOHQ,307,7,0,0,0,0.029,86.16,24.3
7tFC4FibG7I,UCk2O5vfW3c_W5YWQ_BoD1Ug,293,2,0,1,0,0.019,42.7,42.46
7tzRzmWcDug,UCpUrAXv2lzGxM4plYB7CE-A,5,0,0,0,0,0.034,14.96,666.0
7vuToN0cuAs,UCSlOhfr5f-RPRP50yRri1uA,32,0,0,0,0,0.0,42.15,37.69
7w51oGdf4zo,UCNkelFxYeQTdVdBzl3yaliw,227,2,0,1,1,0.199,9.79,160.59
7xIh5AVGQJ4,UCxxl4xdZZqRSSz2VfnFBhwA,4,0,0,0,0,0.004,2.69,30.0
7xz2Vw-d8kc,UCnwjt6PgkKuZC4S1A0yTOFQ,1,0,0,0,0,0.0,0.0,0.0
7y3Zz18Kx80,UCEFB0gMdnD1NyiZaedHg2hQ,72,1,0,0,0,0.006,58.58,37.6
7yZUeRBB92A,UCAkSxwl8Lbk2hBXAAfsEFTA,1,0,0,0,0,0.0,6.15,4.0
7z6w4cZPXHQ,UCMGKZD9ggu_Pfo4dkL47cXQ,467,4,0,0,0,2.009,16.1,391.25
7zvurh2DKZc,UCNkelFxYeQTdVdBzl3yaliw,5698,31,1,11,11,3.089,6.78,262.09
8-aPXXi-ug4,UCAkSxwl8Lbk2hBXAAfsEFTA,822,6,0,0,1,0.926,13.61,183.0
81OLagjo0aY,UCkIOcyGqKTJMIIyFHJunYDA,268,0,0,0,0,0.393,1.03,46.49
84J3P23eZb0,UCMGKZD9ggu_Pfo4dkL47cXQ,39,0,0,0,0,0.005,77.93,12.46
84lkBQf6-4M,UCSlOhfr5f-RPRP50yRri1uA,187,2,0,0,0,0.005,53.82,24.52
86UN2iZpD6Q,UCZFs3JqsRIqtqYgo4HahDUQ,217,1,0,1,1,0.288,3.43,243.06
874NP8H8BTU,UCxhHKduxLRNAOC_GUHPPf1Q,0,0,0,0,0,0.0,0.0,0.0
87WuRB140ek,UCxxl4xdZZqRSSz2VfnFBhwA,23,0,0,0,0,0.005,48.24,21.57
89Mzk72xAaw,UCIg97fCjw1HnS8vPqwiHLGA,92,1,0,0,0,0.097,12.0,166.6
89rw9W9NLB8,UCxhHKduxLRNAOC_GUHPPf1Q,15,0,0,0,0,0.004,31.61,20.67
8A-wVoe_fb4,UC0GVHmLgrxE2SS8F0C19JVg,4,0,0,0,0,0.0,72.55,39.0
8BPzYnmfPGk,UCSlOhfr5f-RPRP50yRri1uA,19,0,0,0,0,0.0,49.1,34.74
8CGUNDbQX_4,UCxfDVRNK6SoN59v_t3ZJ33A,2,0,0,0,0,0.0,0.46,7.0
8CRJAYt-puU,UCm3RYOItKT_P0-oRCkkSMZw,7,0,0,0,0,0.004,9.06,155.86
8EIlGDaTPfw,UCsbnInDepLdq6o781WVZ-5g,139,2,0,0,1,0.073,5.74,91.55
8EQxfiPeFKs,UCXJiqB85OD4gnutvJ-gKHsg,145,3,1,0,0,0.009,40.39,22.43
8F2PHAD5NZI,UCx08xHWVSQIiujaTJb8HWYg,1,0,0,0,0,0.0,3.75,35.0
8FQHGs4QpDQ,UC82nFsZOjs5Tr96upPPq9Ww,2350,6,0,2,2,3.242,2.29,132.76
8HWvjgIXtsw,UCT7ZxKrKqxBvAODr8h_ODkA,1,0,0,0,0,0.0,0.16,2.0
8HXcz1QKICQ,UCxhHKduxLRNAOC_GUHPPf1Q,44,0,0,0,0,0.204,6.98,430.77
8HxvAG73R88,UCnwjt6PgkKuZC4S1A0yTOFQ,1,0,0,0,0,0.0,0.0,0.0
8IBPT09md94,UCOfo1ycUYYsMkBRS56TSo3Q,4641,0,0,0,0,9.354,2.69,176.0
8JQh117MCA0,UCT7ZxKrKqxBvAODr8h_ODkA,20,0,0,0,0,0.004,0.22,11.5
8LV1dl1x1Hk,UCf3lAEw_WPtcgHMUVAunzSw,1,0,0,0,0,0.0,0.0,0.0
8MDOD3k_g-U,UCnwjt6PgkKuZC4S1A0yTOFQ,1,0,0,0,0,0.0,0.73,9.0
8NJMqXhltrg,UCctSzoeee7KCnR84dZ6IO7w,3,0,0,0,0,0.004,1.78,40.0
8NTXwrxNsQI,UCAkSxwl8Lbk2hBXAAfsEFTA,14,0,0,0,0,0.028,3.97,88.0
8NeAV1jzc7A,UCk2O5vfW3c_W5YWQ_BoD1Ug,226,0,0,0,0,0.018,37.47,25.57
8P1HkcAwai8,UCqbTAXnwXspcNb7l3UqrOHQ,546,17,0,0,0,0.056,107.93,13.76
8Pkmw-1nrdA,UCp013Ih_EWf3SXO8F4ftIwQ,1587,11,0,0,0,0.065,76.18,18.0
8QmsoRYv3mM,UCkIOcyGqKTJMIIyFHJunYDA,2762,10,0,0,2,0.07,38.28,11.41
8Qw1-v31ENU,UCxhHKduxLRNAOC_GUHPPf1Q,6,0,0,0,0,0.0,6.97,127.33
8RowINm9EpE,UCxxl4xdZZqRSSz2VfnFBhwA,739,7,0,0,1,0.107,66.95,20.49
8Sy1-fgziYQ,UC49-b-BhbYoG54YNkwmzg8w,1,0,0,0,0,0.0,0.09,1.0
8TCXYk68gaU,UCk2O5vfW3c_W5YWQ_BoD1Ug,363,2,0,0,0,0.023,78.62,31.11
8TrbPIBqKes,UC2jHP3YhgMucr6UlgFzRhbA,156,1,0,0,0,0.003,26.69,9.0
8UZONZecSMU,UCpUrAXv2lzGxM4plYB7CE-A,21,0,0,0,0,0.0,36.58,11.0
8UlRjQvp024,UCnwjt6PgkKuZC4S1A0yTOFQ,3,0,0,0,0,0.0,33.29,28.0
8Upq8J60IKc,UCAkSxwl8Lbk2hBXAAfsEFTA,0,0,0,0,0,0.001,0.0,0.0
8VNsWT3oxzo,UCdtOFTQ1GVPKzvOYsi1ApIw,4,0,0,0,0,0.0,0.68,46.0
8ViAJw0aAIU,UC2IjY1Gm6b7pYp-vMJ2R9ig,4,0,0,0,0,0.0,0.0,0.0
8WY-nG14N7s,UC80LfoIH6FrzHTm6lXTWCKQ,2,0,0,0,0,0.0,2.22,25.0
8XPHBQg6CFM,UCZem4a64VnhfA4CBw9vM2bg,414,5,0,0,1,0.042,108.89,17.0
8XjuE6QsHnU,UCbnCFV5_c-nGiEQN1anEO5A,5,0,0,0,0,0.009,3.53,44.0
8Xo_ZVEss0s,UCSlOhfr5f-RPRP50yRri1uA,162,0,0,0,0,0.006,73.9,36.68
8aiRJuDJM2E,UCdtOFTQ1GVPKzvOYsi1ApIw,77047,545,0,1,451,77.248,8.64,310.1
8cMUqflH9tA,UCl_Nqhf2SGNwv4uvbvs3upg,322,0,0,0,0,0.823,2.07,180.0
8cw0XLE8j3Q,UCSlOhfr5f-RPRP50yRri1uA,3598,29,0,1,3,0.123,52.17,52.96
8d6gFSPSnR4,UCZem4a64VnhfA4CBw9vM2bg,356,7,0,0,0,0.028,111.65,15.0
8dzX_hDxZzg,UCJyOxDvifY5Xw18aNm_I8YQ,852,11,0,0,4,0.0,68.35,13.0
8e0RGGgSdOQ,UCxfDVRNK6SoN59v_t3ZJ33A,3,0,0,0,0,0.0,96.74,92.33
8eEIuuE4_A8,UCL_RZ1IidYQkVQxfimfnPSQ,9,0,0,0,0,0.001,57.03,10.0
8eQV7uhIkaw,UC2IjY1Gm6b7pYp-vMJ2R9ig,1,0,0,0,0,0.0,0.4,4.0
8eeNZ0WlFa0,UC77WdDKy6cbCxZkC46eaudA,4,0,0,0,0,0.0,0.0,0.0
8gACWa6fEOo,UCSlOhfr5f-RPRP50yRri1uA,297,2,0,0,2,0.262,1.93,138.58
8gE_N9YaZoc,UCxhHKduxLRNAOC_GUHPPf1Q,12,0,0,0,0,0.001,49.91,29.5
8gQAMLA4n54,UCdtOFTQ1GVPKzvOYsi1ApIw,25009,0,0,1,0,45.612,12.13,144.97
8gjUAAeiUWM,UCL_RZ1IidYQkVQxfimfnPSQ,117,1,0,0,0,0.07,3.9,70.0
8gyfxWJki2Q,UC0GVHmLgrxE2SS8F0C19JVg,11,0,0,0,0,0.002,89.98,22.64
8h8shocJ1EA,UCIg97fCjw1HnS8vPqwiHLGA,11,0,0,0,0,0.001,56.22,52.09
8j7jaCN0IXY,UCm3RYOItKT_P0-oRCkkSMZw,2,0,0,0,0,0.0,8.12,4.0
8jnqktCSp4c,UCsbnInDepLdq6o781WVZ-5g,3,0,0,0,0,0.0,0.0,0.0
8jyyt60ZZ8E,UCeVTtB1kN607CxFrFkiqjgQ,46,0,0,0,0,0.006,3.89,59.15
8mVB0IyvoWI,UCHONLLEtQ4f9yoqa1BWlhSg,2,0,0,0,0,0.0,1.42,24.0
8q0ALc6cyxE,UCnwjt6PgkKuZC4S1A0yTOFQ,209,1,0,1,0,0.101,4.73,81.4
8rAAdeyAX8Y,UC2IjY1Gm6b7pYp-vMJ2R9ig,247,4,0,0,1,1.182,7.93,329.15
8rPYYKfiVZU,UCJw9px5fOp-nwJG6g4gN1ng,55,1,0,0,0,0.006,61.52,23.24
8rvZ7qRpirE,UCk2O5vfW3c_W5YWQ_BoD1Ug,238,2,0,0,0,0.034,51.01,23.0
8s0fCo1MIy0,UCm3RYOItKT_P0-oRCkkSMZw,42,0,0,0,0,0.001,26.06,12.71
8s4zA_lb3lM,UCLQ4NoTptaCDG4nUvDLtUoQ,2592,14,1,4,5,6.194,7.73,137.34
8skxYXAnAKo,UCp013Ih_EWf3SXO8F4ftIwQ,338,1,0,0,0,0.194,1.05,51.0
8t1-o_z2H50,UCSlOhfr5f-RPRP50yRri1uA,18,0,0,0,0,0.0,80.76,37.33
8tJrovD1KNs,UCx08xHWVSQIiujaTJb8HWYg,28,0,0,0,0,0.003,2.55,22.18
8vFAvV23JdI,UCIg97fCjw1HnS8vPqwiHLGA,8,0,0,0,0,0.001,71.44,67.5
8w3LeBExqAg,UCkIOcyGqKTJMIIyFHJunYDA,333,1,0,0,0,0.033,45.55,14.4
8wZPFrl1isg,UCT7ZxKrKqxBvAODr8h_ODkA,2,0,0,0,0,0.0,1.4,15.0
8x4MdCkSO60,UC82nFsZOjs5Tr96upPPq9Ww,20,0,0,0,0,0.034,0.33,13.0
8xWkaCpPXXo,UCHONLLEtQ4f9yoqa1BWlhSg,3,0,0,0,0,0.0,1.94,27.0
8xufhfEE2cQ,UCnwjt6PgkKuZC4S1A0yTOFQ,3,0,0,0,0,0.0,10.8,105.0
8yFiY0kSRiM,UCZFs3JqsRIqtqYgo4HahDUQ,417,1,0,1,0,0.362,1.69,121.8
8zKNTFvJ6_0,UCAkSxwl8Lbk2hBXAAfsEFTA,13,0,0,0,0,0.001,22.3,14.0
90-FQV1tj4o,UC0GVHmLgrxE2SS8F0C19JVg,11,0,0,0,0,0.001,92.53,19.09
921dGRjA-0A,UCNkelFxYeQTdVdBzl3yaliw,20,1,0,0,0,0.026,13.82,204.0
922KehaeE4g,UCm3RYOItKT_P0-oRCkkSMZw,7,0,0,0,0,0.0,22.34,74.0
94fnLaeI7do,UC2jHP3YhgMucr6UlgFzRhbA,51,0,0,0,0,0.001,84.32,25.0
94rIkTIy24w,UCP4STX85lq_fpEtvQcq_5fw,826,6,0,0,0,0.467,12.02,147.78
9559KfibPBU,UCxfDVRNK6SoN59v_t3ZJ33A,3,0,0,0,0,0.0,47.13,73.67
96BV8v67pdI,UCf3lAEw_WPtcgHMUVAunzSw,4,0,0,0,0,0.001,69.28,38.0
96L-GxLaS_8,UC8Fm-ogvMehvbgF0BJjKiuQ,2,0,0,0,0,0.0,0.0,0.0
97J7_lmmY7U,UC8gDq5ENmiVuJZIVsiZbQ8g,700,7,0,0,0,0.025,46.6,15.84
97dj6VQ7qm0,UCqbTAXnwXspcNb7l3UqrOHQ,343,5,0,3,1,0.562,26.79,226.93
9ABf_gWHuA0,UCm3RYOItKT_P0-oRCkkSMZw,77,0,0,0,0,0.001,26.79,9.51
9AlzyNtz0p8,UCAkSxwl8Lbk2hBXAAfsEFTA,1,0,0,0,0,0.0,0.58,7.0
9DhMqCXkRt8,UCxfDVRNK6SoN59v_t3ZJ33A,3,0,0,0,0,0.0,8.36,10.0
9Dk8IEJnBVU,UCMGKZD9ggu_Pfo4dkL47cXQ,13,0,0,0,0,0.001,56.62,23.31
9Dq0e0DG0RM,UCf3lAEw_WPtcgHMUVAunzSw,0,0,0,0,0,0.0,0.0,0.0
9EDCV_NbGJU,UCZFs3JqsRIqtqYgo4HahDUQ,1654,48,0,1,5,0.199,76.59,20.0
9EsGXTi94aA,UCxxl4xdZZqRSSz2VfnFBhwA,11,0,0,0,0,0.002,39.52,42.55
9FKe7mNKDpA,UCk2O5vfW3c_W5YWQ_BoD1Ug,46,1,0,0,0,0.058,20.15,334.09
9FO9tjpm3zU,UCxfDVRNK6SoN59v_t3ZJ33A,2,0,0,0,0,0.0,13.87,172.0
9GGZ7XyhpwY,UCXJiqB85OD4gnutvJ-gKHsg,6,0,0,0,0,0.001,42.87,28.33
9IfURAcqQmI,UC82nFsZOjs5Tr96upPPq9Ww,3,0,0,0,0,0.001,4.09,358.0
9JFi3SMC0uo,UCT7ZxKrKqxBvAODr8h_ODkA,4,0,0,0,0,0.0,109.33,32.0
9K5gWgjlxNE,UCSlOhfr5f-RPRP50yRri1uA,2080,20,0,0,2,0.111,51.49,32.22
9KgDpg3SLtU,UCSlOhfr5f-RPRP50yRri1uA,127,0,0,0,0,0.003,36.16,20.5
9L2p53I5MKc,UCxfDVRNK6SoN59v_t3ZJ33A,2,0,0,0,0,0.002,2.4,32.0
9LEVHHzReLw,UCm3RYOItKT_P0-oRCkkSMZw,6,0,0,0,0,0.019,2.92,18.0
9LJDGJveo_Y,UCTGoaBFABIBLXcqXzCM5D3A,9892,51,0,1,8,0.0,45.32,14.43
9Ln7hjkVTVM,UCl_Nqhf2SGNwv4uvbvs3upg,89,0,0,0,0,0.006,57.51,18.0
9MAiROrPc6Y,UCSlOhfr5f-RPRP50yRri1uA,162,2,0,0,0,0.004,27.15,17.73
9O2x8SEwv38,UCxfDVRNK6SoN59v_t3ZJ33A,15,0,0,0,0,0.001,60.93,55.8
9OKtwFgVFtY,UCdtOFTQ1GVPKzvOYsi1ApIw,8,1,0,0,0,0.002,33.17,23.0
9OM6Aa3ZI5E,UC77WdDKy6cbCxZkC46eaudA,1,0,0,0,0,0.0,1.23,18.0
9PHUHhN7-R4,UCdtOFTQ1GVPKzvOYsi1ApIw,1,0,0,0,0,0.0,0.98,10.0
9QU7SpFpdS0,UCk2O5vfW3c_W5YWQ_BoD1Ug,149,1,0,0,0,0.011,41.45,15.23
9RI4vqqqbtQ,UCf3lAEw_WPtcgHMUVAunzSw,111,1,0,1,0,0.413,7.35,303.6
9Sj2G55mPNs,UCJw9px5fOp-nwJG6g4gN1ng,74,2,0,0,0,0.011,56.58,39.18
9T2iqHW0mKg,UCxfDVRNK6SoN59v_t3ZJ33A,1,0,0,0,0,0.0,0.0,0.0
9TnmLGy5_PA,UC8gDq5ENmiVuJZIVsiZbQ8g,2,0,0,0,0,0.0,0.73,11.0
9Uj6SM83ewI,UCZem4a64VnhfA4CBw9vM2bg,491,6,0,0,0,0.052,59.33,25.0
9UlSG-hcvS0,UCk2O5vfW3c_W5YWQ_BoD1Ug,1338,9,0,0,0,0.102,63.07,26.98
9Uod0317HsE,UCnwjt6PgkKuZC4S1A0yTOFQ,12,0,0,0,0,0.023,19.7,323.0
9UwqE1j6ob4,UC2jHP3YhgMucr6UlgFzRhbA,8304,8,0,3,7,7.218,3.13,79.0
9VZ6g3ARFqY,UCxfDVRNK6SoN59v_t3ZJ33A,2,0,0,0,0,0.001,12.38,13.0
9Vit6da3g8s,UCIg97fCjw1HnS8vPqwiHLGA,9,0,0,0,0,0.002,43.18,39.0
9VnIsAhDRlo,UC2IjY1Gm6b7pYp-vMJ2R9ig,1,0,0,0,0,0.0,0.13,2.0
9XFR0IxGknQ,UCSlOhfr5f-RPRP50yRri1uA,69,0,0,0,0,0.002,25.91,21.26
9Yhwc-tw3jk,UCAkSxwl8Lbk2hBXAAfsEFTA,0,0,0,0,0,0.001,0.0,0.0
9ZBSczO_LtQ,UC2IjY1Gm6b7pYp-vMJ2R9ig,1930,14,0,2,3,1.537,4.87,358.89
9_q0B__AeZ8,UCIg97fCjw1HnS8vPqwiHLGA,25,0,0,0,0,0.032,15.04,178.68
9atG0A5OD1g,UCm3RYOItKT_P0-oRCkkSMZw,24,1,0,0,0,0.002,53.2,29.5
9bNUUv0wBlM,UC82nFsZOjs5Tr96upPPq9Ww,88,3,0,0,1,0.054,7.15,111.0
9b_OLNAEzCs,UCxfDVRNK6SoN59v_t3ZJ33A,7,0,0,0,0,0.008,15.68,172.0
9c9vCZPyQzg,UCSlOhfr5f-RPRP50yRri1uA,6,0,0,0,0,0.006,14.29,617.5
9cIAWhifALI,UCk2O5vfW3c_W5YWQ_BoD1Ug,93,1,0,0,0,0.01,41.68,55.03
9cdLQdhA9lk,UCdtOFTQ1GVPKzvOYsi1ApIw,1,0,0,0,0,0.0,0.73,26.0
9d-4QcUdklo,UCZFs3JqsRIqtqYgo4HahDUQ,113,0,0,0,0,0.005,48.19,11.74
9d6A4VLlPJY,UCvfQU0Npb-ve-LxUlaAN1GA,5,0,0,0,0,0.0,7.21,36.0
9dU6N7f7f60,UCm3RYOItKT_P0-oRCkkSMZw,222,1,0,0,1,0.026,75.53,12.46
9dh1NXeXpoA,UC80LfoIH6FrzHTm6lXTWCKQ,19,0,0,0,0,0.003,58.0,27.0
9dpKsXBVLnw,UCAkSxwl8Lbk2hBXAAfsEFTA,2,0,0,0,0,0.0,12.34,7.0
9ejG7vDtWm4,UCZem4a64VnhfA4CBw9vM2bg,33,2,0,0,0,0.005,62.34,34.45
9eyEra3WeF4,UCZem4a64VnhfA4CBw9vM2bg,27,0,0,0,0,0.004,70.29,19.0
9fOKO4iVFVI,UCxfDVRNK6SoN59v_t3ZJ33A,2,0,0,0,0,0.017,49.15,481.0
9fi-yH7yFZs,UCk2O5vfW3c_W5YWQ_BoD1Ug,94737,1263,2,87,184,3.072,59.66,65.0
9fmGSejOUBU,UCnwjt6PgkKuZC4S1A0yTOFQ,3,0,0,0,0,0.0,0.0,0.0
9gAjccy3aeE,UCT7ZxKrKqxBvAODr8h_ODkA,5,0,0,0,0,0.0,5.62,64.0
9gKW9uRQot0,UCxxl4xdZZqRSSz2VfnFBhwA,18,0,0,0,0,0.005,22.31,17.0
9h0eSyQqiZk,UCZem4a64VnhfA4CBw9vM2bg,61,3,0,0,0,0.006,103.35,11.79
9h8wHTXTxiM,UC2jHP3YhgMucr6UlgFzRhbA,218,4,0,0,1,0.003,85.95,22.0
9k3rq5QuGxc,UCSlOhfr5f-RPRP50yRri1uA,40,0,0,0,0,0.0,8.29,7.7
9kIKaqLIyRY,UC2IjY1Gm6b7pYp-vMJ2R9ig,12,0,0,0,0,0.0,18.95,61.0
9mH0ZH9E4F8,UCl_Nqhf2SGNwv4uvbvs3upg,34,0,0,0,0,0.071,0.73,46.0
9n8Av6twInQ,UC77WdDKy6cbCxZkC46eaudA,6,0,0,0,0,0.0,0.55,6.67
9nkP6wO_g_U,UCl_Nqhf2SGNwv4uvbvs3upg,44,0,0,0,0,0.001,93.81,31.0
9nn8r-Jyyuk,UCp013Ih_EWf3SXO8F4ftIwQ,48,0,0,0,0,0.003,64.82,18.0
9pkKOiI2iCM,UCxhHKduxLRNAOC_GUHPPf1Q,577,0,0,0,3,0.779,8.73,327.03
9prBl4DA4hc,UCdtOFTQ1GVPKzvOYsi1ApIw,21,1,0,0,0,0.001,65.79,20.0
9pzRDoTeY_E,UCxfDVRNK6SoN59v_t3ZJ33A,1,0,0,0,0,0.0,19.5,23.0
9rD-54TpRX8,UC2IjY1Gm6b7pYp-vMJ2R9ig,14,0,0,0,0,0.063,17.86,256.07
9sXlOXOh8sA,UCLQ4NoTptaCDG4nUvDLtUoQ,27,1,0,0,0,0.002,91.64,48.22
9tYzNz_nSOg,UCAkSxwl8Lbk2hBXAAfsEFTA,0,0,0,0,0,0.007,0.0,0.0
9ut0atU1OqI,UCZFs3JqsRIqtqYgo4HahDUQ,79,0,0,0,0,0.003,41.7,16.32
9uvJRXFvoJY,UCqbTAXnwXspcNb7l3UqrOHQ,71,2,0,0,0,0.008,65.27,27.97
9vzOUuEGiEs,UCSlOhfr5f-RPRP50yRri1uA,11008,108,0,2,38,0.572,50.16,47.0
9wRfwftvk3E,UCm3RYOItKT_P0-oRCkkSMZw,5,0,0,0,0,0.034,28.88,377.0
9wUN_0hfqBY,UCc-V01UlW1n8eGLpATLA5gw,14,0,0,0,0,0.002,1.96,117.0
9whkhBizKpw,UCx08xHWVSQIiujaTJb8HWYg,111,0,0,0,0,0.069,3.1,216.76
9x0XKf5_7uo,UC2jHP3YhgMucr6UlgFzRhbA,165,0,0,0,0,0.003,53.97,16.0
9xd3HFI33yM,UChhBhc7qJ42rgzAIPe9z6Cg,1,0,0,0,0,0.0,0.6,7.0
9y07rG31aiQ,UCMGKZD9ggu_Pfo4dkL47cXQ,5081,33,3,0,7,4.075,15.15,84.0
9y4Sf0ei3Z8,UCTqUiADoXl9Cq74vCP4FJCQ,16,0,0,0,0,0.008,2.66,156.75
9z13hZJ4nH4,UCl_Nqhf2SGNwv4uvbvs3upg,59,0,0,0,0,0.012,1.19,64.0
A03JM1J2vfE,UCZem4a64VnhfA4CBw9vM2bg,1489,7,0,1,0,1.174,13.16,131.87
A0CjmedJt4c,UCnwjt6PgkKuZC4S1A0yTOFQ,366,0,0,0,0,0.002,9.27,121.49
A1aGs03S7VY,UCVRU0wQxaEQdq0CKQHfifZg,28,1,0,0,0,0.0,58.71,24.43
A2JZXXdRai8,UC77WdDKy6cbCxZkC46eaudA,25,0,0,0,0,0.009,12.12,140.4
A4RaGZomTKw,UCpUrAXv2lzGxM4plYB7CE-A,304442,4161,0,0,636,9.924,67.12,22.01
A7Icc5yxR4M,UC0GVHmLgrxE2SS8F0C19JVg,93,0,0,0,0,0.093,8.17,219.03
A7PL96FueHM,UC82nFsZOjs5Tr96upPPq9Ww,6,0,0,0,0,0.0,1.9,38.33
A7c2Sg7v044,UCf3lAEw_WPtcgHMUVAunzSw,416,0,0,0,0,0.007,44.41,13.62
A7tNtrekqDc,UCf3lAEw_WPtcgHMUVAunzSw,1,0,0,0,0,0.0,0.0,0.0
A8Aohj2AFfI,UCMGKZD9ggu_Pfo4dkL47cXQ,136,0,0,0,1,0.001,73.9,13.03
A8zygO5aCSM,UCkIOcyGqKTJMIIyFHJunYDA,3407,14,0,0,4,0.154,71.66,19.5
AB3E0LGLsXQ,UCT7ZxKrKqxBvAODr8h_ODkA,42,0,0,0,0,0.0,13.81,6.21
ABUzjHX1JTk,UCm3RYOItKT_P0-oRCkkSMZw,68,0,0,0,0,0.001,58.88,9.0
ABt7wDXIVfI,UC82nFsZOjs5Tr96upPPq9Ww,1,0,0,0,0,0.0,0.09,1.0
ACEixKL7y2A,UCT7ZxKrKqxBvAODr8h_ODkA,4,0,0,0,0,0.0,2.49,37.5
ACV5KtmH-U8,UCxfDVRNK6SoN59v_t3ZJ33A,91,1,0,0,0,0.003,23.05,36.99
ACkhMBhs5WY,UCTqUiADoXl9Cq74vCP4FJCQ,4270,13,0,4,4,7.88,2.08,160.0
ACu6_3XrP5c,UCxxl4xdZZqRSSz2VfnFBhwA,37,0,0,0,0,0.008,52.7,30.43
ADC0aQy8Avw,UCk2O5vfW3c_W5YWQ_BoD1Ug,47,0,0,0,0,0.052,10.37,160.7
ADGm6seg8k8,UCxxl4xdZZqRSSz2VfnFBhwA,73,0,0,0,0,0.01,7.95,151.81
ADLbp24nS6A,UCT7ZxKrKqxBvAODr8h_ODkA,17,0,0,0,0,0.0,1.09,9.47
ADalMN09Fnw,UCkIOcyGqKTJMIIyFHJunYDA,1197,3,0,0,1,0.052,59.21,16.95
ADyaneQfm2k,UCeVTtB1kN607CxFrFkiqjgQ,75,1,0,0,0,0.008,49.88,16.41
AGIXJPe-3mk,UCnwjt6PgkKuZC4S1A0yTOFQ,3,0,0,0,0,0.01,14.65,208.67
AHQUXg1EXV0,UC49-b-BhbYoG54YNkwmzg8w,1,0,0,0,0,0.0,0.39,5.0
AI7YrwsdziA,UCEFB0gMdnD1NyiZaedHg2hQ,470,8,0,1,1,0.485,9.67,132.55
AJJG_uqz73Q,UCSlOhfr5f-RPRP50yRri1uA,33,0,0,0,0,0.001,46.79,43.15
AJQ-G-rwXcU,UCT7ZxKrKqxBvAODr8h_ODkA,7,0,0,0,0,0.004,16.95,75.86
AL4J7Q0TKDk,UCdtOFTQ1GVPKzvOYsi1ApIw,12,0,0,0,0,0.0,0.37,13.0
AM9PNsOsqpg,UCAkSxwl8Lbk2hBXAAfsEFTA,1,0,0,0,0,0.0,0.05,0.0
AOCxyqTideo,UCEFB0gMdnD1NyiZaedHg2hQ,3535,43,0,1,2,0.313,119.71,15.21
AOQBAyqR5m0,UC8gDq5ENmiVuJZIVsiZbQ8g,3,0,0,0,0,0.0,6.57,3.33
AS1ZKKXMmCk,UCIg97fCjw1HnS8vPqwiHLGA,12,0,0,0,0,0.001,51.65,55.67
ASXCB3ijWgk,UCdtOFTQ1GVPKzvOYsi1ApIw,1,0,0,0,0,0.0,0.0,0.0
AT5TXR2sIy8,UCT7ZxKrKqxBvAODr8h_ODkA,18,0,0,0,0,0.006,2.04,44.44
AU1qSEoYCgY,UCm3RYOItKT_P0-oRCkkSMZw,2,0,0,0,0,0.0,0.6,4.0
AUJv9Lz00zc,UCIg97fCjw1HnS8vPqwiHLGA,10,1,0,0,0,0.001,37.89,43.4
AUiUsIjDtVQ,UCIg97fCjw1HnS8vPqwiHLGA,16,0,0,0,0,0.02,19.19,119.44
AUtiPqh_jBo,UC80LfoIH6FrzHTm6lXTWCKQ,5,0,0,0,0,0.006,8.48,103.0
AVGpW2bgNTk,UCdtOFTQ1GVPKzvOYsi1ApIw,5,0,0,0,0,0.01,4.77,209.0
AYFGtOrabws,UCAkSxwl8Lbk2hBXAAfsEFTA,7,-1,0,0,0,0.001,11.24,12.57
AZ1MICpMGQ4,UCxxl4xdZZqRSSz2VfnFBhwA,3,0,0,0,0,0.001,1.22,19.33
AZINtmqZiBk,UCAkSxwl8Lbk2hBXAAfsEFTA,9,0,0,0,0,0.022,9.89,417.56
AZxqTEOUx2U,UCvfQU0Npb-ve-LxUlaAN1GA,2,0,0,0,0,0.002,0.27,15.0
A_gxiB2d9II,UCx08xHWVSQIiujaTJb8HWYg,7,0,0,0,0,0.003,14.21,218.57
A_iH32eDzSs,UCkIOcyGqKTJMIIyFHJunYDA,157,1,0,0,1,0.008,60.18,19.61
AaPbhsm5YOk,UC2IjY1Gm6b7pYp-vMJ2R9ig,2,0,0,0,0,0.0,0.0,0.0
Aag0Gq7khj4,UCqbTAXnwXspcNb7l3UqrOHQ,8,0,0,0,0,0.002,21.66,377.25
AayuknMRL6M,UCZFs3JqsRIqtqYgo4HahDUQ,3447,14,1,1,8,4.399,2.7,207.01
AbCFz_hNM3g,UCeVTtB1kN607CxFrFkiqjgQ,28,1,2,0,0,0.003,37.36,44.86
Aba-ARAiTdI,UCxfDVRNK6SoN59v_t3ZJ33A,414,2,0,2,1,0.968,1.66,145.91
AbiT5-2YvEg,UCAkSxwl8Lbk2hBXAAfsEFTA,10,0,0,0,0,0.002,20.76,11.0
Ac4wdULrSnQ,UCnwjt6PgkKuZC4S1A0yTOFQ,2,0,0,0,0,0.0,284.68,210.0
AcEMBpvvIDU,UCP4STX85lq_fpEtvQcq_5fw,341,6,0,0,1,0.001,10.17,128.22
Acax8AtWk7g,UC0GVHmLgrxE2SS8F0C19JVg,2,0,0,0,0,0.0,1.15,22.0
Adhq12xozHA,UCMGKZD9ggu_Pfo4dkL47cXQ,13,0,0,0,0,0.002,87.25,49.85
AdnnPUpljOo,UCZem4a64VnhfA4CBw9vM2bg,400,5,0,0,0,0.478,11.32,169.5
Ae9jnlTLgTo,UC8gDq5ENmiVuJZIVsiZbQ8g,810,3,0,0,1,0.648,2.54,168.01
AgTg7INMgXU,UCmhHN34V-dphAOk3RXxjb0g,280,2,0,0,0,0.326,2.55,104.0
AgiBFnGPFjY,UCSlOhfr5f-RPRP50yRri1uA,58,1,0,0,0,0.001,51.51,29.28
AgyslK4vjJ4,UCpUrAXv2lzGxM4plYB7CE-A,15,0,0,0,0,0.006,2.84,190.0
Ah5WapQlSH8,UCk2O5vfW3c_W5YWQ_BoD1Ug,29,0,0,0,0,0.024,27.9,137.69
AhUY6yLD3dI,UCMGKZD9ggu_Pfo4dkL47cXQ,244,4,0,0,0,0.027,76.25,24.44
Ai3LXREeyxg,UC82nFsZOjs5Tr96upPPq9Ww,11,0,0,0,0,0.072,46.77,1287.73
Ak-O1qvkUAM,UCl_Nqhf2SGNwv4uvbvs3upg,73,0,0,0,0,0.003,52.63,16.0
AlFjWcweSoA,UC82nFsZOjs5Tr96upPPq9Ww,1,0,0,0,0,0.0,0.0,0.0
AmOf9LvbBHo,UCAkSxwl8Lbk2hBXAAfsEFTA,87,0,0,0,0,0.448,5.18,109.0
AmVdrIKsRtA,UCZem4a64VnhfA4CBw9vM2bg,382,1,0,0,1,0.498,12.97,180.6
Amkc3oFrWIo,UC77WdDKy6cbCxZkC46eaudA,3,0,0,0,0,0.001,8.49,101.0
AnO1Ohj7WAo,UCxfDVRNK6SoN59v_t3ZJ33A,1,0,0,0,0,0.0,8.1,10.0
AnOVRO433j0,UCJw9px5fOp-nwJG6g4gN1ng,5377,92,1,1,4,0.519,73.74,21.0
Ano-_0XwbpA,UC82nFsZOjs5Tr96upPPq9Ww,5,0,0,0,0,0.001,80.98,46.4
AnyJ0sj8RUE,UCL_RZ1IidYQkVQxfimfnPSQ,84,0,0,0,0,0.128,6.87,169.0
AouBMqRSjps,UCk2O5vfW3c_W5YWQ_BoD1Ug,647,18,2,3,2,1.991,28.99,265.95
Ap5kQfZOCQY,UCAkSxwl8Lbk2hBXAAfsEFTA,709,13,0,0,1,0.1,25.43,38.0
Ap9xew_jGYU,UC77WdDKy6cbCxZkC46eaudA,4,0,0,0,0,0.0,50.75,38.5
AriD1Dd6AIA,UCAkSxwl8Lbk2hBXAAfsEFTA,49,0,0,0,0,0.025,1.37,91.76
AriJDOGXYDY,UCnwjt6PgkKuZC4S1A0yTOFQ,22078,72,1,23,40,14.024,13.15,234.04
AriLKyN_j7Y,UC2jHP3YhgMucr6UlgFzRhbA,303,0,0,0,0,0.001,13.17,17.0
As3y5Hb1cm8,UCl_Nqhf2SGNwv4uvbvs3upg,389,0,0,1,0,0.457,4.49,272.0
AswFrAapmJg,UCEFB0gMdnD1NyiZaedHg2hQ,47,1,0,0,0,0.004,57.46,22.19
Atqp5sd4g24,UCkIOcyGqKTJMIIyFHJunYDA,11,0,0,0,0,0.001,9.12,2.45
Atx2WZJHpR0,UCxfDVRNK6SoN59v_t3ZJ33A,1,0,0,0,0,0.0,0.0,0.0
Aud680b9P8o,UC77WdDKy6cbCxZkC46eaudA,362,0,0,0,0,0.258,8.09,142.36
AulSxDMpEXA,UCLQ4NoTptaCDG4nUvDLtUoQ,78,0,0,0,0,0.13,2.49,190.0
Aw-3fbjlk6s,UCIg97fCjw1HnS8vPqwiHLGA,11,0,0,0,0,0.002,60.7,54.0
Awym03kx9yM,UCnwjt6PgkKuZC4S1A0yTOFQ,9,1,0,0,0,0.0,1.44,22.67
AxKgeDf-qK8,UCk2O5vfW3c_W5YWQ_BoD1Ug,1241,15,0,0,0,0.078,45.79,25.51
AxhGfmd2jV4,UCxxl4xdZZqRSSz2VfnFBhwA,9,0,0,0,0,0.002,46.77,28.44
AylIB6g9tyQ,UCT7ZxKrKqxBvAODr8h_ODkA,79,0,0,0,0,0.029,9.33,342.11
AyveSEoS3DU,UCMGKZD9ggu_Pfo4dkL47cXQ,28,0,0,0,0,0.049,11.44,143.57
AzBogzZhY8E,UCnwjt6PgkKuZC4S1A0yTOFQ,10,0,0,0,0,0.0,15.99,251.0
AzWmhYKZLYM,UC77WdDKy6cbCxZkC46eaudA,2227,4,0,0,3,4.946,21.67,266.91
B-hj9ol49ms,UCnwjt6PgkKuZC4S1A0yTOFQ,180,0,0,0,0,0.0,103.97,21.0
B0IknTSlRVU,UCVRU0wQxaEQdq0CKQHfifZg,439,1,0,0,0,0.298,4.59,191.13
B0ZzteWSyd8,UC2jHP3YhgMucr6UlgFzRhbA,895,1,0,0,0,0.031,76.38,19.0
B0qct8Wgjqs,UCxxl4xdZZqRSSz2VfnFBhwA,254,2,0,0,0,0.9,10.14,174.11
B1x3dnMt4Kw,UCp013Ih_EWf3SXO8F4ftIwQ,134,1,0,0,0,0.276,2.65,171.0
B1y09bxcBnM,UCxxl4xdZZqRSSz2VfnFBhwA,10,0,0,0,0,0.0,1.59,24.4
B3Iq6NA9nno,UCLQ4NoTptaCDG4nUvDLtUoQ,173,0,0,0,0,0.026,16.11,124.75
B3k9w8o34xk,UC8gDq5ENmiVuJZIVsiZbQ8g,1064,4,0,0,0,0.063,47.65,23.0
B3wb54dnNiQ,UCZem4a64VnhfA4CBw9vM2bg,288,4,0,0,0,0.033,78.33,22.97
B41TJ752gKw,UCm3RYOItKT_P0-oRCkkSMZw,63,0,0,0,0,0.001,49.38,8.08
B6f8-kDvoq4,UCeVTtB1kN607CxFrFkiqjgQ,1,0,0,0,0,0.0,0.06,0.0
B7OzlBpPZXs,UC2jHP3YhgMucr6UlgFzRhbA,10,0,0,0,0,0.001,40.8,19.0
B7dVXUEMfIo,UCMGKZD9ggu_Pfo4dkL47cXQ,63,1,0,0,0,0.01,72.11,31.22
B8Dp_D9ZHVk,UC2jHP3YhgMucr6UlgFzRhbA,1365,9,0,0,1,0.009,58.18,17.0
B8Y_IX3SoGM,UCXJiqB85OD4gnutvJ-gKHsg,171,0,0,0,0,0.317,5.67,280.52
B8hpdThwyKc,UCT7ZxKrKqxBvAODr8h_ODkA,8,0,0,0,0,0.0,9.85,8.75
B9mlCzfK47k,UCLQ4NoTptaCDG4nUvDLtUoQ,10,0,0,0,0,0.0,3.49,2.1
BAFBvHVpZUc,UC8gDq5ENmiVuJZIVsiZbQ8g,3076,22,0,0,1,0.155,44.96,13.0
BBJCcbE74cg,UCZem4a64VnhfA4CBw9vM2bg,15,0,0,0,0,0.001,90.05,24.73
BBYVOCW8V1w,UCMGKZD9ggu_Pfo4dkL47cXQ,3,0,0,0,0,0.012,2.17,31.33
BF1v00aeVDo,UCeVTtB1kN607CxFrFkiqjgQ,44,1,0,0,0,0.005,48.52,15.18
BFN4nwWJacY,UCIg97fCjw1HnS8vPqwiHLGA,4,0,0,0,0,0.0,4.31,45.0
BGFlhSVTTdI,UCk2O5vfW3c_W5YWQ_BoD1Ug,663,6,0,1,0,0.052,73.39,22.54
BGPIOb_umn8,UCTqUiADoXl9Cq74vCP4FJCQ,163,1,0,0,0,0.009,63.68,30.99
BGbJ5KWH04U,UCc-V01UlW1n8eGLpATLA5gw,29,0,0,0,0,0.003,0.58,30.0
BH2GwZFqIfc,UCIg97fCjw1HnS8vPqwiHLGA,1,0,0,0,0,0.0,0.57,9.0
BJB9S4UB30M,UCHONLLEtQ4f9yoqa1BWlhSg,1228,9,0,0,1,1.856,11.0,185.85
BJjAKkDRwUE,UCqbTAXnwXspcNb7l3UqrOHQ,259,3,0,2,0,0.015,69.98,20.59
BJrgRx-dWiA,UC77WdDKy6cbCxZkC46eaudA,2,0,0,0,0,0.0,1.38,16.0
BKh1WtsekD8,UCT7ZxKrKqxBvAODr8h_ODkA,12,0,0,0,0,0.0,44.75,16.67
BKoxdBrbBao,UCLQ4NoTptaCDG4nUvDLtUoQ,18,0,0,0,0,0.053,2.21,174.39
BL6bQwajXJA,UCZFs3JqsRIqtqYgo4HahDUQ,37,0,0,0,0,0.002,44.02,13.78
BLc7pR9tuxM,UCnKHDbf4TM65HyT2XdQaT6Q,14,0,0,0,0,0.001,100.03,28.0
BLcIwft045U,UCqbTAXnwXspcNb7l3UqrOHQ,449,1,0,3,0,0.02,88.95,27.19
BMAzfQFdsmQ,UCLQ4NoTptaCDG4nUvDLtUoQ,2562,2,0,1,0,3.638,0.84,61.65
BMXrd8lNqqA,UCxxl4xdZZqRSSz2VfnFBhwA,100,3,0,0,0,0.015,47.56,35.01
BN-fDPCPIwc,UCTGoaBFABIBLXcqXzCM5D3A,541,5,0,0,0,0.0,48.32,17.45
BNOm_us3SFo,UCSlOhfr5f-RPRP50yRri1uA,367,0,0,0,0,0.004,21.29,7.52
BOrhgsGYuRI,UCxxl4xdZZqRSSz2VfnFBhwA,34,0,0,0,0,0.007,76.91,14.76
BPVYM6jgBfU,UC8Fm-ogvMehvbgF0BJjKiuQ,13,0,0,0,0,0.0,35.54,10.08
BPt8jGkt_wM,UCnKHDbf4TM65HyT2XdQaT6Q,0,0,0,0,0,0.0,0.0,0.0
BQoqOKkPmPk,UCdtOFTQ1GVPKzvOYsi1ApIw,5989,250,0,0,0,0.999,32.46,39.01
BR-ChF2LAO4,UChhBhc7qJ42rgzAIPe9z6Cg,45,1,0,0,0,0.194,13.51,232.13
BRCkDYNPUWo,UCEFB0gMdnD1NyiZaedHg2hQ,12403,58,2,9,26,4.227,14.67,145.78
BRxb0ZBqCa8,UCxhHKduxLRNAOC_GUHPPf1Q,24,0,0,0,0,0.09,14.38,737.5
BTgEKhvZiuU,UCxhHKduxLRNAOC_GUHPPf1Q,36,0,0,0,0,0.433,12.18,655.86
BUhaewlx4dw,UC0GVHmLgrxE2SS8F0C19JVg,11,0,0,0,0,0.001,107.04,5.0
BUora4Ek-ek,UC0GVHmLgrxE2SS8F0C19JVg,7,0,0,0,0,0.0,92.05,39.43
BUzuJzA0HEk,UC8gDq5ENmiVuJZIVsiZbQ8g,9,0,0,0,0,0.225,5.21,277.78
BVPKqda8Vsg,UCpUrAXv2lzGxM4plYB7CE-A,8,0,0,0,0,0.0,28.13,9.0
BWP__85hbK8,UCZem4a64VnhfA4CBw9vM2bg,7,0,0,0,0,0.0,12.16,46.71
BWcWRtQNT5s,UCLQ4NoTptaCDG4nUvDLtUoQ,42,0,0,0,0,0.002,54.26,19.95
BX1GAz_gMow,UCAkSxwl8Lbk2hBXAAfsEFTA,0,0,0,0,0,0.0,0.0,0.0
BX9oJfA5Jo8,UCdtOFTQ1GVPKzvOYsi1ApIw,2,0,0,0,0,0.001,8.48,12.0
BXrMAWIkDZk,UCMGKZD9ggu_Pfo4dkL47cXQ,958,5,0,0,2,3.177,19.16,314.98
BYl48KCWun4,UCMGKZD9ggu_Pfo4dkL47cXQ,114,1,0,0,0,0.001,63.37,11.09
BYtxx7vsGO4,UCEFB0gMdnD1NyiZaedHg2hQ,638,16,0,0,0,0.058,56.49,25.04
BbZrgYG9fK0,UCnwjt6PgkKuZC4S1A0yTOFQ,1,0,0,0,0,0.0,0.0,0.0
BcGYgsEosxI,UCZem4a64VnhfA4CBw9vM2bg,404,6,1,0,2,1.449,9.52,609.72
BdkMgs-sZBA,UCP4STX85lq_fpEtvQcq_5fw,266,0,0,0,0,0.046,16.24,58.27
BfYsD-NI2zs,UCEFB0gMdnD1NyiZaedHg2hQ,76,2,0,0,0,0.116,14.76,143.0
Bh7Ic1A2c6c,UC77WdDKy6cbCxZkC46eaudA,4,0,0,0,0,0.0,24.41,318.0
BiUCIn-RXmI,UC01rTYtA_UsuZ5wzxnyHFcg,4,0,0,0,0,0.024,28.84,99.0
BkRHTPkHNkE,UCk2O5vfW3c_W5YWQ_BoD1Ug,35920,344,0,6,50,1.907,52.96,35.52
BkRWXVJ8-6c,UC2jHP3YhgMucr6UlgFzRhbA,282,1,0,0,1,0.001,37.91,17.0
Bkk1FwJ5vU0,UCmhHN34V-dphAOk3RXxjb0g,1160,1,0,0,0,1.897,9.06,143.0
BnMz5L5tpS4,UC8Fm-ogvMehvbgF0BJjKiuQ,5,0,0,0,0,0.004,2.75,196.0
Bo67xg_vNxE,UCm3RYOItKT_P0-oRCkkSMZw,6,0,0,0,0,0.0,8.91,11.0
BorPGZwQPlE,UCMGKZD9ggu_Pfo4dkL47cXQ,25,0,0,0,0,0.003,87.04,27.4
Boz5v2T6xZY,UCdtOFTQ1GVPKzvOYsi1ApIw,1,0,0,0,0,0.0,2.91,33.0
BpXNiPmcaRM,UCxfDVRNK6SoN59v_t3ZJ33A,12,0,0,0,0,0.009,4.52,180.33
Bq-MwQG4Prk,UC0GVHmLgrxE2SS8F0C19JVg,13,0,0,0,0,0.002,8.5,157.85
Brf56369oRY,UCT7ZxKrKqxBvAODr8h_ODkA,234,2,0,0,0,0.646,3.86,240.46
BsEj9GKxhS0,UCZem4a64VnhfA4CBw9vM2bg,184,2,0,0,0,0.2,12.04,100.7
BtOMfPPw4Pg,UCkIOcyGqKTJMIIyFHJunYDA,76,2,0,0,0,0.003,47.07,16.21
Btg4XMSt1dM,UCxfDVRNK6SoN59v_t3ZJ33A,2,0,0,0,0,0.0,99.46,73.0
Bv3lywaAj4k,UCXJiqB85OD4gnutvJ-gKHsg,6441,11,0,0,3,3.887,3.21,56.24
BvKSMotes5o,UCp013Ih_EWf3SXO8F4ftIwQ,1738,9,0,0,0,0.069,62.24,10.0
BwG5u7sggrY,UCf3lAEw_WPtcgHMUVAunzSw,18,0,0,0,0,0.005,1.85,150.67
Bx7yAa8keUY,UC0GVHmLgrxE2SS8F0C19JVg,9,0,0,0,0,0.002,22.09,8.56
BxOg55H-56I,UCxfDVRNK6SoN59v_t3ZJ33A,27,1,0,0,0,0.004,55.42,37.44
BxyOGLR98mI,UCxfDVRNK6SoN59v_t3ZJ33A,1,0,0,0,0,0.0,0.0,0.0
ByuyGCwZ_q4,UCxfDVRNK6SoN59v_t3ZJ33A,5,0,0,0,0,0.0,18.47,47.4
Bzp-bZiloVA,UCxfDVRNK6SoN59v_t3ZJ33A,17,1,0,0,0,0.0,25.79,25.94
C0BJ19x3Y3Y,UCZFs3JqsRIqtqYgo4HahDUQ,36,0,0,0,0,0.001,23.8,34.83
C0QM2yOvs8o,UC77WdDKy6cbCxZkC46eaudA,27,1,0,0,0,0.012,9.46,61.96
C1aKXLdHiOs,UCT7ZxKrKqxBvAODr8h_ODkA,1,0,0,0,0,0.0,7.59,2.0
C2VUWALtKJI,UCLQ4NoTptaCDG4nUvDLtUoQ,12265,8,1,2,7,12.714,4.13,72.11
C51pF5oHALQ,UCpUrAXv2lzGxM4plYB7CE-A,112,2,0,0,0,0.117,6.29,352.0
C58QKmigP1c,UCnwjt6PgkKuZC4S1A0yTOFQ,6,0,0,0,0,0.0,18.26,222.5
C5J09zarV8Q,UC80LfoIH6FrzHTm6lXTWCKQ,1,0,0,0,0,0.0,2.06,6.0
C6hOImbXbkw,UCL_RZ1IidYQkVQxfimfnPSQ,7,0,0,0,0,0.001,20.64,22.0
C7RAB-kXV7Q,UCAkSxwl8Lbk2hBXAAfsEFTA,1028,4,1,0,0,2.367,2.47,171.87
C7xPo095vCA,UCpUrAXv2lzGxM4plYB7CE-A,140650,638,0,0,0,4.974,67.65,20.0
C89zDEG0c4M,UCsbnInDepLdq6o781WVZ-5g,3,0,0,0,0,0.0,4.31,61.0
C8NIIaFZlf4,UCxxl4xdZZqRSSz2VfnFBhwA,10,0,0,0,0,0.0,0.66,12.1
C90SfYyUa3A,UCdtOFTQ1GVPKzvOYsi1ApIw,484,0,0,0,1,0.479,18.69,283.84
CAh2AIad8Dk,UCSlOhfr5f-RPRP50yRri1uA,177,1,0,0,0,0.124,5.93,44.08
CBeYJUft3e8,UCc-V01UlW1n8eGLpATLA5gw,1,0,0,0,0,0.005,0.1,5.0
CC9r6gApc4Y,UC80LfoIH6FrzHTm6lXTWCKQ,8,0,0,0,0,0.001,62.66,60.0
CCacslZ4eeE,UCJw9px5fOp-nwJG6g4gN1ng,76,1,0,0,0,0.007,73.81,21.21
CCmoAy6rTm8,UCJw9px5fOp-nwJG6g4gN1ng,592,6,0,0,1,0.051,63.46,19.23
CE1CsTyzW6c,UCk2O5vfW3c_W5YWQ_BoD1Ug,82,0,0,0,0,0.006,40.95,32.54
CG4_u2iRwAA,UCbnCFV5_c-nGiEQN1anEO5A,2,0,0,0,0,0.0,0.22,1.5
CGtb2xPu-Dk,UCIg97fCjw1HnS8vPqwiHLGA,2304,51,1,1,2,0.269,56.15,31.0
CGtqpcrfUmg,UC0GVHmLgrxE2SS8F0C19JVg,11,0,0,0,0,0.002,48.67,22.55
CHC-ynmSKKo,UCIg97fCjw1HnS8vPqwiHLGA,6,0,0,0,0,0.03,47.86,93.0
CHCA8J0D7lE,UC77WdDKy6cbCxZkC46eaudA,1,0,0,0,0,0.0,1.29,31.0
CIJ_4DAk6jE,UCSlOhfr5f-RPRP50yRri1uA,76,3,0,0,0,0.005,43.41,28.0
CIgzHBB_JSU,UCxxl4xdZZqRSSz2VfnFBhwA,208,2,0,0,0,0.328,9.6,203.77
CJ5F7DvLPGw,UCf3lAEw_WPtcgHMUVAunzSw,71,0,0,0,0,0.029,6.67,128.42
CJHecfFiK78,UCXJiqB85OD4gnutvJ-gKHsg,299,0,0,2,0,0.258,11.47,131.74
CJVf9dZacUg,UCSlOhfr5f-RPRP50yRri1uA,21,0,0,0,0,0.0,20.61,11.95
CJb7Bw1UOxE,UCeVTtB1kN607CxFrFkiqjgQ,110,1,0,0,0,0.117,6.29,102.5
CKrTif1npoU,UCNkelFxYeQTdVdBzl3yaliw,22,-1,0,0,0,0.03,9.19,219.73
CLe-q4DOQFw,UCMGKZD9ggu_Pfo4dkL47cXQ,37,0,0,0,0,0.023,12.6,68.51
CLhM9iNFHPk,UCJw9px5fOp-nwJG6g4gN1ng,1080,4,0,0,1,0.05,61.56,16.0
CNB0DBOJKaI,UC2jHP3YhgMucr6UlgFzRhbA,5725,20,0,0,7,0.295,62.49,20.0
CNVxVWk48J8,UCMGKZD9ggu_Pfo4dkL47cXQ,21,1,0,0,0,0.003,35.98,11.86
CN_zO8FCDgs,UCAkSxwl8Lbk2hBXAAfsEFTA,1,0,0,0,0,0.0,0.0,0.0
CO1IkIl7fAE,UCOfo1ycUYYsMkBRS56TSo3Q,227,1,0,0,0,0.228,1.73,100.28
COl-6iHsjC8,UCSlOhfr5f-RPRP50yRri1uA,829,4,0,0,3,0.04,62.5,19.42
CQ3VHBcb8Pg,UCpUrAXv2lzGxM4plYB7CE-A,374,2,0,0,0,0.023,72.56,23.0
CQTeRHxELxQ,UCJw9px5fOp-nwJG6g4gN1ng,8680,160,0,7,6,0.818,93.65,22.05
CQcdFxEpV7Y,UCT7ZxKrKqxBvAODr8h_ODkA,9,0,0,0,0,0.0,45.2,25.0
CQnLtQ6CMXI,UCVRU0wQxaEQdq0CKQHfifZg,91,0,0,1,0,0.186,1.35,58.57
CRVhsftX1L0,UCp013Ih_EWf3SXO8F4ftIwQ,51,0,0,0,0,0.002,48.95,18.0
CU1fTg2Cgo8,UCm3RYOItKT_P0-oRCkkSMZw,196,2,0,1,0,0.446,11.28,197.74
CU2MV0fmtUs,UCIg97fCjw1HnS8vPqwiHLGA,14,0,0,0,0,0.01,2.34,101.71
CUNxhIB6Xdg,UCdtOFTQ1GVPKzvOYsi1ApIw,1,0,0,0,0,0.0,0.0,0.0
CUguV1e7Xzg,UCXJiqB85OD4gnutvJ-gKHsg,54,0,0,0,0,0.024,8.7,137.17
CX9FcH1pJNg,UCbnCFV5_c-nGiEQN1anEO5A,14,0,0,0,0,0.002,7.83,73.29
CXBwgKXD0Dk,UCxxl4xdZZqRSSz2VfnFBhwA,79,2,0,0,0,0.01,40.9,25.91
CXLj8RYNfos,UCZFs3JqsRIqtqYgo4HahDUQ,1501,37,0,2,3,0.218,71.79,18.0
CZ1ujA9tIOI,UC8gDq5ENmiVuJZIVsiZbQ8g,121,2,0,0,1,0.005,52.46,17.83
CbVf1H5CjAU,UCkIOcyGqKTJMIIyFHJunYDA,20,1,0,0,0,0.0,56.69,16.75
Cc5L3Nn7XzY,UCkIOcyGqKTJMIIyFHJunYDA,8501,82,1,0,17,0.368,67.4,21.0
CcC2C9QlRGk,UCJw9px5fOp-nwJG6g4gN1ng,50,1,0,0,0,0.047,0.67,52.0
CcDVH-4-WRk,UCZem4a64VnhfA4CBw9vM2bg,28,0,0,0,0,0.022,19.96,71.0
CdQGWQRSkxM,UCP4STX85lq_fpEtvQcq_5fw,16,1,0,0,1,0.032,4.49,58.25
Ce5qF5TkuSY,UC2IjY1Gm6b7pYp-vMJ2R9ig,18,0,0,0,0,0.015,19.67,294.89
CeBlbFp0ja4,UCpUrAXv2lzGxM4plYB7CE-A,132,1,0,0,0,0.338,9.25,445.0
CeX4ema9MJM,UCk2O5vfW3c_W5YWQ_BoD1Ug,79,0,0,0,0,0.007,70.59,32.56
Cg2cL9b82cI,UCMGKZD9ggu_Pfo4dkL47cXQ,10,0,0,0,0,0.001,56.76,34.4
CiQYXJiPUi0,UCm3RYOItKT_P0-oRCkkSMZw,2829,13,0,4,5,1.356,8.63,181.0
CipmpuSzwsc,UCIg97fCjw1HnS8vPqwiHLGA,1,0,0,0,0,0.001,22.1,283.0
Cjj-PrVUzhw,UCT7ZxKrKqxBvAODr8h_ODkA,13,1,0,0,0,0.002,7.51,127.38
CkIbbKfHLmA,UCl_Nqhf2SGNwv4uvbvs3upg,87,0,0,1,0,0.207,7.67,449.0
ClfGCVUOcJw,UC8Fm-ogvMehvbgF0BJjKiuQ,2,0,0,0,0,0.0,50.27,46.0
CmEPDq9I0ek,UC2IjY1Gm6b7pYp-vMJ2R9ig,1,0,0,0,0,0.0,5.86,59.0
CoEYyZMEpvY,UCEFB0gMdnD1NyiZaedHg2hQ,4067,65,0,0,2,0.382,87.69,19.0
CpO-8eo7vj8,UC2IjY1Gm6b7pYp-vMJ2R9ig,2,0,0,0,0,0.0,0.29,4.0
Cpvd9Z-eQ_Q,UCkIOcyGqKTJMIIyFHJunYDA,12,0,0,0,0,0.0,66.05,19.75
Cqcq7CDQXKk,UCSlOhfr5f-RPRP50yRri1uA,14051,130,0,1,38,0.725,57.46,29.53
CrO8TpaHQ2o,UCHONLLEtQ4f9yoqa1BWlhSg,2,0,0,0,0,0.001,4.0,45.0
Cs6IaJLa_lo,UCEFB0gMdnD1NyiZaedHg2hQ,65,3,0,0,0,0.003,68.06,16.68
Cum_f_V3jqE,UCMGKZD9ggu_Pfo4dkL47cXQ,236,3,0,0,1,0.503,14.58,231.75
Cw4P5IRKLBE,UCk2O5vfW3c_W5YWQ_BoD1Ug,164,0,0,0,0,0.354,11.69,154.9
CyMKl5Lh4J4,UCZFs3JqsRIqtqYgo4HahDUQ,45,0,0,0,0,0.001,19.73,15.36
CyT6LqbqPBU,UCdtOFTQ1GVPKzvOYsi1ApIw,1,0,0,0,0,0.0,16.13,12.0
CzbtxZmIzWk,UCsbnInDepLdq6o781WVZ-5g,5,0,0,0,0,0.0,0.0,0.0
D-4irQayIB4,UCf3lAEw_WPtcgHMUVAunzSw,173,0,0,0,0,0.002,52.63,13.98
D-g5M_gC8Ao,UCk2O5vfW3c_W5YWQ_BoD1Ug,269,1,0,0,0,0.017,79.95,22.59
D0sAP48GNSc,UCm3RYOItKT_P0-oRCkkSMZw,10,-1,0,0,0,0.001,45.32,23.4
D34yKwG9fmI,UCm3RYOItKT_P0-oRCkkSMZw,129,1,0,0,0,0.006,46.86,7.98
D4OpFh33W_U,UCZem4a64VnhfA4CBw9vM2bg,3317,17,0,0,3,0.394,83.74,19.49
D4WPb6Dcwzc,UCnwjt6PgkKuZC4S1A0yTOFQ,258,2,0,0,0,0.432,8.56,170.48
D5F3ZwCQmyo,UCbnCFV5_c-nGiEQN1anEO5A,3,0,0,0,0,0.0,6.54,120.0
D6StIW1GrSI,UCnwjt6PgkKuZC4S1A0yTOFQ,4,0,0,0,0,0.001,3.73,39.5
D8ejG_MoLYE,UCSlOhfr5f-RPRP50yRri1uA,146,1,0,0,0,0.006,29.2,29.46
DA7X8p16VE0,UCT7ZxKrKqxBvAODr8h_ODkA,4,0,0,0,0,0.0,28.7,7.0
DBPHdUXF41E,UCSlOhfr5f-RPRP50yRri1uA,188,1,0,0,0,0.003,52.59,22.48
DBVtHRpj0wY,UC8gDq5ENmiVuJZIVsiZbQ8g,13,0,0,0,0,0.001,177.85,159.77
DBaGwDt-H0A,UCsbnInDepLdq6o781WVZ-5g,23,1,0,0,0,0.003,82.53,41.35
DCL5gc8qYEM,UCxfDVRNK6SoN59v_t3ZJ33A,1,0,0,0,0,0.0,0.0,0.0
DCjJKyR0eI0,UCxhHKduxLRNAOC_GUHPPf1Q,3,0,0,0,0,0.0,33.35,19.0
DD39e4fVqPQ,UCVRU0wQxaEQdq0CKQHfifZg,2,0,0,0,0,0.0,0.0,0.0
DDd5_fSXVyc,UCsbnInDepLdq6o781WVZ-5g,2,0,0,0,0,0.0,44.07,131.0
DETsZQg4EMY,UCJw9px5fOp-nwJG6g4gN1ng,2085,13,0,0,0,0.05,56.77,17.0
DErB3qyaER8,UCSlOhfr5f-RPRP50yRri1uA,280,3,0,0,2,0.59,3.24,131.35
DFg5rNi492I,UCk2O5vfW3c_W5YWQ_BoD1Ug,7548,89,1,6,4,0.355,61.55,51.58
DGVATeORdPQ,UCxxl4xdZZqRSSz2VfnFBhwA,425,2,0,0,1,0.555,13.76,239.38
DIUKeEMiX2A,UCZem4a64VnhfA4CBw9vM2bg,12,0,0,0,0,0.0,61.7,8.33
DJS8wT_OfWs,UCk2O5vfW3c_W5YWQ_BoD1Ug,66,1,0,0,0,0.005,107.69,63.3
DKBJGvY8GXw,UCNkelFxYeQTdVdBzl3yaliw,25,0,0,0,0,0.015,7.25,156.56
DKBPGj3glkY,UCVRU0wQxaEQdq0CKQHfifZg,19,0,0,0,0,0.028,0.22,7.53
DKuJAXWSPFc,UCxhHKduxLRNAOC_GUHPPf1Q,164,0,0,0,0,0.102,3.99,105.0
DLAUmEARQwg,UCc-V01UlW1n8eGLpATLA5gw,6,0,0,0,0,0.004,5.17,168.0
DMOxX7P4bVs,UCl_Nqhf2SGNwv4uvbvs3upg,69,1,0,0,0,0.291,8.23,405.0
DNnd8r_mbos,UCxxl4xdZZqRSSz2VfnFBhwA,13,0,0,0,0,0.001,68.88,52.85
DOEgJGBtXuk,UCSlOhfr5f-RPRP50yRri1uA,13,0,0,0,0,0.0,0.0,0.0
DPCkT4O3vSM,UCdtOFTQ1GVPKzvOYsi1ApIw,192,3,0,2,2,0.198,4.07,180.0
DPP6h17bBAs,UCOfo1ycUYYsMkBRS56TSo3Q,2202,0,0,0,0,7.684,2.84,166.82
DPp4fByRvuI,UCLQ4NoTptaCDG4nUvDLtUoQ,14,0,0,0,0,0.0,34.95,22.29
DRcKlwiFQr4,UCc-V01UlW1n8eGLpATLA5gw,1,0,0,0,0,0.0,10.0,6.0
DRpCSM1cZhI,UCx08xHWVSQIiujaTJb8HWYg,198,0,0,0,1,0.233,2.28,91.06
DSc9BNTqLrk,UCnwjt6PgkKuZC4S1A0yTOFQ,1,0,0,0,0,0.0,0.02,0.0
DT-MlkD6FCE,UCZem4a64VnhfA4CBw9vM2bg,1031,12,1,1,2,1.172,22.86,115.68
DTrSRrptnPE,UCIg97fCjw1HnS8vPqwiHLGA,27,0,0,0,0,0.003,79.2,13.89
DViNcaTQYLo,UCkIOcyGqKTJMIIyFHJunYDA,5210,46,0,0,8,0.187,74.42,15.53
DWbhRMRd8Vk,UCJyOxDvifY5Xw18aNm_I8YQ,11,0,0,0,0,0.0,153.46,41.0
DXEAJG--sSQ,UCT7ZxKrKqxBvAODr8h_ODkA,1,0,0,0,0,0.0,3.99,61.0
DXWt3Q5N52Q,UCJw9px5fOp-nwJG6g4gN1ng,118,1,0,0,0,0.011,82.52,18.47
DYLlE0BcDyA,UCSlOhfr5f-RPRP50yRri1uA,23,0,0,0,0,0.0,33.84,32.7
DZRuekQ0dak,UCk2O5vfW3c_W5YWQ_BoD1Ug,3684,60,0,4,7,0.236,69.67,28.0
DaYsQrnSQqs,UCm3RYOItKT_P0-oRCkkSMZw,7,0,0,0,0,0.0,14.07,42.14
DbS3frsePtc,UC77WdDKy6cbCxZkC46eaudA,9,0,0,0,0,0.0,2.72,25.22
Dd9EWlkzrmM,UC8gDq5ENmiVuJZIVsiZbQ8g,799,0,0,0,2,0.028,46.9,24.78
DdwxEkguRb8,UCxfDVRNK6SoN59v_t3ZJ33A,8,1,0,0,0,0.001,4.48,3.75
DeEgcenG2fY,UCMGKZD9ggu_Pfo4dkL47cXQ,4798,28,0,0,10,5.308,20.14,157.51
DfLlngtyewk,UCx08xHWVSQIiujaTJb8HWYg,0,0,0,0,0,0.0,0.0,0.0
DhUAlg4RJ24,UCeVTtB1kN607CxFrFkiqjgQ,35,1,0,0,0,0.004,52.97,15.8
DhY-_XpmM-4,UCVRU0wQxaEQdq0CKQHfifZg,1067,1,0,1,0,5.25,18.64,616.5
DhreqeYCRuQ,UCxxl4xdZZqRSSz2VfnFBhwA,2,0,0,0,0,0.0,3.72,45.0
DiSoMM-pGCQ,UC2jHP3YhgMucr6UlgFzRhbA,916,1,0,0,0,0.021,43.16,13.0
DiVE3rZjJOg,UCZem4a64VnhfA4CBw9vM2bg,373,8,0,0,0,0.038,54.97,21.51
DjNqLrQuCBk,UCk2O5vfW3c_W5YWQ_BoD1Ug,360,4,0,0,0,0.026,61.31,31.49
DkWuO4O1ujI,UCEFB0gMdnD1NyiZaedHg2hQ,107,3,0,0,0,0.008,53.68,21.12
Dkx11oiztdQ,UCp013Ih_EWf3SXO8F4ftIwQ,7,0,0,0,0,0.0,1.32,121.0
Dl5mj_OqtyI,UCpUrAXv2lzGxM4plYB7CE-A,36,1,0,0,0,0.0,50.73,16.0
DlK6k235jgo,UC2IjY1Gm6b7pYp-vMJ2R9ig,30,0,0,0,0,0.001,11.59,110.43
Dmj3Xbwx0h0,UCdtOFTQ1GVPKzvOYsi1ApIw,15,0,0,1,0,0.011,1.92,96.0
Dmkd7hXLgZM,UCVRU0wQxaEQdq0CKQHfifZg,65,0,0,0,0,0.001,5.89,3.92
Dn-pGU712f0,UCxhHKduxLRNAOC_GUHPPf1Q,11,0,0,0,0,0.001,35.96,15.36
Do8cy3H-7X4,UCJw9px5fOp-nwJG6g4gN1ng,3807,72,0,2,5,0.373,63.58,30.76
Do9DF0hFw1Y,UCf3lAEw_WPtcgHMUVAunzSw,1,0,0,0,0,0.0,0.0,0.0
DphuRh0LsiQ,UC2jHP3YhgMucr6UlgFzRhbA,175,1,0,0,0,0.002,78.28,23.0
DqAkkM_8n_E,UCxfDVRNK6SoN59v_t3ZJ33A,9,0,0,0,0,0.0,59.19,85.56
DqQeHYYbFRM,UCZem4a64VnhfA4CBw9vM2bg,28,0,0,0,0,0.021,25.49,77.0
DqYiLSmK0J8,UCZem4a64VnhfA4CBw9vM2bg,5345,75,0,2,3,0.415,64.66,33.39
Dql7mFbAZ00,UCZFs3JqsRIqtqYgo4HahDUQ,20,0,0,0,0,0.0,17.33,7.5
DrJs3LdvLbo,UCLQ4NoTptaCDG4nUvDLtUoQ,647,1,0,0,0,1.094,3.46,248.46
DrX0Tw0j9gY,UC0GVHmLgrxE2SS8F0C19JVg,281,0,0,0,0,0.126,13.81,174.84
DrYlEK9ojr4,UCeVTtB1kN607CxFrFkiqjgQ,26,1,0,0,0,0.004,83.86,17.08
DraKHGv1NkQ,UCf3lAEw_WPtcgHMUVAunzSw,1,0,0,0,0,0.0,0.0,0.0
DrcUTBlMbFQ,UCMGKZD9ggu_Pfo4dkL47cXQ,1052,6,0,1,5,1.332,13.58,279.06
Ds4hVinOJpQ,UCJw9px5fOp-nwJG6g4gN1ng,15472,648,2,5,13,1.63,91.51,27.0
DsEqAhDT5Sc,UCAkSxwl8Lbk2hBXAAfsEFTA,0,0,0,0,0,0.001,0.0,0.0
DtLGp3K7fyg,UCnwjt6PgkKuZC4S1A0yTOFQ,2,0,0,0,0,0.003,6.88,106.0
DuMFkZj7Ung,UCMGKZD9ggu_Pfo4dkL47cXQ,5129,27,1,4,12,8.378,21.33,175.62
DvTnoMjC6a4,UCT7ZxKrKqxBvAODr8h_ODkA,5,0,0,0,0,0.0,0.66,14.8
DwEnAQtxsn8,UCZem4a64VnhfA4CBw9vM2bg,52,4,0,1,0,0.007,59.18,21.4
DwS-BQAZDjc,UCSlOhfr5f-RPRP50yRri1uA,65,0,0,0,0,0.0,1.63,23.0
DwVFJPdn1IY,UCxxl4xdZZqRSSz2VfnFBhwA,172,3,0,0,0,0.019,37.02,29.89
DwvBItqIJSY,UC77WdDKy6cbCxZkC46eaudA,0,0,0,0,0,0.002,0.0,0.0
DxDNM8UjOT8,UCEFB0gMdnD1NyiZaedHg2hQ,174,0,0,0,0,0.047,9.58,42.34
DzcsK1Cq350,UCxxl4xdZZqRSSz2VfnFBhwA,3,0,0,0,0,0.0,0.56,8.0
Dzy5WIx0o94,UC2jHP3YhgMucr6UlgFzRhbA,760,0,0,0,0,0.009,49.87,15.0
E0IRRaPt7Dg,UC2IjY1Gm6b7pYp-vMJ2R9ig,9,0,0,0,0,0.02,22.04,280.89
E0m8MdhaD14,UCf3lAEw_WPtcgHMUVAunzSw,18,0,0,0,0,0.001,90.04,25.78
E0njZxIN7rM,UCf3lAEw_WPtcgHMUVAunzSw,212,-1,0,1,2,0.082,10.53,137.25
E1Ur1QKVXyA,UCZem4a64VnhfA4CBw9vM2bg,16,0,0,0,0,0.002,73.31,55.38
E49ltafLQ1Y,UCf3lAEw_WPtcgHMUVAunzSw,7554,30,1,14,15,9.458,2.81,185.89
E5sWzGTYR8I,UC82nFsZOjs5Tr96upPPq9Ww,17,0,0,0,0,0.027,6.28,301.47
E6POEMrauiY,UCT7ZxKrKqxBvAODr8h_ODkA,11,0,0,0,0,0.0,103.16,13.09
E7XMhoIxReA,UCctSzoeee7KCnR84dZ6IO7w,16,1,0,0,1,0.028,8.5,165.0
E7uL9eLL0kw,UCk2O5vfW3c_W5YWQ_BoD1Ug,934,5,0,1,0,0.06,33.51,20.07
E8gQwk3wi1A,UCMGKZD9ggu_Pfo4dkL47cXQ,331,2,0,0,0,0.048,89.52,29.79
E9CwVgu5dB4,UCSlOhfr5f-RPRP50yRri1uA,16,0,0,0,0,0.002,166.92,71.25
E9TO6mGt-OE,UCk2O5vfW3c_W5YWQ_BoD1Ug,65,1,0,0,0,0.007,28.09,34.77
E9intJBdUfo,UCT7ZxKrKqxBvAODr8h_ODkA,10,1,0,0,0,0.013,9.03,230.6
ED1yPGEjxI8,UCZFs3JqsRIqtqYgo4HahDUQ,339,0,0,0,1,0.021,58.73,16.0
EEGjKgbpbpE,UCEFB0gMdnD1NyiZaedHg2hQ,57,2,0,0,0,0.005,108.24,17.47
EEmDNQJF7RY,UCxxl4xdZZqRSSz2VfnFBhwA,8,1,0,0,0,0.002,1.95,28.25
EFxdjbytFhk,UCdtOFTQ1GVPKzvOYsi1ApIw,15,0,0,1,0,0.03,1.45,56.0
EGQlJJxWsqM,UCxfDVRNK6SoN59v_t3ZJ33A,1,0,0,0,0,0.0,0.0,0.0
EGe-omF_2kQ,UCc-V01UlW1n8eGLpATLA5gw,6,0,0,0,0,0.0,55.52,42.0
EH0FTfLwLpU,UCSlOhfr5f-RPRP50yRri1uA,132,0,0,0,0,0.003,26.81,14.59
EH0rWETIGeA,UCJw9px5fOp-nwJG6g4gN1ng,9947,443,3,3,8,1.095,99.25,32.0
EHKXBi5DdHs,UCvfQU0Npb-ve-LxUlaAN1GA,1,0,0,0,0,0.0,0.0,0.0
EIvf1UvgFfk,UCEFB0gMdnD1NyiZaedHg2hQ,254,3,0,0,1,0.446,10.89,80.83
EJXdfoxTNYk,UCLQ4NoTptaCDG4nUvDLtUoQ,23,0,0,0,1,0.078,17.94,48.39
ELzeylCTebI,UCxfDVRNK6SoN59v_t3ZJ33A,1,0,0,0,0,0.0,0.0,0.0
EPdTJDEGNfQ,UCZFs3JqsRIqtqYgo4HahDUQ,222,2,0,0,1,0.009,51.84,14.69
EPu9OroSYEE,UC80LfoIH6FrzHTm6lXTWCKQ,970,3,0,1,0,2.032,11.06,167.0
EQ3OVkG3NXU,UCxxl4xdZZqRSSz2VfnFBhwA,2,0,0,0,0,0.002,1.07,5.0
EQd36PruyEU,UCp013Ih_EWf3SXO8F4ftIwQ,2780,13,0,5,5,3.346,2.83,191.0
EQf7Id6S5PI,UCVRU0wQxaEQdq0CKQHfifZg,28593,37,1,4,13,27.272,1.2,56.57
ERGMG0tPZ8E,UCSlOhfr5f-RPRP50yRri1uA,10,0,0,0,0,0.0,12.42,12.8
ERWMjMgAafM,UCx08xHWVSQIiujaTJb8HWYg,0,0,0,0,0,0.0,0.0,0.0
ES8M7lz2eTc,UCdtOFTQ1GVPKzvOYsi1ApIw,640,0,0,0,0,1.125,3.76,22.09
ESaCWrmsvTk,UCMGKZD9ggu_Pfo4dkL47cXQ,29,0,0,0,0,0.006,40.61,22.1
ETyNE8-kd3A,UC2jHP3YhgMucr6UlgFzRhbA,1004,4,0,0,0,0.005,55.1,18.0
EUO06dAI5wU,UCxxl4xdZZqRSSz2VfnFBhwA,21,0,0,0,0,0.003,73.87,18.86
EUVBFC_5lTU,UCp013Ih_EWf3SXO8F4ftIwQ,275,0,0,0,1,0.015,60.23,17.0
EVMT-_WHrnM,UCXJiqB85OD4gnutvJ-gKHsg,5562,16,0,1,19,4.263,9.93,51.94
EXOwejpGj_M,UC8gDq5ENmiVuJZIVsiZbQ8g,9,0,0,0,0,0.03,5.7,93.0
EXlOBQ9m9r0,UCnwjt6PgkKuZC4S1A0yTOFQ,137,0,0,0,0,0.181,14.5,272.8
EYTXOIE4yIE,UCT7ZxKrKqxBvAODr8h_ODkA,29,0,0,0,0,0.015,6.97,135.48
EZ22x03NL9E,UCxxl4xdZZqRSSz2VfnFBhwA,138,3,0,0,0,0.023,72.58,20.53
EZ_VqfVpVM4,UCp013Ih_EWf3SXO8F4ftIwQ,45,0,0,0,0,0.002,50.88,14.0
E_su1l4MGlA,UCZem4a64VnhfA4CBw9vM2bg,54,0,0,0,0,0.022,12.32,165.89
EawOVI03cAo,UCZem4a64VnhfA4CBw9vM2bg,1738,9,0,0,4,1.623,22.4,110.12
Eb8aUVwMdAw,UCL_RZ1IidYQkVQxfimfnPSQ,5983,4,2,0,1,2.335,2.37,73.0
EcsTz0BhVDM,UCVRU0wQxaEQdq0CKQHfifZg,237,1,0,5,0,0.576,3.33,145.55
EdIdFTQksc0,UCbnCFV5_c-nGiEQN1anEO5A,4,0,0,0,0,0.0,2.98,45.75
Edotgqp7WE0,UCmhHN34V-dphAOk3RXxjb0g,42,0,0,0,0,0.093,3.94,156.0
Ee9Z814eGhM,UCZFs3JqsRIqtqYgo4HahDUQ,92,0,0,0,0,0.006,82.02,15.83
Eeafn6EOxbs,UCIg97fCjw1HnS8vPqwiHLGA,156,1,0,0,0,0.053,15.89,65.72
EfH_9XcJd3w,UCJw9px5fOp-nwJG6g4gN1ng,14012,488,1,6,18,1.831,87.7,28.0
EfKvQXumqMw,UCnwjt6PgkKuZC4S1A0yTOFQ,2,0,0,0,0,0.0,10.54,215.0
EfMUYIVs_rQ,UCT7ZxKrKqxBvAODr8h_ODkA,22,0,0,0,0,0.001,93.18,32.77
Efjh-qGwXBc,UCOfo1ycUYYsMkBRS56TSo3Q,554,0,0,0,1,0.013,29.28,16.0
Efn6vJnf7Mg,UCxhHKduxLRNAOC_GUHPPf1Q,2,0,0,0,0,0.0,5.87,4.0
Efxng_M5gtg,UCdtOFTQ1GVPKzvOYsi1ApIw,33,0,0,0,0,0.004,73.96,31.0
EhgIuaNhSZ4,UC8Fm-ogvMehvbgF0BJjKiuQ,1,0,0,0,0,0.0,0.0,0.0
Ejl0frGE1jc,UCVRU0wQxaEQdq0CKQHfifZg,25,0,0,0,0,0.01,18.26,113.44
EjmYYqVAXNk,UCXJiqB85OD4gnutvJ-gKHsg,40,1,0,2,0,0.091,7.18,305.65
EkU15c_tTSY,UC8gDq5ENmiVuJZIVsiZbQ8g,1385,15,0,0,3,0.157,54.69,16.0
ElsG7h5eZ8o,UCf3lAEw_WPtcgHMUVAunzSw,21,0,0,0,0,0.002,757.15,173.95
Em5SWRRiKr0,UCZem4a64VnhfA4CBw9vM2bg,86,3,0,0,0,0.007,55.69,16.5
EmSc2R9nDbQ,UCLQ4NoTptaCDG4nUvDLtUoQ,75,0,0,0,1,0.037,14.97,99.04
EnMT5Wx0xTA,UCJw9px5fOp-nwJG6g4gN1ng,242,11,0,0,0,0.022,78.46,22.38
EnpT_jLdVRE,UC01rTYtA_UsuZ5wzxnyHFcg,10,0,0,0,0,0.006,2.72,54.0
Enq4MOzd41Q,UCMGKZD9ggu_Pfo4dkL47cXQ,21,0,0,0,0,0.008,3.0,40.33
Ep7EDx-d6MI,UCxfDVRNK6SoN59v_t3ZJ33A,1,0,0,0,0,0.0,5.43,4.0
EpB9ajJpPzg,UCxfDVRNK6SoN59v_t3ZJ33A,10,0,0,0,0,0.009,0.83,65.5
Epp8rreY8Zk,UCSlOhfr5f-RPRP50yRri1uA,20,0,0,0,0,0.004,12.44,167.0
EqCce8A4o0M,UCc-V01UlW1n8eGLpATLA5gw,1,0,0,0,0,0.0,0.0,0.0
ErqtPWrOJRo,UChhBhc7qJ42rgzAIPe9z6Cg,2435,10,0,0,9,0.372,11.52,159.82
ErrU31raJ_4,UC0GVHmLgrxE2SS8F0C19JVg,2,0,0,0,0,0.0,2.89,56.0
EtQp1gzExrM,UCnwjt6PgkKuZC4S1A0yTOFQ,2,0,0,0,0,0.0,0.08,1.0
Eu9gVYkvWEI,UCxfDVRNK6SoN59v_t3ZJ33A,1,0,0,0,0,0.0,0.0,0.0
EvY8a_5bGRY,UCZFs3JqsRIqtqYgo4HahDUQ,9190,13,0,8,9,13.455,1.41,108.45
EwLJPNm8GCU,UCdtOFTQ1GVPKzvOYsi1ApIw,800,0,0,0,0,0.319,4.2,47.92
EwgdSvm1SLo,UCVRU0wQxaEQdq0CKQHfifZg,730,8,0,1,1,0.572,5.38,200.14
Ez7fJ-P40hI,UCT7ZxKrKqxBvAODr8h_ODkA,68,0,0,0,0,0.057,4.49,189.65
F-kgXcWhOhk,UCx08xHWVSQIiujaTJb8HWYg,1,0,0,0,0,0.0,0.0,0.0
F-qlAC6LgbU,UCeVTtB1kN607CxFrFkiqjgQ,9,1,0,0,0,0.002,59.19,37.33
F0MDFKUPBRo,UC0GVHmLgrxE2SS8F0C19JVg,3,0,0,0,0,0.002,3.59,72.33
F17rnuJU4Pk,UCXJiqB85OD4gnutvJ-gKHsg,2,0,0,0,0,0.0,0.0,0.0
F2f7GRQ0hj4,UCTqUiADoXl9Cq74vCP4FJCQ,13,0,0,0,0,0.001,53.45,30.0
F2wvad315Nk,UCmhHN34V-dphAOk3RXxjb0g,642,0,0,0,0,0.0,0.06,2.26
F3Dvdanz1cg,UCxfDVRNK6SoN59v_t3ZJ33A,4,0,0,0,0,0.0,0.43,20.0
F3Na2PefXAI,UCMGKZD9ggu_Pfo4dkL47cXQ,40,0,0,0,0,0.103,12.69,176.2
F44w4IQ3gY4,UCP4STX85lq_fpEtvQcq_5fw,252,2,0,0,1,0.105,14.19,130.37
F4aWnafMmQg,UCZem4a64VnhfA4CBw9vM2bg,1132,18,0,0,1,0.112,57.97,31.83
F5LbuXo3dUY,UCTGoaBFABIBLXcqXzCM5D3A,160,0,0,0,0,0.0,72.86,23.0
F5RuiwaUX_0,UC8gDq5ENmiVuJZIVsiZbQ8g,1599,14,0,1,0,0.081,32.08,47.45
F63Gs9bf-zY,UCSlOhfr5f-RPRP50yRri1uA,241,0,0,0,1,0.259,10.64,470.09
F66vN5-reOI,UCXJiqB85OD4gnutvJ-gKHsg,24,0,0,0,0,0.005,9.39,122.33
F6MWu8a9g2U,UC2jHP3YhgMucr6UlgFzRhbA,63,0,0,0,0,0.0,59.23,18.0
F7zOlTtBBDo,UCxxl4xdZZqRSSz2VfnFBhwA,26,0,0,0,0,0.005,69.36,51.0
F83OXJtdGZY,UCc-V01UlW1n8eGLpATLA5gw,1,0,0,0,0,0.0,0.0,0.0
F88yp8MxKkg,UCl_Nqhf2SGNwv4uvbvs3upg,279,4,0,0,2,0.004,75.21,28.0
F9881a9g82E,UCL_RZ1IidYQkVQxfimfnPSQ,10,1,0,0,0,0.001,45.75,37.0
FBXLXv1GJHs,UCL_RZ1IidYQkVQxfimfnPSQ,11,0,0,0,0,0.001,111.98,16.0
FBb6RAXXa44,UCxhHKduxLRNAOC_GUHPPf1Q,2,0,0,0,0,0.014,3.72,176.0
FC-sXskVaVc,UCT7ZxKrKqxBvAODr8h_ODkA,11,0,0,0,0,0.012,4.95,74.27
FCPDz1TUfZk,UCk2O5vfW3c_W5YWQ_BoD1Ug,160,0,0,0,0,0.113,29.87,74.09
FCT-SppaI7E,UCNkelFxYeQTdVdBzl3yaliw,2,0,0,0,0,0.0,11.82,142.0
FCiWpdfxjgc,UCc-V01UlW1n8eGLpATLA5gw,18,0,0,0,0,0.018,3.62,154.0
FD0FX5QUsQ4,UCpUrAXv2lzGxM4plYB7CE-A,288,1,0,0,0,0.014,74.89,23.0
FE33xGrmQOU,UCSlOhfr5f-RPRP50yRri1uA,19,0,0,0,0,0.0,3.68,3.68
FE9DhXDjiUA,UCSlOhfr5f-RPRP50yRri1uA,10,0,0,0,0,0.006,4.17,151.0
FEP3q6qiHnU,UCm3RYOItKT_P0-oRCkkSMZw,392,1,0,0,0,0.209,18.02,125.73
FEmehbXXoIc,UC0GVHmLgrxE2SS8F0C19JVg,380,5,0,0,0,1.387,19.38,335.63
FEv7iBsDqg0,UCk2O5vfW3c_W5YWQ_BoD1Ug,200,2,0,0,0,0.017,76.68,27.0
FFOD00jCf8M,UCEFB0gMdnD1NyiZaedHg2hQ,0,0,0,0,0,0.0,0.0,0.0
FFQgu4JiKLI,UCT7ZxKrKqxBvAODr8h_ODkA,207,1,0,0,0,0.055,8.69,166.21
FGCDHAZjpVg,UCdtOFTQ1GVPKzvOYsi1ApIw,22553,1,0,0,0,36.286,5.98,110.64
FGYuOHM2too,UCp013Ih_EWf3SXO8F4ftIwQ,93,1,0,0,1,0.004,61.68,16.0
FHs3hbGAuQQ,UCctSzoeee7KCnR84dZ6IO7w,1,0,0,0,0,0.0,0.06,1.0
FHubOdZDXv0,UCpUrAXv2lzGxM4plYB7CE-A,143,-1,0,0,0,0.145,2.22,98.0
FIOIdLKnlFM,UCAkSxwl8Lbk2hBXAAfsEFTA,3,0,0,0,0,0.001,7.51,104.0
FJ7eoSq1hw4,UCZFs3JqsRIqtqYgo4HahDUQ,893,33,0,1,4,0.078,68.51,21.31
FJAiTRJ0hQw,UCxhHKduxLRNAOC_GUHPPf1Q,2100,18,0,0,5,4.943,9.69,481.78
FK0Q_Bb7UX0,UCOfo1ycUYYsMkBRS56TSo3Q,212,0,0,0,0,0.014,62.88,18.11
FK1DnDtS0TI,UC2IjY1Gm6b7pYp-vMJ2R9ig,3,0,0,0,0,0.0,3.16,30.0
FK5a8rjuRGk,UCMGKZD9ggu_Pfo4dkL47cXQ,277,1,0,0,0,0.048,10.45,38.0
FM3akgVAkCA,UCxfDVRNK6SoN59v_t3ZJ33A,137,0,0,0,0,0.074,17.3,44.18
FNCjKjapLQQ,UCZFs3JqsRIqtqYgo4HahDUQ,1287,1,0,0,0,1.374,0.92,69.97
FO3wHDeUql4,UCk2O5vfW3c_W5YWQ_BoD1Ug,73,1,0,0,0,0.005,39.99,26.26
FO9ElWF6AjA,UCf3lAEw_WPtcgHMUVAunzSw,280,0,0,2,0,2.516,2.47,205.26
FOD3YrV4uWE,UCLQ4NoTptaCDG4nUvDLtUoQ,5,0,0,0,0,0.0,0.0,0.0
FOIGaS6KarQ,UC82nFsZOjs5Tr96upPPq9Ww,16,0,0,0,0,0.037,4.19,250.12
FOm93X4LHE0,UCk2O5vfW3c_W5YWQ_BoD1Ug,997,4,0,0,0,0.066,54.8,31.46
FPLW06p7F04,UCXJiqB85OD4gnutvJ-gKHsg,2096,9,0,0,4,1.849,5.23,227.69
FRKVfW_Lcx4,UCSlOhfr5f-RPRP50yRri1uA,490,7,0,1,1,0.028,111.46,49.87
FS0AXrsVZQI,UCbnCFV5_c-nGiEQN1anEO5A,2,0,0,0,0,0.0,0.82,10.0
FTW5kIj4V5w,UCAkSxwl8Lbk2hBXAAfsEFTA,0,0,0,0,0,0.0,0.0,0.0
FUncju02IL0,UC0GVHmLgrxE2SS8F0C19JVg,4,0,0,0,0,0.0,34.27,32.0
FV1bKmGh3xI,UC2IjY1Gm6b7pYp-vMJ2R9ig,3091,19,1,2,7,6.614,14.76,273.0
FV4sbbwhNJI,UCZFs3JqsRIqtqYgo4HahDUQ,478,9,0,0,0,0.041,77.29,15.61
FV9evcouZoA,UCkIOcyGqKTJMIIyFHJunYDA,559,2,0,0,0,0.441,3.39,234.87
FVUkt_zKE3Q,UC82nFsZOjs5Tr96upPPq9Ww,3,0,0,0,0,0.001,52.94,62.0
FVteS777jwg,UCeVTtB1kN607CxFrFkiqjgQ,5,0,0,0,0,0.008,19.08,574.4
FWuzSlOX1kw,UCdtOFTQ1GVPKzvOYsi1ApIw,638,0,0,0,0,0.0,61.73,36.88
FWz-8w1HKtM,UCsbnInDepLdq6o781WVZ-5g,13,0,0,0,0,0.02,5.33,75.0
FYUCkXnmqR0,UCP4STX85lq_fpEtvQcq_5fw,13,0,0,0,0,0.011,8.23,98.85
FYc9JeUxz3g,UCnwjt6PgkKuZC4S1A0yTOFQ,33,0,0,0,0,0.009,8.09,132.73
FZD_nkCgbDA,UCk2O5vfW3c_W5YWQ_BoD1Ug,12548,155,2,1,13,0.711,75.65,32.46
Fankz3Taa1Y,UC8Fm-ogvMehvbgF0BJjKiuQ,1,0,0,0,0,0.0,0.0,0.0
FbSELaBbggg,UCpUrAXv2lzGxM4plYB7CE-A,3,0,0,0,0,0.006,0.24,13.0
FblJMHxDL0c,UCIg97fCjw1HnS8vPqwiHLGA,11,0,0,0,0,0.06,4.22,174.18
Fc1ToBfSbrk,UCSlOhfr5f-RPRP50yRri1uA,13,0,0,0,0,0.0,0.0,0.0
FcbFYoKk5pU,UCnwjt6PgkKuZC4S1A0yTOFQ,3390,20,0,0,11,1.428,12.92,287.25
FdSt85vz8rY,UCL_RZ1IidYQkVQxfimfnPSQ,12,1,0,0,0,0.001,91.18,28.0
Feps7O-zuq8,UC80LfoIH6FrzHTm6lXTWCKQ,24,0,0,0,0,0.004,126.93,48.0
FfVi7dwIQEE,UCHONLLEtQ4f9yoqa1BWlhSg,8,0,0,0,0,0.0,10.42,6.25
FgJIvyh8eT8,UC2jHP3YhgMucr6UlgFzRhbA,176,0,0,0,0,0.003,70.4,21.0
Fh6epwaRQNc,UCP4STX85lq_fpEtvQcq_5fw,13,0,0,0,0,0.003,18.14,218.38
FiwZLcZ2gPM,UCxhHKduxLRNAOC_GUHPPf1Q,6,0,0,0,0,0.0,0.15,8.67
FjKv-99v5I0,UC2jHP3YhgMucr6UlgFzRhbA,14,0,0,0,0,0.001,106.82,38.0
FjQyb5bYvgs,UC2IjY1Gm6b7pYp-vMJ2R9ig,6,0,0,0,0,0.003,33.25,424.0
Fjg4zqUCtlE,UCxxl4xdZZqRSSz2VfnFBhwA,419,1,0,0,1,1.273,9.17,161.06
FjohhLxcBGk,UChhBhc7qJ42rgzAIPe9z6Cg,2,0,0,0,0,0.0,70.29,36.0
FkcrdUF1ybU,UCkIOcyGqKTJMIIyFHJunYDA,76,3,0,0,0,0.002,74.29,23.47
FlB5_mV4kRU,UCT7ZxKrKqxBvAODr8h_ODkA,13,0,0,0,0,0.009,18.68,205.38
Fo-t2QgU2iI,UCXJiqB85OD4gnutvJ-gKHsg,554,8,0,0,2,0.064,76.46,33.88
FoVUGY1_31A,UCZFs3JqsRIqtqYgo4HahDUQ,2,0,0,0,0,0.003,7.52,477.5
Fpr1vW5kviw,UCk2O5vfW3c_W5YWQ_BoD1Ug,156,0,0,0,0,0.012,66.18,26.56
FrPIxMhEkdM,UCXJiqB85OD4gnutvJ-gKHsg,9,0,0,0,0,0.001,104.06,31.0
FrebDlpc82Y,UC2jHP3YhgMucr6UlgFzRhbA,0,0,0,0,0,0.0,0.0,0.0
Fro7wSM8V5A,UCSlOhfr5f-RPRP50yRri1uA,13,0,0,0,0,0.004,1.76,128.46
FrqCHwysw0o,UCTqUiADoXl9Cq74vCP4FJCQ,49,0,0,0,0,0.441,5.84,500.86
FrqH1dq9PHg,UC77WdDKy6cbCxZkC46eaudA,90,1,0,0,0,0.005,11.23,28.11
FthWcWOj5CE,UCT7ZxKrKqxBvAODr8h_ODkA,122,1,0,0,0,0.001,92.23,14.35
Fu7fPTw3pAw,UCl_Nqhf2SGNwv4uvbvs3upg,40,0,0,0,0,0.273,10.42,593.0
FuC_hrG2bfk,UC2IjY1Gm6b7pYp-vMJ2R9ig,9,0,0,0,0,0.0,28.57,20.22
Fu_oG8Cu9bM,UCXJiqB85OD4gnutvJ-gKHsg,135,0,0,0,0,0.143,3.63,187.27
FvidmOgzMCo,UCXJiqB85OD4gnutvJ-gKHsg,14,0,0,0,0,0.019,16.57,186.0
Fw4-HUWbHys,UCZem4a64VnhfA4CBw9vM2bg,1276,13,0,1,1,0.144,63.44,18.44
FwCnii43pXc,UCSlOhfr5f-RPRP50yRri1uA,290,3,0,0,0,0.017,56.13,19.0
FwWQfFabiEY,UCx08xHWVSQIiujaTJb8HWYg,18,0,0,0,0,0.006,2.12,29.0
FxR67jydpKY,UCkIOcyGqKTJMIIyFHJunYDA,778,8,0,0,0,0.023,54.22,18.44
G-S7RdDIZtw,UCf3lAEw_WPtcgHMUVAunzSw,22,0,0,0,0,0.001,92.22,26.82
G-zcuY4bzL4,UCm3RYOItKT_P0-oRCkkSMZw,8,1,0,0,0,0.002,61.15,21.38
G1NUPoQx4KI,UC77WdDKy6cbCxZkC46eaudA,1267,2,0,0,5,0.699,11.33,169.22
G1_1nIcPOWQ,UCSlOhfr5f-RPRP50yRri1uA,5,0,0,0,0,0.0,0.0,0.0
G2y8_iXPqHY,UCSlOhfr5f-RPRP50yRri1uA,303,2,0,0,0,0.009,135.23,28.91
G4DnKb5qUwc,UCHONLLEtQ4f9yoqa1BWlhSg,3,0,0,0,0,0.002,3.82,59.33
G4IjujdBGB8,UCEFB0gMdnD1NyiZaedHg2hQ,89,1,0,0,0,0.006,55.77,15.42
G52PDbI7kvY,UCxhHKduxLRNAOC_GUHPPf1Q,9,0,0,0,0,0.002,89.12,38.67
G5QGep53xtw,UCxxl4xdZZqRSSz2VfnFBhwA,49,2,0,0,0,0.145,19.87,310.67
G5oNU6s4mVk,UCdtOFTQ1GVPKzvOYsi1ApIw,478,0,0,0,0,0.0,0.01,0.01
G6Rmz8aikYg,UCf3lAEw_WPtcgHMUVAunzSw,2,0,0,0,0,0.0,77.32,7.0
G6T7ZgXzT-E,UCHONLLEtQ4f9yoqa1BWlhSg,51,0,0,0,0,0.065,6.97,86.98
G6UAo5v9BUQ,UCMGKZD9ggu_Pfo4dkL47cXQ,180,2,0,0,0,0.001,61.19,8.49
G72qm36Mtmg,UCSlOhfr5f-RPRP50yRri1uA,62,1,0,0,0,0.002,65.11,32.5
G7YkMnXl-fg,UCxfDVRNK6SoN59v_t3ZJ33A,2343,12,0,1,7,1.968,16.6,389.01
G7hP3FKOKaU,UCm3RYOItKT_P0-oRCkkSMZw,1639,7,1,0,4,1.516,11.06,180.43
G7jMRziD0Rs,UCTqUiADoXl9Cq74vCP4FJCQ,0,0,0,0,0,0.0,0.0,0.0
G8rqucXmAAs,UC01rTYtA_UsuZ5wzxnyHFcg,1,0,0,0,0,0.0,0.0,0.0
G9aNMAFK-TY,UC2IjY1Gm6b7pYp-vMJ2R9ig,2750,21,0,2,5,5.116,15.22,278.71
GAHcJLZmico,UCJw9px5fOp-nwJG6g4gN1ng,154,6,0,0,0,0.017,67.71,20.55
GAjz-cG9kIQ,UCHONLLEtQ4f9yoqa1BWlhSg,4,0,0,0,0,0.0,76.94,48.0
GB-bvWjTSBc,UCMGKZD9ggu_Pfo4dkL47cXQ,56,2,0,0,1,0.006,56.35,16.68
GBDga9lX_yI,UCTqUiADoXl9Cq74vCP4FJCQ,1645,2,0,1,2,1.365,0.77,53.61
GCIve17QqCs,UCJw9px5fOp-nwJG6g4gN1ng,107,0,0,0,0,0.014,66.59,22.19
GCMyxQfZ-Jo,UC8gDq5ENmiVuJZIVsiZbQ8g,1089,2,0,2,1,4.215,4.48,227.66
GD79U9tuPeA,UCf3lAEw_WPtcgHMUVAunzSw,1491,5,0,1,0,0.045,39.8,11.97
GDWWyvvpHoQ,UCxfDVRNK6SoN59v_t3ZJ33A,2,0,0,0,0,0.0,55.63,96.0
GES9j_c-eKY,UCHONLLEtQ4f9yoqa1BWlhSg,9,0,0,0,0,0.002,2.31,55.0
GFNb1oi1Ilo,UCZem4a64VnhfA4CBw9vM2bg,262,3,0,1,0,0.439,6.69,394.88
GFVn2GA0p6M,UCbnCFV5_c-nGiEQN1anEO5A,14,0,0,0,0,0.002,14.81,123.86
GFx738OIzKI,UCk2O5vfW3c_W5YWQ_BoD1Ug,167,0,0,2,0,0.365,11.1,193.11
GHz4J3Sr0iA,UCm3RYOItKT_P0-oRCkkSMZw,5254,28,0,3,19,2.107,13.36,162.49
GI28sm6saXo,UCSlOhfr5f-RPRP50yRri1uA,17,0,0,0,0,0.025,13.84,47.18
GIcL-tJTy6g,UCP4STX85lq_fpEtvQcq_5fw,1312,6,0,4,3,1.192,15.67,200.21
GIexiYeQKd4,UCAkSxwl8Lbk2hBXAAfsEFTA,1,0,0,0,0,0.0,0.0,0.0
GJHEqQFpB6M,UCl_Nqhf2SGNwv4uvbvs3upg,7,0,0,0,0,0.0,117.97,36.0
GJNTtMsiGLM,UCkIOcyGqKTJMIIyFHJunYDA,12054,99,1,2,18,0.59,71.99,24.35
GJl3rVOE0aI,UCmhHN34V-dphAOk3RXxjb0g,1443,10,0,1,5,2.825,7.19,281.0
GKCVIYCbIG4,UCZem4a64VnhfA4CBw9vM2bg,1128,9,2,1,1,0.962,11.84,186.74
GKgkfJCG1ZU,UCAkSxwl8Lbk2hBXAAfsEFTA,1,0,0,0,0,0.0,0.0,0.0
GKjSBzZRQqk,UCnwjt6PgkKuZC4S1A0yTOFQ,0,0,0,0,0,0.0,0.0,0.0
GLUjeoejsHc,UCeVTtB1kN607CxFrFkiqjgQ,20,1,0,0,0,0.001,69.41,32.75
GLXPSN4TCG4,UCJw9px5fOp-nwJG6g4gN1ng,125,2,0,0,0,0.014,69.12,21.25
GMfnlhN9YJI,UCx08xHWVSQIiujaTJb8HWYg,67,0,0,0,0,0.046,1.6,115.03
GMvXhv2tCKs,UCmhHN34V-dphAOk3RXxjb0g,2965,7,0,3,3,27.968,3.22,141.0
GNkkD6Xtna0,UCxfDVRNK6SoN59v_t3ZJ33A,15,0,0,0,0,0.001,69.82,23.6
GOlPj_uRGWc,UCqbTAXnwXspcNb7l3UqrOHQ,50,0,0,0,0,0.166,14.79,173.5
GPdRB9mRWWE,UCZem4a64VnhfA4CBw9vM2bg,69,1,0,0,0,0.008,70.0,20.61
GQO91Qceqnk,UCIg97fCjw1HnS8vPqwiHLGA,15,1,0,0,0,0.029,14.28,269.53
GR023MLawt0,UC2IjY1Gm6b7pYp-vMJ2R9ig,0,0,0,0,0,0.0,0.0,0.0
GR4wdZ_xcQ0,UCf3lAEw_WPtcgHMUVAunzSw,674,1,0,0,1,2.349,2.32,168.67
GS2tatnc7RQ,UCxhHKduxLRNAOC_GUHPPf1Q,4,0,0,0,0,0.0,34.38,15.0
GSV_AUCm-xw,UCnwjt6PgkKuZC4S1A0yTOFQ,142,3,0,0,0,0.1,2.22,27.0
GSa9rq0-xOE,UCy_zcQwyTyQG6bpwfpHfffw,94,0,0,0,0,0.0,45.28,21.45
GTQ2BfFCTSg,UCpUrAXv2lzGxM4plYB7CE-A,24,1,0,0,0,0.0,32.79,11.0
GVJ5i4f5aJM,UCNkelFxYeQTdVdBzl3yaliw,1,0,0,0,0,0.0,0.38,19.0
GVO8twSqLQo,UCeVTtB1kN607CxFrFkiqjgQ,1,0,0,0,0,0.0,0.14,1.0
GYcE_L057DE,UCm3RYOItKT_P0-oRCkkSMZw,1,0,0,0,0,0.0,4.67,78.0
G_bxwpJDfuI,UCxfDVRNK6SoN59v_t3ZJ33A,3,0,0,0,0,0.0,0.0,0.0
GbjfgpGPhRA,UCJw9px5fOp-nwJG6g4gN1ng,65,1,0,0,0,0.007,62.65,18.85
GcE3qEm1lV4,UCf3lAEw_WPtcgHMUVAunzSw,4,0,0,0,0,0.0,43.3,9.0
GcLxxVAmF2w,UCnKHDbf4TM65HyT2XdQaT6Q,31,0,0,0,0,0.002,148.88,35.0
GcPPhU0dAag,UCk2O5vfW3c_W5YWQ_BoD1Ug,2446,25,1,2,2,0.184,77.27,16.49
GeKfDJV8CEI,UCf3lAEw_WPtcgHMUVAunzSw,1,0,0,0,0,0.0,0.53,5.0
GeN9dTzxDyM,UCpUrAXv2lzGxM4plYB7CE-A,40,0,0,0,0,0.007,2.0,94.0
Gf0-XE6POtw,UCT7ZxKrKqxBvAODr8h_ODkA,16,0,0,0,0,0.001,2.16,47.25
Gg9WU1wyIGk,UCJyOxDvifY5Xw18aNm_I8YQ,188,0,0,0,0,0.0,14.37,9.0
GhSEqzJY3g0,UC2IjY1Gm6b7pYp-vMJ2R9ig,4,0,0,0,0,0.001,6.29,67.0
Gi4D6AdG0aQ,UCSlOhfr5f-RPRP50yRri1uA,22,0,0,0,0,0.0,6.53,3.27
GjmdGoMKTsg,UC0GVHmLgrxE2SS8F0C19JVg,2,0,0,0,0,0.0,2.25,38.0
GlZu51CFo_8,UCxhHKduxLRNAOC_GUHPPf1Q,14,0,0,0,0,0.0,76.46,32.43
Gm1hzP2j1-A,UCf3lAEw_WPtcgHMUVAunzSw,7,0,0,0,0,0.023,22.11,386.29
GmuXbRQgLNI,UChhBhc7qJ42rgzAIPe9z6Cg,767,5,0,1,3,0.281,10.42,166.88
GnUGLEgPJhs,UCdtOFTQ1GVPKzvOYsi1ApIw,4,0,0,0,0,0.001,19.81,9.0
Gn_uUl3iK1M,UCOfo1ycUYYsMkBRS56TSo3Q,11087,8,0,1,2,12.653,0.82,53.0
GnwMQTUsrTQ,UCMGKZD9ggu_Pfo4dkL47cXQ,36,-1,0,0,0,0.032,13.3,183.11
GoYMgORgv5w,UCc-V01UlW1n8eGLpATLA5gw,13,0,0,0,0,0.066,2.86,40.0
Gr5FO69HlIA,UCxfDVRNK6SoN59v_t3ZJ33A,42,0,0,0,0,0.018,5.3,271.81
GrDpiUMRohw,UCZFs3JqsRIqtqYgo4HahDUQ,844,2,0,0,0,0.039,56.09,18.0
GuoOITCFaPM,UCxxl4xdZZqRSSz2VfnFBhwA,19,0,0,0,0,0.003,44.95,20.05
GvIF2lV97Nw,UCSlOhfr5f-RPRP50yRri1uA,102,0,0,0,0,0.057,2.79,104.85
GvINRUt5Sqs,UC77WdDKy6cbCxZkC46eaudA,1,0,0,0,0,0.0,0.15,1.0
Gvn3pXQuofI,UCxxl4xdZZqRSSz2VfnFBhwA,8,0,0,0,0,0.001,10.67,69.25
Gvqr84Ot-N8,UCSlOhfr5f-RPRP50yRri1uA,1519,5,0,3,3,1.432,4.15,294.57
GytwoUx8hoQ,UC8gDq5ENmiVuJZIVsiZbQ8g,262,1,0,0,2,0.683,2.23,159.03
GzEVoRdjirM,UCl_Nqhf2SGNwv4uvbvs3upg,117,0,0,0,0,0.003,38.84,22.0
GzQq00aMqMU,UCHONLLEtQ4f9yoqa1BWlhSg,1,0,0,0,0,0.0,1.02,12.0
H-4g61kD0qo,UCxfDVRNK6SoN59v_t3ZJ33A,8,0,0,0,0,0.0,1.5,2.12
H1OSKeK6jQk,UCT7ZxKrKqxBvAODr8h_ODkA,5,0,0,0,0,0.0,16.51,331.0
H2YQbmx0NIw,UC2IjY1Gm6b7pYp-vMJ2R9ig,8,0,0,0,0,0.005,7.45,53.0
H2pcazYiwko,UC80LfoIH6FrzHTm6lXTWCKQ,152,1,0,0,0,0.374,14.78,236.0
H3FJBgQ-8tY,UC2IjY1Gm6b7pYp-vMJ2R9ig,3,1,0,0,0,0.011,17.94,221.0
H3vFAWH-_Tg,UC2IjY1Gm6b7pYp-vMJ2R9ig,1,0,0,0,0,0.0,3.94,40.0
H4PomprDqiM,UCSlOhfr5f-RPRP50yRri1uA,38,0,0,0,0,0.089,0.74,33.61
H9EG6glQazI,UCEFB0gMdnD1NyiZaedHg2hQ,174,3,0,0,0,0.01,74.74,14.16
HAt2egbIy8U,UCctSzoeee7KCnR84dZ6IO7w,0,0,0,0,0,0.0,0.0,0.0
HAuv5Xn5Y1k,UCZem4a64VnhfA4CBw9vM2bg,45,1,0,0,0,0.006,76.58,16.16
HBrWehfpFYE,UC0GVHmLgrxE2SS8F0C19JVg,1,0,0,0,0,0.0,0.0,0.0
HClqZTP-hBk,UCZem4a64VnhfA4CBw9vM2bg,8,0,0,0,0,0.001,14.02,9.0
HDVBtmP4UaM,UCxfDVRNK6SoN59v_t3ZJ33A,2,0,0,0,0,0.0,0.0,0.0
HDfYLxbeqWQ,UCSlOhfr5f-RPRP50yRri1uA,23,0,0,0,0,0.0,2.93,2.83
HE0AWsVholc,UCL_RZ1IidYQkVQxfimfnPSQ,241,1,0,1,0,0.19,18.23,70.0
HFE12Zu2q-k,UCxxl4xdZZqRSSz2VfnFBhwA,42,0,0,0,0,0.007,98.24,37.71
HHwzMGix02s,UC0GVHmLgrxE2SS8F0C19JVg,385,5,0,0,1,0.588,18.56,162.54
HIOYUoEMZeU,UC82nFsZOjs5Tr96upPPq9Ww,8,0,0,0,0,0.0,25.59,33.0
HMKVQ9Y1y6I,UC2jHP3YhgMucr6UlgFzRhbA,13,0,0,0,0,0.001,112.47,29.0
HMf2qHqh1mw,UCnwjt6PgkKuZC4S1A0yTOFQ,2,0,0,0,0,0.004,8.67,103.0
HNGGdlXaCsY,UCsbnInDepLdq6o781WVZ-5g,5,0,0,0,0,0.0,9.12,87.6
HNSo6dTvOhk,UC2IjY1Gm6b7pYp-vMJ2R9ig,1,0,0,0,0,0.0,99.84,344.0
HQBfrfKk_Ig,UChhBhc7qJ42rgzAIPe9z6Cg,191,1,0,0,0,0.327,10.8,176.04
HRcYUGONrS8,UCxxl4xdZZqRSSz2VfnFBhwA,69,0,0,0,0,0.007,37.88,11.35
HTMtnxhG6LE,UC77WdDKy6cbCxZkC46eaudA,13,0,0,0,0,0.004,14.27,159.69
HUKSYvOtlDk,UC77WdDKy6cbCxZkC46eaudA,4,0,0,0,0,0.002,5.65,52.0
HUP8_QOoZaA,UCSlOhfr5f-RPRP50yRri1uA,203,0,0,0,0,1.037,3.75,276.45
HWGk2H-R7CE,UCAkSxwl8Lbk2hBXAAfsEFTA,0,0,0,0,0,0.002,0.0,0.0
HWWGtlhFNes,UCSlOhfr5f-RPRP50yRri1uA,3446,43,0,0,7,0.162,47.7,33.06
HXa-8mDM1QE,UCJw9px5fOp-nwJG6g4gN1ng,141,1,0,0,0,0.017,71.29,20.31
HXgbPT-udK8,UCMGKZD9ggu_Pfo4dkL47cXQ,30,1,0,0,0,0.003,92.51,21.23
HYE-BoID8J0,UCxxl4xdZZqRSSz2VfnFBhwA,2,0,0,0,0,0.0,0.46,6.0
HYamQE2_Dv4,UCf3lAEw_WPtcgHMUVAunzSw,12,0,0,0,0,0.001,39.26,9.67
HZ-qvc7uuNs,UCxxl4xdZZqRSSz2VfnFBhwA,45,0,0,0,0,0.009,78.23,24.58
Ha86o-sgXck,UCxxl4xdZZqRSSz2VfnFBhwA,29,1,0,0,0,0.002,35.33,4.03
HaUNNDNnU5M,UCXJiqB85OD4gnutvJ-gKHsg,494,3,0,0,2,0.326,1.88,71.24
HbedkEjPR9k,UCZem4a64VnhfA4CBw9vM2bg,9,0,0,0,0,0.001,24.79,13.11
HdUBn7tCItU,UCJw9px5fOp-nwJG6g4gN1ng,1738,13,0,0,1,0.043,72.9,22.0
HdaLgrSsRZA,UCNkelFxYeQTdVdBzl3yaliw,1,0,0,0,0,0.001,6.02,5.0
HeP6cIEKTzk,UCf3lAEw_WPtcgHMUVAunzSw,33,0,1,0,0,0.004,53.12,22.33
Hgj2sUkaGQ0,UCHONLLEtQ4f9yoqa1BWlhSg,3,0,0,0,0,0.0,1.47,27.0
HhQdEezsU0w,UCJw9px5fOp-nwJG6g4gN1ng,85,2,0,0,0,0.007,69.98,16.42
HjNr7PofIUU,UCIg97fCjw1HnS8vPqwiHLGA,13,0,0,0,0,0.022,13.71,235.62
HjzVaRvS8HE,UCLQ4NoTptaCDG4nUvDLtUoQ,2,0,0,0,0,0.0,0.36,22.0
HlGBFzdbwjE,UCJw9px5fOp-nwJG6g4gN1ng,586,9,0,0,0,0.053,71.0,17.65
HlJBcUD7pcU,UC2IjY1Gm6b7pYp-vMJ2R9ig,2,0,0,0,0,0.004,0.57,8.0
HlN4JEVtZ3o,UC8gDq5ENmiVuJZIVsiZbQ8g,35,0,0,0,0,0.002,29.24,12.57
HmCxJvZCYoQ,UCsbnInDepLdq6o781WVZ-5g,8,0,0,0,0,0.0,46.63,28.5
HmIQihyjwmg,UC2IjY1Gm6b7pYp-vMJ2R9ig,9,1,0,0,0,0.002,46.24,44.22
HmitZocsRFA,UCMGKZD9ggu_Pfo4dkL47cXQ,16,0,0,0,0,0.002,68.27,9.56
HmjvpMZ3qKI,UCT7ZxKrKqxBvAODr8h_ODkA,116,1,0,0,0,0.057,5.88,271.28
Hn1Xs5yHWUw,UC49-b-BhbYoG54YNkwmzg8w,2,0,0,0,0,0.003,2.71,37.0
HnefbG017Jk,UC0GVHmLgrxE2SS8F0C19JVg,4,0,0,0,0,0.0,12.25,14.0
HpCFAAJABSQ,UCf3lAEw_WPtcgHMUVAunzSw,1,0,0,0,0,0.0,14.1,11.0
Hp_uiWnthk0,UC80LfoIH6FrzHTm6lXTWCKQ,30,0,0,0,0,0.022,16.07,154.0
HptNmCiXRos,UCZFs3JqsRIqtqYgo4HahDUQ,169,1,0,0,0,0.374,2.87,219.06
HqfEmeE-zgM,UCZFs3JqsRIqtqYgo4HahDUQ,1826,1,0,3,0,2.752,1.26,73.72
HqnuEIwENxE,UCk2O5vfW3c_W5YWQ_BoD1Ug,254,3,0,0,2,0.018,35.33,27.4
HrUiRNMZ7T0,UCpUrAXv2lzGxM4plYB7CE-A,273708,3523,0,0,160,8.476,66.64,21.0
HrWZl9gWWLw,UCdtOFTQ1GVPKzvOYsi1ApIw,3,0,0,0,0,0.0,0.0,0.0
HrwiB2F4Z8s,UC49-b-BhbYoG54YNkwmzg8w,4,0,0,0,0,0.0,0.1,7.25
Hs0UKhDwLds,UCAkSxwl8Lbk2hBXAAfsEFTA,1,0,0,0,0,0.0,0.0,0.0
Hs5Fu9vIPJE,UCpUrAXv2lzGxM4plYB7CE-A,41,0,0,0,0,0.002,92.0,28.0
HsK4JnTCnWI,UCf3lAEw_WPtcgHMUVAunzSw,5581,38,0,0,6,0.243,59.36,17.02
Ht59ygsUFwU,UCJw9px5fOp-nwJG6g4gN1ng,2360,12,0,0,4,0.066,50.93,10.52
HuGo9mRHu-4,UChhBhc7qJ42rgzAIPe9z6Cg,3,0,0,0,0,0.0,0.0,0.0
Hujt096vIh4,UCSlOhfr5f-RPRP50yRri1uA,41,1,0,0,0,0.001,70.62,22.93
HvPtD9CQ-jI,UCTqUiADoXl9Cq74vCP4FJCQ,1455,0,0,0,0,0.739,0.26,21.73
HvZokok0550,UC8gDq5ENmiVuJZIVsiZbQ8g,1253,18,0,0,1,0.03,61.27,17.03
HvgtUaV2SRk,UC2IjY1Gm6b7pYp-vMJ2R9ig,117,1,0,0,1,0.155,7.21,107.53
HxAU7UxYUmc,UCEFB0gMdnD1NyiZaedHg2hQ,472,4,0,0,1,0.214,7.03,74.65
HxixSZ0ZrMs,UCIg97fCjw1HnS8vPqwiHLGA,28,0,0,0,0,0.002,66.82,10.64
Hxm06ZEMF1s,UC77WdDKy6cbCxZkC46eaudA,6,0,0,0,0,0.0,2.93,48.0
Hy5l1Nk_3WY,UC80LfoIH6FrzHTm6lXTWCKQ,109,1,2,0,1,0.251,13.11,176.0
HyO-XEfLQ9M,UC82nFsZOjs5Tr96upPPq9Ww,279,3,0,0,0,0.124,5.22,122.0
HzGN1VF6Hzs,UCSlOhfr5f-RPRP50yRri1uA,22,0,0,0,0,0.071,5.26,220.0
HzPJ4SZCEh0,UC2IjY1Gm6b7pYp-vMJ2R9ig,24,-1,0,0,0,0.053,6.57,90.33
I-oKDkvkaC8,UCTqUiADoXl9Cq74vCP4FJCQ,36,0,0,0,0,0.001,17.73,26.06
I1An3_5G_yI,UC0GVHmLgrxE2SS8F0C19JVg,72,0,0,0,0,0.111,12.43,138.33
I1lGzNQadCw,UCNkelFxYeQTdVdBzl3yaliw,2,0,0,0,0,0.0,0.21,6.0
I24aEIj19vc,UCVRU0wQxaEQdq0CKQHfifZg,719,4,0,2,0,0.625,6.01,273.48
I3B1ziUi370,UCsbnInDepLdq6o781WVZ-5g,21,0,0,0,0,0.0,55.16,16.43
I4qkG1eS_K4,UCAkSxwl8Lbk2hBXAAfsEFTA,2,0,0,0,0,0.056,48.25,957.0
I6HLY6HQFf0,UCx08xHWVSQIiujaTJb8HWYg,111,0,0,0,0,0.217,1.9,129.0
I6Xz-OPc-Ts,UCIg97fCjw1HnS8vPqwiHLGA,36,0,0,0,0,0.026,1.03,47.0
I76fQsCDeqY,UCMGKZD9ggu_Pfo4dkL47cXQ,10,0,0,0,0,0.002,52.66,24.4
I7Xd4GBy5Jo,UCMGKZD9ggu_Pfo4dkL47cXQ,35,0,0,0,0,0.003,73.31,10.89
I85qjjwYtDw,UCL_RZ1IidYQkVQxfimfnPSQ,6,0,0,0,0,0.001,102.98,18.0
I8OhvOORk5Q,UCTGoaBFABIBLXcqXzCM5D3A,3446,7,0,0,0,0.0,27.07,12.43
I8S64h7NOIQ,UCxfDVRNK6SoN59v_t3ZJ33A,2,0,0,0,0,0.0,30.89,19.0
I8SrUcBjCF8,UCSlOhfr5f-RPRP50yRri1uA,6,0,0,0,0,0.0,0.0,0.0
I9TJyAH9ntI,UCxfDVRNK6SoN59v_t3ZJ33A,28,0,0,0,0,0.002,13.85,38.57
I9leoDxs7Ss,UCxfDVRNK6SoN59v_t3ZJ33A,6,0,0,0,0,0.001,19.29,27.5
IAZHR4UGXMQ,UCL_RZ1IidYQkVQxfimfnPSQ,4,1,0,0,0,0.001,3.5,5.0
IE-4AeqK_qo,UCxhHKduxLRNAOC_GUHPPf1Q,71,0,0,0,0,0.065,5.37,266.56
IFW4CSJGguE,UCnwjt6PgkKuZC4S1A0yTOFQ,17,0,0,0,0,0.035,15.85,205.71
IG-W2cpq3pE,UCnwjt6PgkKuZC4S1A0yTOFQ,93,0,0,0,0,0.0,1.96,1.45
IHD9sbLeQ9U,UCm3RYOItKT_P0-oRCkkSMZw,48,0,0,0,0,0.042,9.32,192.04
IHJ433atkTA,UCxxl4xdZZqRSSz2VfnFBhwA,22,0,0,0,0,0.006,30.23,22.5
IJ0Lb4kPk80,UCxfDVRNK6SoN59v_t3ZJ33A,12,0,0,0,0,0.009,4.77,185.67
IKn30t1BOoY,UCnwjt6PgkKuZC4S1A0yTOFQ,362,0,0,0,0,0.63,10.81,303.5
ILeW56srXGY,UCdtOFTQ1GVPKzvOYsi1ApIw,2,0,0,0,0,0.0,0.0,0.0
IMbChtS7BuI,UCnwjt6PgkKuZC4S1A0yTOFQ,140,1,0,1,1,0.099,11.11,222.35
IMhsvpNneGU,UCHONLLEtQ4f9yoqa1BWlhSg,1,0,0,0,0,0.0,3.18,53.0
IOpMqT2PDro,UCdtOFTQ1GVPKzvOYsi1ApIw,160,0,0,0,0,0.0,48.95,71.55
IOpMsg2t00o,UC2IjY1Gm6b7pYp-vMJ2R9ig,3257,16,2,1,15,3.676,18.58,278.4
IOtYm8Zo8DM,UCAkSxwl8Lbk2hBXAAfsEFTA,2,0,0,0,0,0.0,1.86,50.0
IPTrPC2HBhI,UCAkSxwl8Lbk2hBXAAfsEFTA,1,0,0,0,0,0.0,99.75,78.0
IPqmZrT4Mm0,UCIg97fCjw1HnS8vPqwiHLGA,40,1,0,0,0,0.006,83.81,16.0
IT5j5X_sJCQ,UCIg97fCjw1HnS8vPqwiHLGA,7,0,0,0,0,0.005,6.52,271.71
ITAJ_txwE8Y,UC80LfoIH6FrzHTm6lXTWCKQ,1,0,0,0,0,0.001,3.05,45.0
ITfY_8879tI,UCIg97fCjw1HnS8vPqwiHLGA,22,0,0,0,0,0.002,92.3,17.0
ITp8w3te2LM,UCxfDVRNK6SoN59v_t3ZJ33A,28,1,0,0,0,0.034,18.26,386.29
IUtC6RXgRBA,UCT7ZxKrKqxBvAODr8h_ODkA,11,0,0,0,0,0.001,13.9,170.73
IVWmFMFu0OM,UCm3RYOItKT_P0-oRCkkSMZw,3689,20,0,5,6,3.348,12.82,143.0
IX1Yv08VP50,UCZem4a64VnhfA4CBw9vM2bg,29,0,0,0,0,0.003,70.23,25.76
IXHhEhvM1l0,UCZFs3JqsRIqtqYgo4HahDUQ,0,0,0,0,0,0.0,0.0,0.0
IXdGCIYW1aU,UCxfDVRNK6SoN59v_t3ZJ33A,1,0,0,0,0,0.0,0.0,0.0
IXeL0gMrI48,UCk2O5vfW3c_W5YWQ_BoD1Ug,247,1,0,0,0,0.015,102.63,20.17
IY1deEPZvO0,UCxxl4xdZZqRSSz2VfnFBhwA,1,0,0,0,0,0.0,0.0,0.0
IYE9Hu06d0Q,UCxfDVRNK6SoN59v_t3ZJ33A,73,1,0,0,0,0.004,64.08,40.64
IYNHZjQLOKE,UCJw9px5fOp-nwJG6g4gN1ng,6149,295,2,1,4,0.671,92.49,26.0
IYsBLzq1kzQ,UC80LfoIH6FrzHTm6lXTWCKQ,1,0,0,0,0,0.0,21.72,244.0
IZx5B2WtCRc,UCm3RYOItKT_P0-oRCkkSMZw,135,3,0,0,3,0.124,27.95,92.24
Ib8UoF0uHc4,UCk2O5vfW3c_W5YWQ_BoD1Ug,109,2,0,0,0,0.012,59.86,61.45
IbVsqx5Jhdw,UCTqUiADoXl9Cq74vCP4FJCQ,3940,29,0,0,7,0.281,54.11,26.0
IcBSp2fCMm8,UC0GVHmLgrxE2SS8F0C19JVg,3,0,0,0,0,0.0,92.41,16.0
IcdlX5UHvk0,UCL_RZ1IidYQkVQxfimfnPSQ,38,0,1,0,0,0.018,11.53,182.0
Icz9RxhevJU,UCxfDVRNK6SoN59v_t3ZJ33A,1062,16,0,0,2,0.106,42.39,39.55
IdpicoCBBV8,UC0GVHmLgrxE2SS8F0C19JVg,337,0,0,0,0,1.511,17.06,261.56
Ie7YpxM4DpQ,UCxfDVRNK6SoN59v_t3ZJ33A,73,0,0,0,0,0.003,38.61,22.42
IecJuDHDSfA,UCxxl4xdZZqRSSz2VfnFBhwA,16963,261,1,3,21,2.534,80.2,22.6
If6eymDAtAA,UC80LfoIH6FrzHTm6lXTWCKQ,3,0,0,0,0,0.001,3.7,4.0
Ig_gYGQKxYk,UCeVTtB1kN607CxFrFkiqjgQ,36,1,0,0,0,0.146,9.61,128.0
Igb2fUz447U,UC0GVHmLgrxE2SS8F0C19JVg,38,1,0,0,0,0.017,11.39,87.16
IisLo5diIaM,UCk2O5vfW3c_W5YWQ_BoD1Ug,321,6,0,0,0,0.024,39.76,37.62
Ijb1yNLdejE,UCZem4a64VnhfA4CBw9vM2bg,19,-1,0,0,0,0.025,5.52,64.0
IjmeEt0Uv7I,UCAkSxwl8Lbk2hBXAAfsEFTA,245,9,0,0,0,0.02,48.84,19.52
Ik9cGjfVKCw,UCl_Nqhf2SGNwv4uvbvs3upg,190,0,0,0,0,0.242,3.36,205.0
IlIqGzVnVzg,UCZFs3JqsRIqtqYgo4HahDUQ,30,0,0,0,0,0.001,41.42,19.0
IlUdS-ONIKg,UCZFs3JqsRIqtqYgo4HahDUQ,16,1,0,0,0,0.011,2.45,176.88
Im5YdGS6v4Y,UCZFs3JqsRIqtqYgo4HahDUQ,1230,15,0,0,2,0.14,72.37,19.0
ImW2cJwNaRo,UC8Fm-ogvMehvbgF0BJjKiuQ,1,0,0,0,0,0.0,3.19,39.0
Ioybljb1Qb8,UCAkSxwl8Lbk2hBXAAfsEFTA,1,0,0,0,0,0.0,9.84,6.0
Iqxy4PgUpTc,UCnwjt6PgkKuZC4S1A0yTOFQ,1,0,0,0,0,0.0,0.25,4.0
IrI1jaJ7Jcg,UCMGKZD9ggu_Pfo4dkL47cXQ,17,0,0,0,0,0.002,70.42,11.53
Is0lYkqvZmM,UCmhHN34V-dphAOk3RXxjb0g,99,0,0,0,0,0.001,65.62,13.0
Is2kQzK00Vk,UCHONLLEtQ4f9yoqa1BWlhSg,1,0,0,0,0,0.0,9.24,149.0
Is6ntY-GF7U,UCZem4a64VnhfA4CBw9vM2bg,129,0,0,0,0,0.017,68.68,31.79
IsPM_tnHkZE,UCIg97fCjw1HnS8vPqwiHLGA,2930,74,0,1,6,0.273,47.45,25.86
IsTIpvvOzyk,UC01rTYtA_UsuZ5wzxnyHFcg,4,0,0,0,0,0.0,2.76,4.75
ItY32B9KN44,UCLQ4NoTptaCDG4nUvDLtUoQ,5758,16,1,1,5,10.029,1.57,108.82
Ity1eFodX-8,UC2IjY1Gm6b7pYp-vMJ2R9ig,6,0,0,0,0,0.001,6.71,3.5
IuPBZ6R7x1Y,UCf3lAEw_WPtcgHMUVAunzSw,6,0,0,0,0,0.0,18.85,11.33
IuW7-TrsTow,UC3WZLJlwYaCEurdUywF8ibg,5754,249,0,0,0,0.0,10.89,95.94
Iwf-81t-VHQ,UCbnCFV5_c-nGiEQN1anEO5A,2,0,0,0,0,0.0,16.66,4.5
IxKu2pmeKqw,UCMGKZD9ggu_Pfo4dkL47cXQ,12,0,0,0,0,0.021,7.19,121.5
IxO_7E7ZIKQ,UCk2O5vfW3c_W5YWQ_BoD1Ug,232,5,0,0,1,0.019,58.53,47.2
Iz_CtWw2W9s,UCVRU0wQxaEQdq0CKQHfifZg,19,0,0,0,0,0.015,3.73,142.16
J-poMFQJEwQ,UCAkSxwl8Lbk2hBXAAfsEFTA,0,0,0,0,0,0.0,0.0,0.0
J0oea0rz81o,UC80LfoIH6FrzHTm6lXTWCKQ,3,0,0,0,0,0.001,46.42,42.0
J0yM0YzfFGM,UC8Fm-ogvMehvbgF0BJjKiuQ,1,0,0,0,0,0.0,13.84,39.0
J1-D84qObrs,UCSlOhfr5f-RPRP50yRri1uA,10,0,0,0,0,0.0,0.0,0.0
J2W99MnCD2c,UCT7ZxKrKqxBvAODr8h_ODkA,9,0,0,0,0,0.0,32.19,27.67
J4GLiXgpuRA,UCnwjt6PgkKuZC4S1A0yTOFQ,731,0,0,0,0,0.091,77.43,27.05
J5M1AJ6smS0,UCSlOhfr5f-RPRP50yRri1uA,159,0,0,0,0,0.221,3.42,32.94
J5uiVIaRxOk,UCOfo1ycUYYsMkBRS56TSo3Q,203,0,0,0,0,0.007,27.9,16.43
J6ZbW-v8nWU,UCZem4a64VnhfA4CBw9vM2bg,65,4,0,0,0,0.008,93.9,40.88
J6ktPacuhZk,UCxfDVRNK6SoN59v_t3ZJ33A,1,0,0,0,0,0.0,0.59,7.0
J7bVPW11Wss,UC0GVHmLgrxE2SS8F0C19JVg,39,0,0,0,0,0.097,10.66,206.15
JAyvRQ1af6U,UCk2O5vfW3c_W5YWQ_BoD1Ug,26,0,0,0,0,0.028,5.26,78.0
JEaiFth7yA4,UCp013Ih_EWf3SXO8F4ftIwQ,156,1,0,0,0,0.56,3.97,183.0
JF-3piXGZiI,UCTqUiADoXl9Cq74vCP4FJCQ,28,0,0,0,0,0.001,20.05,32.43
JF8rQunVJwA,UCk2O5vfW3c_W5YWQ_BoD1Ug,460,2,0,0,0,0.033,60.91,29.79
JFm7cjiYgDo,UCp013Ih_EWf3SXO8F4ftIwQ,298,0,0,0,0,0.134,5.13,139.0
JG4FJuxCm_U,UC0GVHmLgrxE2SS8F0C19JVg,6,0,0,0,0,0.001,73.29,79.0
JGCW2omJPmU,UCLQ4NoTptaCDG4nUvDLtUoQ,46,0,0,0,0,0.031,5.57,425.7
JH-WnFxDvi4,UC8Fm-ogvMehvbgF0BJjKiuQ,4,0,0,0,0,0.0,15.03,251.75
JJVkbUB8NFE,UCk2O5vfW3c_W5YWQ_BoD1Ug,121,1,0,0,0,0.011,54.07,25.49
JK-v9BPYDQ4,UCnwjt6PgkKuZC4S1A0yTOFQ,9,0,0,0,0,0.002,40.95,47.67
JKf_mb4wwbI,UCxxl4xdZZqRSSz2VfnFBhwA,474,9,0,0,1,0.058,78.78,23.74
JL-Ximdgj5I,UCTqUiADoXl9Cq74vCP4FJCQ,1787,4,0,0,2,3.362,3.12,229.95
JL30xMp9CCw,UCnwjt6PgkKuZC4S1A0yTOFQ,3,0,0,0,0,0.0,10.24,7.33
JLsHlrpDGo0,UC80LfoIH6FrzHTm6lXTWCKQ,901,3,1,1,3,1.424,10.2,120.0
JMdGEonJgIU,UCAkSxwl8Lbk2hBXAAfsEFTA,6,0,0,0,0,0.0,15.33,9.0
JNY30TubK2I,UCTGoaBFABIBLXcqXzCM5D3A,92,0,0,0,0,0.0,54.62,17.82
JPEUpFAqsqI,UCxxl4xdZZqRSSz2VfnFBhwA,16,0,0,0,0,0.048,2.03,39.94
JPF42DgHgk4,UCxxl4xdZZqRSSz2VfnFBhwA,33165,525,2,7,38,4.963,82.05,26.36
JPZex0FsYOQ,UCxxl4xdZZqRSSz2VfnFBhwA,613,12,0,0,1,0.088,75.34,19.93
JPrPDAFpVXk,UC82nFsZOjs5Tr96upPPq9Ww,4,0,0,0,0,0.0,17.87,226.0
JPsSs5r-6gk,UCZem4a64VnhfA4CBw9vM2bg,100,1,0,0,0,0.325,15.67,217.46
JQG4cKKuFZM,UCxfDVRNK6SoN59v_t3ZJ33A,1,0,0,0,0,0.0,0.0,0.0
JQLps5cPre4,UCxxl4xdZZqRSSz2VfnFBhwA,46,0,0,0,0,0.012,44.26,25.78
JQQWfPeu6eU,UC2IjY1Gm6b7pYp-vMJ2R9ig,1,0,0,0,0,0.0,0.13,1.0
JR0SKD9GAzk,UCJw9px5fOp-nwJG6g4gN1ng,281,10,0,0,0,0.026,96.4,33.43
JRlesHfbu5U,UC8Fm-ogvMehvbgF0BJjKiuQ,3,0,0,0,0,0.0,6.46,289.67
JSjyk_VfNq4,UCm3RYOItKT_P0-oRCkkSMZw,7,0,0,0,0,0.0,19.7,61.29
JTzaM2O1KA8,UCMGKZD9ggu_Pfo4dkL47cXQ,54,1,0,0,0,0.01,80.37,24.3
JUmnV0Fgn6c,UCSlOhfr5f-RPRP50yRri1uA,353,3,0,0,2,0.246,3.66,288.71
JUyH_IY2yCU,UCMGKZD9ggu_Pfo4dkL47cXQ,15,0,0,0,0,0.001,73.11,13.67
JVNqJtNTiNE,UCf3lAEw_WPtcgHMUVAunzSw,627,3,0,0,1,0.021,53.54,16.08
JYDyKdetgGM,UCf3lAEw_WPtcgHMUVAunzSw,3,0,0,0,0,0.0,103.33,6.0
JZMm7EIIYno,UC80LfoIH6FrzHTm6lXTWCKQ,3,0,0,0,0,0.0,0.0,0.0
J_PCZOdLWJM,UCm3RYOItKT_P0-oRCkkSMZw,35,0,0,0,0,0.01,6.18,48.37
J_ZPe1PkowE,UCZem4a64VnhfA4CBw9vM2bg,13,0,0,0,0,0.004,25.33,42.92
Ja3wY0dVU_o,UCJw9px5fOp-nwJG6g4gN1ng,57,1,0,0,0,0.004,41.52,31.21
JaUePA0r75I,UCHONLLEtQ4f9yoqa1BWlhSg,3,0,0,0,0,0.091,6.39,86.67
Jap8AB3BpYc,UCpUrAXv2lzGxM4plYB7CE-A,113,1,0,0,0,0.001,43.37,13.0
Jd7xhVVoM3A,UCpUrAXv2lzGxM4plYB7CE-A,43,0,0,0,0,0.001,44.69,12.0
JdB_MA3k7J8,UC82nFsZOjs5Tr96upPPq9Ww,229,1,0,0,0,0.038,2.51,168.0
Jdz1Ln1XimQ,UCc-V01UlW1n8eGLpATLA5gw,120,2,0,0,1,0.031,4.82,199.0
JeP5AzKyEM4,UCkIOcyGqKTJMIIyFHJunYDA,351,0,0,0,1,0.927,0.93,62.0
Jel-Gf2Ik4A,UCsbnInDepLdq6o781WVZ-5g,6,0,0,0,0,0.0,61.11,6.0
JfGgtdktrq4,UCkIOcyGqKTJMIIyFHJunYDA,0,0,0,0,0,0.0,0.0,0.0
JfMWQXeQV4s,UC77WdDKy6cbCxZkC46eaudA,1,0,0,0,0,0.0,5.77,73.0
JfUFGN9jysA,UCVRU0wQxaEQdq0CKQHfifZg,42,0,0,0,0,0.016,2.02,93.38
JfiSdZtUT9w,UCbnCFV5_c-nGiEQN1anEO5A,27,0,0,0,0,0.019,8.28,91.59
Jg0uFgFhEV4,UC82nFsZOjs5Tr96upPPq9Ww,1,0,0,0,0,0.0,0.0,0.0
Jg59K73NJMc,UC77WdDKy6cbCxZkC46eaudA,2,0,0,0,0,0.0,10.27,111.5
Jhfz99ejU7c,UCbnCFV5_c-nGiEQN1anEO5A,1,0,0,0,0,0.0,0.42,4.0
Jk2FhI1bMt4,UC82nFsZOjs5Tr96upPPq9Ww,3,0,0,0,0,0.0,9.83,161.0
Jk55RobfCcY,UCxxl4xdZZqRSSz2VfnFBhwA,9,0,0,0,0,0.028,12.4,196.67
Jknh4sMMdjY,UCT7ZxKrKqxBvAODr8h_ODkA,5,0,0,0,0,0.0,101.38,88.0
JlQv5COz8RE,UCZFs3JqsRIqtqYgo4HahDUQ,165,1,0,0,0,0.005,42.37,12.55
JlvZBNIkhJ4,UCl_Nqhf2SGNwv4uvbvs3upg,1714,1,0,0,0,4.805,5.59,242.0
JmbVi9VNjys,UC2IjY1Gm6b7pYp-vMJ2R9ig,193,3,0,0,0,0.36,12.7,185.77
JmhpO1wtDgU,UCJw9px5fOp-nwJG6g4gN1ng,2888,10,0,1,2,0.066,72.93,6.0
JmnVSRIIaGU,UC82nFsZOjs5Tr96upPPq9Ww,1,0,0,0,0,0.0,0.77,13.0
JnBNnkQg0rE,UCy_zcQwyTyQG6bpwfpHfffw,49,1,0,0,0,0.0,31.63,35.39
JngTm-Jw13Q,UCdtOFTQ1GVPKzvOYsi1ApIw,161,0,0,0,0,0.0,0.33,0.47
JoiS1zYStnY,UCxfDVRNK6SoN59v_t3ZJ33A,2,0,0,0,0,0.003,1.3,22.0
Jp4eaZm4aow,UC0GVHmLgrxE2SS8F0C19JVg,42,0,0,0,0,0.087,17.7,286.5
Jq-tVLp1WiM,UCf3lAEw_WPtcgHMUVAunzSw,252,4,0,0,2,0.217,11.02,190.71
Jq3PhgCpQp0,UCxfDVRNK6SoN59v_t3ZJ33A,13,0,0,0,0,0.002,77.83,77.62
JsB7RBNTHg0,UCLQ4NoTptaCDG4nUvDLtUoQ,96,0,0,0,0,0.217,3.49,236.12
JsU4QeTACBo,UCLQ4NoTptaCDG4nUvDLtUoQ,11,0,0,0,0,0.001,7.27,10.82
JsfkQ7eJj0I,UCTGoaBFABIBLXcqXzCM5D3A,317,1,0,0,0,0.0,53.21,17.59
JtL9ecSJgBM,UCvfQU0Npb-ve-LxUlaAN1GA,1,0,0,0,0,0.0,0.24,13.0
Jt_q4wOERNg,UCeVTtB1kN607CxFrFkiqjgQ,23,2,0,0,0,0.003,68.31,38.0
JuF81HmqI9U,UCf3lAEw_WPtcgHMUVAunzSw,14,0,0,0,0,0.001,56.92,18.36
JuKh2CLEilY,UCJyOxDvifY5Xw18aNm_I8YQ,42,0,0,0,0,0.0,17.52,18.0
JuKsgCqtj5Y,UCeVTtB1kN607CxFrFkiqjgQ,6,1,0,0,0,0.0,66.31,37.0
Jup_C0f4a-8,UCTGoaBFABIBLXcqXzCM5D3A,26,0,0,0,0,0.0,25.62,8.73
JuusygQEqpY,UC2IjY1Gm6b7pYp-vMJ2R9ig,1,0,0,0,0,0.0,0.0,0.0
Jw1SvAZ3unY,UCdtOFTQ1GVPKzvOYsi1ApIw,45965,249,0,0,250,37.538,10.62,173.06
JwQVin2MTow,UCJw9px5fOp-nwJG6g4gN1ng,219,5,0,0,0,0.022,80.32,16.27
JwdZjtFuuIQ,UCxxl4xdZZqRSSz2VfnFBhwA,19,0,0,0,0,0.084,31.2,323.11
Jx1_lxXOcAE,UC2IjY1Gm6b7pYp-vMJ2R9ig,10,0,0,0,0,0.005,3.93,55.0
JxXWAZE9Pb4,UCxfDVRNK6SoN59v_t3ZJ33A,1,0,0,0,0,0.001,0.05,2.0
Jxywprv7QS8,UCAkSxwl8Lbk2hBXAAfsEFTA,2,0,0,0,0,0.001,21.33,9.0
JzBZCgzbiIE,UCc-V01UlW1n8eGLpATLA5gw,1,0,0,0,0,0.0,0.0,0.0
K-YWCWRHkqE,UCsbnInDepLdq6o781WVZ-5g,1554,14,1,0,3,1.472,6.36,132.5
K0bhhfBl-HI,UCxfDVRNK6SoN59v_t3ZJ33A,24,1,0,0,1,0.002,80.21,62.33
K0yapxu1Hms,UCx08xHWVSQIiujaTJb8HWYg,12,0,0,0,0,0.001,4.17,152.17
K1NQ9iwKM84,UCSlOhfr5f-RPRP50yRri1uA,8,0,0,0,0,0.0,8.75,140.25
K1gJfwgCj7A,UCl_Nqhf2SGNwv4uvbvs3upg,240,1,0,0,1,0.008,81.66,26.0
K1mUKG0JNCI,UCxhHKduxLRNAOC_GUHPPf1Q,1,0,0,0,0,0.004,0.27,6.0
K1oLnQuENGI,UC80LfoIH6FrzHTm6lXTWCKQ,3,0,0,0,0,0.0,0.0,0.0
K32QKw1OWHo,UCOfo1ycUYYsMkBRS56TSo3Q,216,1,0,0,0,0.012,55.19,16.89
K3OglTWdj3I,UCx08xHWVSQIiujaTJb8HWYg,101,0,0,0,0,0.039,9.18,85.7
K3RixLvdHc4,UC77WdDKy6cbCxZkC46eaudA,108,1,0,0,0,0.194,8.44,124.06
K3WmQ688HQc,UCxfDVRNK6SoN59v_t3ZJ33A,4,0,0,0,0,0.068,2.03,147.0
K6vxYNfsjBU,UCT7ZxKrKqxBvAODr8h_ODkA,8,0,0,0,0,0.001,1.52,24.75
K7iY5aVfWCg,UCTqUiADoXl9Cq74vCP4FJCQ,3,0,0,0,0,0.0,0.59,0.67
K80WGn0unGQ,UCbnCFV5_c-nGiEQN1anEO5A,41,3,0,0,1,0.082,14.1,286.98
K8gE4bAamE0,UCSlOhfr5f-RPRP50yRri1uA,213,1,0,0,0,0.004,32.64,10.41
K8hd0AZ6DMk,UCeVTtB1kN607CxFrFkiqjgQ,24,1,0,0,0,0.004,75.79,23.29
K9O-IMTMfYg,UCAkSxwl8Lbk2hBXAAfsEFTA,8,0,0,0,0,0.002,80.75,44.0
KA6eBbu1Gqg,UCEFB0gMdnD1NyiZaedHg2hQ,73,3,0,0,0,0.005,61.13,28.3
KBWKrvPCRu8,UCbnCFV5_c-nGiEQN1anEO5A,1,0,0,0,0,0.0,0.0,0.0
KBzgYZBmSKE,UCc-V01UlW1n8eGLpATLA5gw,2,0,0,0,0,0.0,0.0,0.0
KEN7IAL53dY,UCXJiqB85OD4gnutvJ-gKHsg,0,0,0,0,0,0.0,0.0,0.0
KEhBXrWq9IA,UCSlOhfr5f-RPRP50yRri1uA,7,0,0,0,0,0.006,1.61,20.57
KFLUaN4iW0I,UCMGKZD9ggu_Pfo4dkL47cXQ,3,0,0,0,0,0.001,6.56,79.0
KFYsae-lTGY,UC2IjY1Gm6b7pYp-vMJ2R9ig,1,0,0,0,0,0.007,10.13,72.0
KGCIeQr078o,UCT7ZxKrKqxBvAODr8h_ODkA,34,0,0,0,0,0.001,6.77,69.94
KGCL1LQ9ijQ,UCk2O5vfW3c_W5YWQ_BoD1Ug,1165,9,0,2,3,0.543,6.2,139.88
KIqcQdmH6VQ,UCsbnInDepLdq6o781WVZ-5g,5,0,0,0,0,0.0,13.47,10.4
KJ0TYIU5PZo,UC0GVHmLgrxE2SS8F0C19JVg,1899,8,0,0,3,3.823,16.45,224.89
KJ3coJITmAA,UCk2O5vfW3c_W5YWQ_BoD1Ug,203,1,0,0,0,0.014,33.24,25.5
KLHdG2_joCc,UCMGKZD9ggu_Pfo4dkL47cXQ,2390,6,1,2,2,1.802,9.9,102.87
KN4tZL0zXdE,UCnwjt6PgkKuZC4S1A0yTOFQ,0,0,0,0,0,0.0,0.0,0.0
KNOCGMaqpAw,UCxfDVRNK6SoN59v_t3ZJ33A,1,0,0,0,0,0.0,0.0,0.0
KNVuhJsfPjs,UCxfDVRNK6SoN59v_t3ZJ33A,1,0,0,0,0,0.0,0.0,0.0
KOUxQ_tHmN8,UCTqUiADoXl9Cq74vCP4FJCQ,140,1,0,0,1,0.004,35.55,21.43
KPJ55Vkb-3c,UCp013Ih_EWf3SXO8F4ftIwQ,33,0,0,2,0,0.015,2.72,223.0
KQ16391EuM4,UCpUrAXv2lzGxM4plYB7CE-A,16,0,0,0,0,0.0,32.51,10.0
KRJKV9NBgb0,UCdtOFTQ1GVPKzvOYsi1ApIw,13131,0,0,0,90,31.461,6.95,323.4
KRSBkcLfjr8,UCJw9px5fOp-nwJG6g4gN1ng,2354,28,0,12,7,2.829,18.32,249.81
KRr7UrPfX-4,UCHONLLEtQ4f9yoqa1BWlhSg,4,1,0,0,0,0.0,5.29,94.5
KRxannhl2y4,UCSlOhfr5f-RPRP50yRri1uA,13,0,0,0,0,0.0,12.21,12.31
KS9_rjh7RZA,UCVRU0wQxaEQdq0CKQHfifZg,16,0,0,0,0,0.0,13.19,20.81
KSn5G5Uk290,UCc-V01UlW1n8eGLpATLA5gw,179,2,0,1,1,0.076,0.89,56.0
KTcP7cuTjHM,UCxxl4xdZZqRSSz2VfnFBhwA,78,1,0,0,0,0.005,37.17,44.56
KXK4bCSpwR8,UCT7ZxKrKqxBvAODr8h_ODkA,9,0,0,0,0,0.012,23.45,152.56
KX_E09bB298,UCnwjt6PgkKuZC4S1A0yTOFQ,3,0,0,0,0,0.0,1.64,24.67
KXjfz7DHRB4,UCl_Nqhf2SGNwv4uvbvs3upg,1324,7,0,0,0,0.011,74.78,24.0
KXrn61F-rxs,UCf3lAEw_WPtcgHMUVAunzSw,118,0,0,0,0,0.004,57.13,17.76
KYiXcowGLUM,UCctSzoeee7KCnR84dZ6IO7w,1,0,0,0,0,0.003,0.14,2.0
KYv_x4r87m8,UCSlOhfr5f-RPRP50yRri1uA,5,0,0,0,0,0.0,0.05,0.4
KZL71rc3fsc,UCZem4a64VnhfA4CBw9vM2bg,68,1,0,0,0,0.01,51.74,28.41
KZeOkdq5i08,UCLQ4NoTptaCDG4nUvDLtUoQ,232,0,0,0,0,0.057,10.89,26.17
KZrymIXvJUM,UCdtOFTQ1GVPKzvOYsi1ApIw,323,0,0,0,0,0.0,2.48,28.66
Ka7xEI-Tl6w,UCm3RYOItKT_P0-oRCkkSMZw,4,0,0,0,0,0.0,3.6,40.0
KaX0Xj82qTo,UCEFB0gMdnD1NyiZaedHg2hQ,225,2,0,0,0,0.017,47.93,24.47
KbRaKUIgxnE,UCk2O5vfW3c_W5YWQ_BoD1Ug,40,0,0,0,0,0.08,18.6,65.4
Kd-98Q8Ahoc,UCTqUiADoXl9Cq74vCP4FJCQ,505,2,0,0,0,0.824,0.95,65.89
Kf7HEfjHVe4,UCSlOhfr5f-RPRP50yRri1uA,6051,84,0,0,12,0.31,74.09,31.52
KfGVyssAtIo,UCnwjt6PgkKuZC4S1A0yTOFQ,0,0,0,0,0,0.0,0.0,0.0
KfrdYtmRI7g,UCVRU0wQxaEQdq0CKQHfifZg,4,0,0,0,0,0.0,16.15,25.0
KhdLBjBTHv4,UCxxl4xdZZqRSSz2VfnFBhwA,32,0,0,0,0,0.006,58.03,26.97
Khnl77pL98E,UCsbnInDepLdq6o781WVZ-5g,2,0,0,0,0,0.0,1.62,20.0
KjNXkmp8dCM,UCm3RYOItKT_P0-oRCkkSMZw,13,0,0,0,0,0.039,16.06,183.46
Kkq93kzc4CQ,UCZFs3JqsRIqtqYgo4HahDUQ,47,0,0,0,0,0.0,18.17,15.15
KkrBCwVxwDI,UCAkSxwl8Lbk2hBXAAfsEFTA,4,0,0,0,0,0.0,75.82,59.0
KkselMgrfQ0,UCT7ZxKrKqxBvAODr8h_ODkA,5,0,0,0,0,0.0,0.86,16.8
Kl-eQ7rnsDw,UCxxl4xdZZqRSSz2VfnFBhwA,23,0,0,0,0,0.004,36.79,32.61
Kl12ujyIZaI,UC2jHP3YhgMucr6UlgFzRhbA,203,1,0,0,0,0.004,22.79,20.0
Kl2UD4wjR1s,UCxhHKduxLRNAOC_GUHPPf1Q,278,5,0,0,6,0.642,13.66,392.63
KoUfDwAXsI0,UCk2O5vfW3c_W5YWQ_BoD1Ug,19,0,0,0,0,0.067,11.25,101.84
KpqPs9jgcMM,UCbnCFV5_c-nGiEQN1anEO5A,31,0,0,0,0,0.001,6.44,111.1
KqeJYG0dyTY,UCL_RZ1IidYQkVQxfimfnPSQ,317,3,0,0,2,0.031,86.28,14.0
KrDkdtDOsR8,UCnwjt6PgkKuZC4S1A0yTOFQ,94,2,0,0,0,0.189,16.7,251.81
KrbhVKfpJS8,UCZem4a64VnhfA4CBw9vM2bg,66,1,0,0,0,0.009,55.84,42.45
KrorQsUI_I4,UC77WdDKy6cbCxZkC46eaudA,7,0,0,0,0,0.002,2.2,27.57
KsbnHSHDP7E,UCeVTtB1kN607CxFrFkiqjgQ,88,3,0,0,0,0.01,56.65,37.45
KscJlGOXrr8,UCXJiqB85OD4gnutvJ-gKHsg,144,0,0,0,0,0.275,2.67,104.96
KtRheYbQuro,UCSlOhfr5f-RPRP50yRri1uA,80,0,0,0,0,0.005,47.88,32.76
Ku77P5RJsgk,UC82nFsZOjs5Tr96upPPq9Ww,8,0,0,0,0,0.002,0.5,29.0
KuY01MgsqbQ,UCZem4a64VnhfA4CBw9vM2bg,2358,29,0,1,3,0.261,82.26,24.36
KvaooraB09g,UCeVTtB1kN607CxFrFkiqjgQ,785,5,0,0,1,0.04,76.36,13.0
KyN0xFm96fg,UC8Fm-ogvMehvbgF0BJjKiuQ,1,0,0,0,0,0.0,0.0,0.0
Kyn40KF_g9Q,UCT7ZxKrKqxBvAODr8h_ODkA,1,0,0,0,0,0.0,22.38,607.0
KyxyYbQ3skc,UCxfDVRNK6SoN59v_t3ZJ33A,1,0,0,0,0,0.0,0.92,11.0
KzwHM_hOGFA,UCSlOhfr5f-RPRP50yRri1uA,183,1,0,0,1,0.002,42.44,21.49
L08uusw1w4M,UCf3lAEw_WPtcgHMUVAunzSw,90,0,0,0,0,0.001,56.59,15.0
L0DN_bRBrE4,UCXJiqB85OD4gnutvJ-gKHsg,2459,10,2,2,3,3.4,6.7,290.99
L0vI7_crwGc,UCxhHKduxLRNAOC_GUHPPf1Q,345,-1,0,0,1,0.726,4.46,222.63
L2r9wtRaCDI,UCT7ZxKrKqxBvAODr8h_ODkA,2199,16,0,0,2,0.08,75.22,19.53
L5e-xaHc618,UCeVTtB1kN607CxFrFkiqjgQ,11,1,0,0,0,0.008,16.88,263.27
L60yg4c5cKQ,UCTqUiADoXl9Cq74vCP4FJCQ,2,0,0,0,0,0.0,11.41,19.0
L6fvaJvy62k,UCeVTtB1kN607CxFrFkiqjgQ,2397,59,0,0,2,0.38,68.84,23.0
L6uSTeZ1JpQ,UCdtOFTQ1GVPKzvOYsi1ApIw,58540,747,0,0,2,82.862,18.44,145.18
L7NIAjHZYuQ,UCf3lAEw_WPtcgHMUVAunzSw,442,1,0,0,0,0.008,43.65,13.0
L7SeW63vR_A,UCTGoaBFABIBLXcqXzCM5D3A,51,0,0,0,0,0.0,39.68,12.96
L7k6aQUYlOU,UCnwjt6PgkKuZC4S1A0yTOFQ,7,0,0,0,0,0.02,2.69,24.0
L8O2aMXCxWg,UCxhHKduxLRNAOC_GUHPPf1Q,5,0,0,0,0,0.0,0.8,54.6
L8hIepk5q2o,UCP4STX85lq_fpEtvQcq_5fw,24103,66,0,21,32,3.552,21.22,103.67
L9n2ECZ7GtQ,UCHONLLEtQ4f9yoqa1BWlhSg,59,0,0,0,0,0.005,51.47,16.71
L9wQgwTrOJE,UCeVTtB1kN607CxFrFkiqjgQ,26,1,0,0,0,0.002,38.29,30.69
LAl0VA1N6k0,UCctSzoeee7KCnR84dZ6IO7w,1,0,0,0,0,0.001,83.33,60.0
LBu4MPkew24,UCEFB0gMdnD1NyiZaedHg2hQ,189,6,0,0,0,0.011,92.25,15.5
LC1Bg_jzfjU,UCSlOhfr5f-RPRP50yRri1uA,3,0,0,0,0,0.0,0.0,0.0
LDx62Y_RbiA,UCHONLLEtQ4f9yoqa1BWlhSg,1,0,0,0,0,0.0,0.0,0.0
LECcFU7zTEs,UCdtOFTQ1GVPKzvOYsi1ApIw,95,0,0,0,0,0.165,3.32,232.0
LEMPRz66ha8,UCf3lAEw_WPtcgHMUVAunzSw,412,1,0,0,0,0.007,38.41,12.79
LF6l179Ei5U,UCEFB0gMdnD1NyiZaedHg2hQ,2286,17,1,0,5,1.191,15.57,198.46
LF9TEXBGEII,UCnwjt6PgkKuZC4S1A0yTOFQ,1,0,0,0,0,0.01,4.02,62.0
LFUXMqjy6sA,UCTqUiADoXl9Cq74vCP4FJCQ,7,0,0,0,0,0.0,15.64,21.43
LFfIgmKbvPc,UCxhHKduxLRNAOC_GUHPPf1Q,4,0,0,0,0,0.001,25.38,14.75
LFlMq8VO2MY,UCnwjt6PgkKuZC4S1A0yTOFQ,323,0,0,0,0,0.419,4.75,210.32
LFt4WKAZ9KM,UCm3RYOItKT_P0-oRCkkSMZw,2,0,0,0,0,0.0,118.03,7.0
LFyEOcrTKxg,UC0GVHmLgrxE2SS8F0C19JVg,34,0,0,0,0,0.003,73.64,21.71
LFzd3hJ71_0,UCJw9px5fOp-nwJG6g4gN1ng,194,0,0,0,0,0.019,96.68,14.3
LGiPcnx_1SE,UCxfDVRNK6SoN59v_t3ZJ33A,1,0,0,0,0,0.0,5.05,4.0
LGl-EUExdBE,UCJw9px5fOp-nwJG6g4gN1ng,1994,10,0,0,1,0.042,60.03,17.44
LGrvCjEMrik,UCpUrAXv2lzGxM4plYB7CE-A,33282,249,0,0,0,25.022,2.94,137.91
LGzM28YB0Cg,UCSlOhfr5f-RPRP50yRri1uA,70,0,0,0,0,0.0,38.91,35.36
LH28XzcAtWE,UC77WdDKy6cbCxZkC46eaudA,49,0,0,0,0,0.06,17.71,193.84
LHAO96wlMJE,UCqbTAXnwXspcNb7l3UqrOHQ,45,0,0,0,0,0.005,72.16,19.53
LHyTYKbjTuQ,UCnwjt6PgkKuZC4S1A0yTOFQ,368,0,0,0,0,0.001,9.1,123.15
LIg_L2-HG2o,UCpUrAXv2lzGxM4plYB7CE-A,1462312,510,249,499,251,1363.272,1.53,95.03
LK5elEmt0iw,UCTGoaBFABIBLXcqXzCM5D3A,2817,17,0,0,1,0.0,61.52,19.48
LLCL8Cdu08o,UCx08xHWVSQIiujaTJb8HWYg,651,0,0,1,1,0.831,6.49,474.91
LLJ9a30Mqro,UCXJiqB85OD4gnutvJ-gKHsg,95,0,0,0,0,0.024,2.7,124.99
LNaE-ObB3tY,UCT7ZxKrKqxBvAODr8h_ODkA,156,1,0,0,0,0.025,14.94,47.08
LNkhvgc0yfI,UCk2O5vfW3c_W5YWQ_BoD1Ug,2069,10,0,1,6,0.598,33.54,92.0
LO0YSSLkR_g,UCMGKZD9ggu_Pfo4dkL47cXQ,28,2,0,0,1,0.004,60.64,12.43
LP6HxIItjgs,UCSlOhfr5f-RPRP50yRri1uA,20,0,0,0,0,0.06,23.89,398.15
LQ4sqPQT0us,UC8Fm-ogvMehvbgF0BJjKiuQ,2,0,0,0,0,0.001,15.54,4.0
LQANZawSWuQ,UCXJiqB85OD4gnutvJ-gKHsg,53,0,0,0,1,0.116,9.79,65.85
LS-i0P0zz-4,UCxxl4xdZZqRSSz2VfnFBhwA,141,3,0,0,0,0.025,76.75,19.43
LSSbSadUiWs,UCvfQU0Npb-ve-LxUlaAN1GA,50,0,0,0,0,0.026,5.0,72.32
LSXcErEv1U0,UCxhHKduxLRNAOC_GUHPPf1Q,4,0,0,0,0,0.0,0.0,0.0
LSZxpkQ2tnk,UCSlOhfr5f-RPRP50yRri1uA,21,0,0,0,0,0.0,43.56,35.05
LScbC2mOxoA,UCf3lAEw_WPtcgHMUVAunzSw,4,0,0,0,0,0.0,11.97,16.5
LSukIkNlBxE,UCk2O5vfW3c_W5YWQ_BoD1Ug,620,4,0,1,3,0.991,19.27,353.87
LTOPBllguGk,UCx08xHWVSQIiujaTJb8HWYg,16,0,0,0,0,0.0,1.12,7.56
LTW970QeMxc,UCxfDVRNK6SoN59v_t3ZJ33A,4,0,0,0,1,0.0,76.82,61.5
LThuoKpIYYk,UCOfo1ycUYYsMkBRS56TSo3Q,1454,0,0,0,0,0.361,3.17,214.3
LU1VXdr8oKY,UCT7ZxKrKqxBvAODr8h_ODkA,12,0,0,0,0,0.0,8.57,22.33
LU_2cde869I,UCXJiqB85OD4gnutvJ-gKHsg,204,1,0,0,0,0.251,8.72,180.0
LWds1kVv-0A,UC8gDq5ENmiVuJZIVsiZbQ8g,200,1,0,0,0,0.004,62.59,14.56
LWkZ5LpXgNo,UCnKHDbf4TM65HyT2XdQaT6Q,8,0,0,0,0,0.001,45.13,11.0
LWnBy5ZSr1w,UCNkelFxYeQTdVdBzl3yaliw,13,0,0,0,0,0.006,19.81,287.77
LXD8FmCpI0c,UCAkSxwl8Lbk2hBXAAfsEFTA,1,0,0,0,0,0.0,0.34,2.0
LXS_BnAeLEQ,UCJw9px5fOp-nwJG6g4gN1ng,94,1,0,0,0,0.007,99.59,17.56
LXX_KTsxdis,UCT7ZxKrKqxBvAODr8h_ODkA,667,3,0,0,0,0.027,11.52,145.84
LY57PyVPNB4,UCTGoaBFABIBLXcqXzCM5D3A,11,0,0,0,0,0.0,70.53,23.64
LYOaDR9evOw,UCLQ4NoTptaCDG4nUvDLtUoQ,13,0,0,0,0,0.177,0.81,55.38
LYcyW24538g,UCSlOhfr5f-RPRP50yRri1uA,398,3,0,2,0,0.019,96.38,53.39
LZFGws0w2NM,UCsbnInDepLdq6o781WVZ-5g,3,0,0,0,0,0.0,0.0,0.0
LZdjqQKgwx4,UCl_Nqhf2SGNwv4uvbvs3upg,3,0,0,0,0,0.0,0.33,20.0
L_B4bTw9Wm0,UC01rTYtA_UsuZ5wzxnyHFcg,1,0,0,0,0,0.001,0.68,30.0
L_aIw6qj7us,UC82nFsZOjs5Tr96upPPq9Ww,3,0,0,0,0,0.0,0.13,2.33
LanU6mFNds8,UCZFs3JqsRIqtqYgo4HahDUQ,1119,5,0,3,3,5.838,3.35,232.47
Laonv6hh3CE,UCxhHKduxLRNAOC_GUHPPf1Q,17,0,0,0,0,0.002,11.87,265.88
LbctNKZAIDI,UC77WdDKy6cbCxZkC46eaudA,8,0,0,0,0,0.003,2.94,47.88
LcDDunuaalM,UCSlOhfr5f-RPRP50yRri1uA,24,2,0,0,0,0.001,57.78,28.0
Ldu05V9_GFA,UCxxl4xdZZqRSSz2VfnFBhwA,241,7,0,0,0,0.042,77.33,22.49
Lf0OrayNxyY,UCSlOhfr5f-RPRP50yRri1uA,2531,29,0,0,3,0.15,75.03,38.1
Lf0dwP9h0-c,UC0GVHmLgrxE2SS8F0C19JVg,109,0,0,0,0,0.014,152.38,6.79
Lfgmtgl0gtM,UCeVTtB1kN607CxFrFkiqjgQ,85,0,0,0,0,0.184,9.87,131.0
Lg6GcTPq9JY,UC2IjY1Gm6b7pYp-vMJ2R9ig,1345,4,0,2,2,0.801,13.76,65.81
LgATG7Aowpk,UCSlOhfr5f-RPRP50yRri1uA,134,1,0,0,2,0.042,21.47,264.82
LgMX1cjRMpk,UCT7ZxKrKqxBvAODr8h_ODkA,110,1,0,0,0,0.002,53.89,13.46
Lg_e8Sz8Cy0,UC82nFsZOjs5Tr96upPPq9Ww,87,0,0,0,0,0.252,15.36,198.24
Lh4F8zcKyCA,UCT7ZxKrKqxBvAODr8h_ODkA,452,1,0,0,0,0.003,101.99,31.96
LhLh-8R2FqQ,UC2jHP3YhgMucr6UlgFzRhbA,149,0,0,0,0,0.001,25.33,12.0
LhjcGOjqRzY,UC2IjY1Gm6b7pYp-vMJ2R9ig,5,0,0,0,0,0.0,5.11,17.2
LiTPo0_jMmg,UCpUrAXv2lzGxM4plYB7CE-A,0,0,0,0,0,0.0,0.0,0.0
Lj_lQrNEpJs,UCZem4a64VnhfA4CBw9vM2bg,11,-1,1,0,0,0.002,28.08,11.18
Lk2m5uT81pQ,UCxxl4xdZZqRSSz2VfnFBhwA,584,9,0,0,0,0.102,79.12,22.63
LlZMXUGgYV8,UC01rTYtA_UsuZ5wzxnyHFcg,24,0,0,0,0,0.007,1.53,107.33
Lm_kRCUkI_Q,UCk2O5vfW3c_W5YWQ_BoD1Ug,728,5,0,0,0,0.066,72.98,31.51
LnSWkLmTykA,UC80LfoIH6FrzHTm6lXTWCKQ,1,0,0,0,0,0.187,99.93,986.0
LoDMSRiieoE,UC0GVHmLgrxE2SS8F0C19JVg,9,0,0,0,0,0.0,62.38,26.67
LoH8NfGJg-c,UCpUrAXv2lzGxM4plYB7CE-A,172,1,0,0,0,0.004,54.27,16.0
Lq7S92u3FQA,UCdtOFTQ1GVPKzvOYsi1ApIw,9,0,0,0,0,0.015,3.59,173.0
LqBxNa3pgzc,UCmhHN34V-dphAOk3RXxjb0g,241,0,0,0,0,0.549,3.16,171.0
LqY1V407_Ow,UCl_Nqhf2SGNwv4uvbvs3upg,14,0,0,0,0,0.001,35.17,17.0
Lq_b9_9pZyU,UCT7ZxKrKqxBvAODr8h_ODkA,46,1,0,0,0,0.007,11.3,236.07
Ls3DItrXlDE,UCIg97fCjw1HnS8vPqwiHLGA,31,0,0,0,0,0.001,15.82,189.71
LsSLUSHMPWg,UC77WdDKy6cbCxZkC46eaudA,5,0,0,0,0,0.001,7.37,88.8
LsTlmtGd9rw,UC82nFsZOjs5Tr96upPPq9Ww,4,0,0,0,0,0.001,17.53,8.0
Lt-dzQQIC1k,UCXJiqB85OD4gnutvJ-gKHsg,2,0,0,0,0,0.0,0.37,4.0
Lu4qR-jkfWs,UCbnCFV5_c-nGiEQN1anEO5A,7,0,0,0,0,0.0,0.0,0.0
LuzwyEH3pyQ,UC0GVHmLgrxE2SS8F0C19JVg,4,0,0,0,0,0.0,11.54,6.5
LvFSfgoF4Ag,UCEFB0gMdnD1NyiZaedHg2hQ,164,1,0,0,2,0.101,10.63,100.0
LvIjl4Rf6Qc,UCLQ4NoTptaCDG4nUvDLtUoQ,7,0,0,0,0,0.0,4.64,373.14
LveRm3nJURo,UCZFs3JqsRIqtqYgo4HahDUQ,22,0,0,0,0,0.001,31.42,42.41
Lw8_E4AxaJA,UCSlOhfr5f-RPRP50yRri1uA,15843,147,1,1,34,0.708,52.88,47.0
Lwp82pCG83o,UCxhHKduxLRNAOC_GUHPPf1Q,13,0,0,0,0,0.001,54.16,17.85
LxLDEI5khAI,UCpUrAXv2lzGxM4plYB7CE-A,27,0,0,0,0,0.001,25.92,8.0
LyLOdEhhOV4,UCTGoaBFABIBLXcqXzCM5D3A,81,0,0,0,0,0.0,35.23,10.35
Lz4jT0NVfwE,UCSlOhfr5f-RPRP50yRri1uA,10,0,0,0,0,0.0,4.0,5.6
LzKMPOpMffI,UCT7ZxKrKqxBvAODr8h_ODkA,13,0,0,0,0,0.0,77.64,15.77
LzUm4G_uF0s,UCp013Ih_EWf3SXO8F4ftIwQ,97,0,0,0,0,0.096,1.37,69.0
LzsbFP64luU,UCMGKZD9ggu_Pfo4dkL47cXQ,73,1,0,0,1,0.214,19.42,315.23
M-RtGgUTvkM,UCx08xHWVSQIiujaTJb8HWYg,1759,7,0,0,0,6.882,2.49,182.09
M-VR16smkMo,UCNkelFxYeQTdVdBzl3yaliw,968,9,1,0,6,0.244,11.56,149.64
M1uj0DFghso,UCMGKZD9ggu_Pfo4dkL47cXQ,4911,27,1,5,9,6.832,9.49,127.97
M3j6AefRgNI,UCxfDVRNK6SoN59v_t3ZJ33A,4,0,0,0,0,0.008,0.78,28.0
M4OttfPHHCU,UCOfo1ycUYYsMkBRS56TSo3Q,823,0,0,0,0,0.0,18.82,6.27
M59wXSBep4U,UC8Fm-ogvMehvbgF0BJjKiuQ,1,0,0,0,0,0.0,0.0,0.0
M5dxH0m6QAo,UCc-V01UlW1n8eGLpATLA5gw,3,0,0,0,1,0.0,6.45,252.0
M5exJXz2N9s,UCf3lAEw_WPtcgHMUVAunzSw,342,1,0,0,0,0.432,2.1,142.87
M5hVqiGzJYg,UCxhHKduxLRNAOC_GUHPPf1Q,10,0,0,0,0,0.027,16.0,520.5
M75V1hRtvDY,UCxxl4xdZZqRSSz2VfnFBhwA,15,0,0,0,0,0.003,49.57,46.8
M7Bquft5kzo,UCSlOhfr5f-RPRP50yRri1uA,15,0,0,0,0,0.0,1.14,0.53
M7T45d2R8Lk,UCf3lAEw_WPtcgHMUVAunzSw,4,0,0,0,0,0.0,85.26,30.0
M8qNt5YG_Cc,UCsbnInDepLdq6o781WVZ-5g,171,2,0,0,1,0.54,19.02,270.46
M9j3M1BC_ZE,UCeVTtB1kN607CxFrFkiqjgQ,11,0,0,0,0,0.013,1.89,24.45
MCaQ1o49YL4,UCk2O5vfW3c_W5YWQ_BoD1Ug,362,3,0,0,0,0.026,64.54,30.48
MGWbg0mGs8M,UCZFs3JqsRIqtqYgo4HahDUQ,64,0,0,0,0,0.001,16.31,15.42
MGiLsMs1I8Q,UChhBhc7qJ42rgzAIPe9z6Cg,5,0,0,0,0,0.005,1.32,10.0
MHQzOwbQCN0,UCIg97fCjw1HnS8vPqwiHLGA,226,1,0,0,0,0.726,19.46,142.43
MHuiHsYrz9U,UCAkSxwl8Lbk2hBXAAfsEFTA,0,0,0,0,0,0.0,0.0,0.0
MHxVIFb1qog,UCZem4a64VnhfA4CBw9vM2bg,95,0,0,0,0,0.186,12.05,475.77
MJ-1PHbzFZc,UC8Fm-ogvMehvbgF0BJjKiuQ,3,0,0,0,0,0.015,8.06,157.33
MJDS-XaFwnE,UC77WdDKy6cbCxZkC46eaudA,2,0,0,0,0,0.005,5.35,57.5
MJqe-plFHds,UCT7ZxKrKqxBvAODr8h_ODkA,28,0,0,0,0,0.004,6.71,129.5
MKIsXYcgi28,UC01rTYtA_UsuZ5wzxnyHFcg,3,0,0,0,0,0.0,0.0,0.0
MLVn5u66YPY,UCLQ4NoTptaCDG4nUvDLtUoQ,11,0,0,0,0,0.021,5.05,421.55
MO1pWLsKhYw,UCAkSxwl8Lbk2hBXAAfsEFTA,176,1,0,0,1,0.909,13.7,275.0
MO9SH9Q5rgk,UCMGKZD9ggu_Pfo4dkL47cXQ,11,0,0,0,0,0.001,88.83,10.82
MQITnrJwtbg,UC77WdDKy6cbCxZkC46eaudA,4,0,0,0,0,0.007,5.8,89.0
MRVpbFmUODI,UCpUrAXv2lzGxM4plYB7CE-A,11,0,0,0,0,0.002,1.03,62.0
MSRqyaweCPc,UCSlOhfr5f-RPRP50yRri1uA,5,0,0,0,0,0.0,2.63,2.6
MSn3bDc6ooI,UCxxl4xdZZqRSSz2VfnFBhwA,2,0,0,0,0,0.002,3.58,37.0
MT3uIGr2FfA,UCSlOhfr5f-RPRP50yRri1uA,1,0,0,0,0,0.0,0.0,0.0
MTNMfUvPIo4,UCxfDVRNK6SoN59v_t3ZJ33A,2,0,0,0,0,0.0,0.0,0.0
MTfSJ4gy4wA,UCnKHDbf4TM65HyT2XdQaT6Q,10,0,0,2,0,0.01,3.72,34.0
MTzKSX2omXY,UCSlOhfr5f-RPRP50yRri1uA,8,0,0,0,0,0.0,8.4,11.0
MU2yTOYn8i0,UCSlOhfr5f-RPRP50yRri1uA,75,0,0,0,0,0.042,10.42,99.27
MU6sZ9SMMJU,UCdtOFTQ1GVPKzvOYsi1ApIw,23,1,0,0,0,0.008,6.3,242.0
MUMYaDgIVmA,UCpUrAXv2lzGxM4plYB7CE-A,64898,325,0,3,159,56.282,4.52,287.07
MUc8mmcxgEk,UCNkelFxYeQTdVdBzl3yaliw,6,0,0,0,0,0.005,6.73,114.0
MUrh1rpZVsk,UCZFs3JqsRIqtqYgo4HahDUQ,168,1,0,0,0,0.009,56.87,19.14
MVhhpZfVctU,UC2IjY1Gm6b7pYp-vMJ2R9ig,2,0,0,0,0,0.005,2.08,7.0
MWK6BrPBLcQ,UCm3RYOItKT_P0-oRCkkSMZw,57,0,0,0,0,0.005,73.74,13.05
MXPM3rtQsqA,UCT7ZxKrKqxBvAODr8h_ODkA,5,0,0,0,0,0.0,92.67,13.0
MXW3gg5OGCc,UCp013Ih_EWf3SXO8F4ftIwQ,9037,10,2,8,3,20.226,2.42,119.0
MXoO5RWZShg,UCZem4a64VnhfA4CBw9vM2bg,7,0,0,0,0,0.001,28.96,18.86
MYXSKYjyJ7Q,UCxxl4xdZZqRSSz2VfnFBhwA,47,0,0,0,0,0.006,41.91,11.68
MYhXKu3uh6U,UCsbnInDepLdq6o781WVZ-5g,18,0,0,0,0,0.001,58.92,25.33
MZOl6Y3XvEM,UCXJiqB85OD4gnutvJ-gKHsg,0,0,0,0,0,0.0,0.0,0.0
MZgyC06Lzso,UCZem4a64VnhfA4CBw9vM2bg,24,0,0,0,0,0.002,77.27,16.5
M_38xsCZrOA,UC8Fm-ogvMehvbgF0BJjKiuQ,1,0,0,0,0,0.0,0.52,24.0
MafW0vdceto,UCf3lAEw_WPtcgHMUVAunzSw,2,0,0,0,0,0.0,0.0,0.0
MawuayzxzdM,UCx08xHWVSQIiujaTJb8HWYg,8,0,0,0,0,0.004,0.78,28.12
MbMPPTho2GI,UCm3RYOItKT_P0-oRCkkSMZw,13,0,0,0,0,0.0,61.38,27.38
MbUk6nzF1dk,UCdtOFTQ1GVPKzvOYsi1ApIw,3,0,0,0,0,0.0,2.21,25.0
McMOUIF3MzA,UC8gDq5ENmiVuJZIVsiZbQ8g,6361,33,0,0,7,0.179,56.82,17.97
McelGjc4KzE,UCl_Nqhf2SGNwv4uvbvs3upg,990,2,0,3,2,1.109,3.67,252.0
Mdzk7wyXr1I,UC82nFsZOjs5Tr96upPPq9Ww,9,0,0,0,0,0.0,1.27,75.0
MekKFivh4LA,UCLQ4NoTptaCDG4nUvDLtUoQ,16,0,0,0,0,0.001,4.98,6.19
Mf9E0ECbOAc,UCZFs3JqsRIqtqYgo4HahDUQ,650,2,0,0,1,0.024,69.66,14.49
MfA1AhqAzoM,UCxxl4xdZZqRSSz2VfnFBhwA,43,1,0,0,0,0.006,75.55,15.79
MhNvZ-3wlUc,UCm3RYOItKT_P0-oRCkkSMZw,7,0,0,0,0,0.001,4.13,63.86
MhRQqqMBHMg,UCT7ZxKrKqxBvAODr8h_ODkA,5,0,0,0,0,0.0,2.83,105.6
MhqkeYHZR2M,UCSlOhfr5f-RPRP50yRri1uA,187,2,0,0,0,0.009,26.39,24.16
Mi-qhw2Ddf8,UCc-V01UlW1n8eGLpATLA5gw,3,0,0,0,0,0.0,9.05,7.0
MigYMIIgt8Q,UCAkSxwl8Lbk2hBXAAfsEFTA,5,1,0,0,0,0.016,11.71,178.4
MiptR5mrfYc,UCl_Nqhf2SGNwv4uvbvs3upg,161,1,0,0,0,0.005,75.44,26.0
MjVU0lrnj4Q,UCSlOhfr5f-RPRP50yRri1uA,141,0,0,0,0,0.143,6.75,267.32
Mjseslat624,UCIg97fCjw1HnS8vPqwiHLGA,4,0,0,0,0,0.0,25.14,275.0
Mk1-d9eCOUA,UCdtOFTQ1GVPKzvOYsi1ApIw,2,0,0,0,0,0.0,98.39,53.0
MkalhEdI7EU,UCf3lAEw_WPtcgHMUVAunzSw,1,0,0,0,0,0.0,0.0,0.0
Ml89Svd-zk0,UCvfQU0Npb-ve-LxUlaAN1GA,11,0,0,0,0,0.011,7.12,84.73
MlBYwEzPm4E,UCk2O5vfW3c_W5YWQ_BoD1Ug,206,1,0,0,0,0.014,59.84,29.54
Mlc0rdmWWRg,UCLQ4NoTptaCDG4nUvDLtUoQ,154,0,0,0,0,0.768,13.94,26.48
Mm5CAJcLPjk,UC2IjY1Gm6b7pYp-vMJ2R9ig,5,0,0,0,0,0.002,11.59,10.4
MmAz07iqlbk,UCAkSxwl8Lbk2hBXAAfsEFTA,1,0,0,0,0,0.0,0.0,0.0
Mo2jTwkeGx4,UCnKHDbf4TM65HyT2XdQaT6Q,160,2,0,0,2,0.009,123.97,21.0
MoBd6nH6eR8,UCk2O5vfW3c_W5YWQ_BoD1Ug,357,6,2,2,0,0.713,13.39,252.77
MoIt9UihB_4,UCT7ZxKrKqxBvAODr8h_ODkA,38,1,0,0,0,0.01,6.75,58.95
MoaH5Tba7zo,UCnKHDbf4TM65HyT2XdQaT6Q,0,0,0,0,0,0.0,0.0,0.0
Mp8Y2gbaU24,UCk2O5vfW3c_W5YWQ_BoD1Ug,114,1,0,0,0,0.01,29.12,23.42
MpJ85EZ9CGk,UC80LfoIH6FrzHTm6lXTWCKQ,18,0,0,0,0,0.006,6.53,68.0
MpzLGZc3ZPQ,UCqbTAXnwXspcNb7l3UqrOHQ,509,2,0,0,0,1.098,17.29,168.62
Mq-2P_CwHKc,UC77WdDKy6cbCxZkC46eaudA,5,0,0,0,0,0.023,18.27,186.4
MqHsuPTWdYI,UCxxl4xdZZqRSSz2VfnFBhwA,12,0,0,0,0,0.0,0.85,30.33
MrulIiwWrYA,UCdtOFTQ1GVPKzvOYsi1ApIw,1,0,0,0,0,0.0,0.0,0.0
Ms-vPhUixhE,UCxfDVRNK6SoN59v_t3ZJ33A,16,0,0,0,0,0.002,67.62,47.06
Mspl8F4uWk0,UCc-V01UlW1n8eGLpATLA5gw,152,0,0,0,0,0.18,11.52,259.0
MtaM-Rkqgfc,UCdtOFTQ1GVPKzvOYsi1ApIw,3,0,0,0,0,0.001,29.71,17.0
MtdYCi6tYBg,UCAkSxwl8Lbk2hBXAAfsEFTA,1,0,0,0,0,0.0,0.0,0.0
Mtyt8lels8g,UC01rTYtA_UsuZ5wzxnyHFcg,2,0,0,0,0,0.0,0.6,12.0
MuKUeo-4DXs,UC82nFsZOjs5Tr96upPPq9Ww,65,4,0,1,0,0.003,30.12,17.6
Mv8w0JBHjUM,UCLQ4NoTptaCDG4nUvDLtUoQ,305,1,0,0,0,0.261,0.79,61.52
Mw_8QEyURsY,UC82nFsZOjs5Tr96upPPq9Ww,33,0,0,0,0,0.0,0.98,70.52
Mwde2OKFEhI,UCIg97fCjw1HnS8vPqwiHLGA,102,0,1,0,0,0.195,13.16,277.88
Mxp47gZ2sJk,UCL_RZ1IidYQkVQxfimfnPSQ,6,0,0,0,0,0.0,53.33,9.0
MybYaCK73p4,UCSlOhfr5f-RPRP50yRri1uA,19,0,0,0,0,0.0,17.4,7.58
Myp909ZLoBk,UC0GVHmLgrxE2SS8F0C19JVg,4,0,0,0,0,0.004,2.18,26.0
MyxH8W5MzNU,UCVRU0wQxaEQdq0CKQHfifZg,267,1,0,0,0,0.279,6.34,162.33
MzQ5--469d8,UC2IjY1Gm6b7pYp-vMJ2R9ig,1,0,0,0,0,0.001,0.14,1.0
MzUwOIRJ_-M,UCSlOhfr5f-RPRP50yRri1uA,180,5,0,0,0,0.012,33.15,31.58
MzqrQBipSFU,UCxfDVRNK6SoN59v_t3ZJ33A,2,0,0,0,0,0.0,0.0,0.0
N-hpoezbAhw,UCVRU0wQxaEQdq0CKQHfifZg,5,1,0,0,0,0.002,4.11,192.8
N-mQb-g5sCw,UCxxl4xdZZqRSSz2VfnFBhwA,14,0,0,0,0,0.002,37.86,32.0
N-uYrqyfiTQ,UCIg97fCjw1HnS8vPqwiHLGA,37,0,0,0,0,0.005,63.32,11.41
N-zIC0wmDRg,UC2IjY1Gm6b7pYp-vMJ2R9ig,2,0,0,0,0,0.0,34.95,26.0
N1Gd1md4q0Q,UC49-b-BhbYoG54YNkwmzg8w,5,0,0,0,0,0.008,4.52,57.2
N2KjLecJZD8,UCEFB0gMdnD1NyiZaedHg2hQ,211,2,0,2,0,0.249,13.04,100.81
N2qRjd9j2jA,UCAkSxwl8Lbk2hBXAAfsEFTA,28,0,0,0,0,0.033,1.76,118.29
N2zgDOL8Z3U,UCm3RYOItKT_P0-oRCkkSMZw,543,6,0,0,1,0.347,6.73,90.33
N3SC6ktssxs,UCnwjt6PgkKuZC4S1A0yTOFQ,11,2,0,0,0,0.002,12.91,206.09
N45m8xxHyFc,UCnKHDbf4TM65HyT2XdQaT6Q,0,0,0,0,0,0.0,0.0,0.0
N4L8JC7oDAs,UCSlOhfr5f-RPRP50yRri1uA,223,0,0,0,0,0.005,49.85,19.59
N5K6wcT3x_s,UCnwjt6PgkKuZC4S1A0yTOFQ,743,0,0,1,0,0.001,26.23,4.22
N5WJ8s5m4Vg,UCmhHN34V-dphAOk3RXxjb0g,5107,0,0,0,0,0.0,8.46,5.0
N68u6OvNwQc,UCIg97fCjw1HnS8vPqwiHLGA,37,0,0,0,0,0.004,66.55,32.84
N6IZAYjELPU,UCf3lAEw_WPtcgHMUVAunzSw,65,0,0,0,0,0.001,58.55,18.05
N7ZHawjyLsI,UCf3lAEw_WPtcgHMUVAunzSw,5,0,0,0,0,0.0,53.03,14.6
N7_BB1uSElU,UCm3RYOItKT_P0-oRCkkSMZw,2,0,0,0,0,0.0,10.0,5.5
N8yh8ACSAoc,UCeVTtB1kN607CxFrFkiqjgQ,37,2,0,0,0,0.008,82.68,35.16
N9ojAPJkq9E,UC0GVHmLgrxE2SS8F0C19JVg,196,-1,1,0,1,0.836,9.6,207.32
NB2Nu2O3RwE,UCf3lAEw_WPtcgHMUVAunzSw,89,0,0,0,0,0.001,56.27,16.56
NB6ATC3RfUQ,UC8Fm-ogvMehvbgF0BJjKiuQ,3,0,0,0,0,0.0,0.0,0.0
NCOb8Bp_ES4,UCm3RYOItKT_P0-oRCkkSMZw,12,0,0,0,0,0.118,15.13,203.67
NCTAVH2ENDU,UCZFs3JqsRIqtqYgo4HahDUQ,6561,12,1,3,2,8.89,2.13,168.53
NCx8MnGG4E8,UCnKHDbf4TM65HyT2XdQaT6Q,0,0,0,0,0,0.0,0.0,0.0
NECvlhic6dw,UCZem4a64VnhfA4CBw9vM2bg,19,1,0,0,0,0.002,50.25,28.37
NEnxDHcSZlI,UCTqUiADoXl9Cq74vCP4FJCQ,1,-1,0,0,0,0.0,2.92,4.0
NEuJVBDjRb0,UCxxl4xdZZqRSSz2VfnFBhwA,21,1,0,0,0,0.039,23.76,231.14
NJ3IWGHwDqA,UCSlOhfr5f-RPRP50yRri1uA,16,0,0,0,0,0.0,0.0,0.0
NMJPVwGJtA4,UCf3lAEw_WPtcgHMUVAunzSw,18,0,0,0,0,0.001,75.11,17.33
NMmKNcv43Zo,UCJyOxDvifY5Xw18aNm_I8YQ,21,0,0,0,0,0.0,33.05,28.0
NO2VIR-BTVI,UCOfo1ycUYYsMkBRS56TSo3Q,133,0,0,0,0,0.006,64.74,19.85
NPO_c8M3HO0,UCxfDVRNK6SoN59v_t3ZJ33A,125,2,0,0,0,0.011,72.8,41.39
NPtv3CXavQM,UCm3RYOItKT_P0-oRCkkSMZw,952,5,0,0,0,0.161,9.27,60.0
NQJpITutHqY,UCx08xHWVSQIiujaTJb8HWYg,86,1,0,0,0,0.006,4.51,54.05
NTE0kG6BjjA,UCZem4a64VnhfA4CBw9vM2bg,177,1,0,0,1,0.018,79.69,24.76
NV7pq3YpRWU,UCqbTAXnwXspcNb7l3UqrOHQ,15052,461,7,7,62,1.537,92.69,27.0
NVW_ZuCZQxg,UC8gDq5ENmiVuJZIVsiZbQ8g,3,0,0,0,0,0.0,4.27,4.0
NWlztjJKoPI,UCZFs3JqsRIqtqYgo4HahDUQ,61,0,0,0,0,0.0,15.4,5.46
NXfVolNVq6w,UCk2O5vfW3c_W5YWQ_BoD1Ug,965,5,0,0,1,0.065,53.02,35.1
NXjJqYeLmAw,UCT7ZxKrKqxBvAODr8h_ODkA,3,0,0,0,0,0.0,64.17,1153.33
NYARrh3Bdo8,UCTGoaBFABIBLXcqXzCM5D3A,87,1,0,0,0,0.0,43.93,14.38
NYB7_gngZ2c,UCc-V01UlW1n8eGLpATLA5gw,1,0,0,0,0,0.0,46.46,30.0
NYfSntV-8-U,UCOfo1ycUYYsMkBRS56TSo3Q,6879,0,0,0,0,0.0,66.53,20.98
N_JeeglPIEo,UCxxl4xdZZqRSSz2VfnFBhwA,88,0,0,0,0,0.004,18.31,26.27
NaOPFyvO-wk,UCeVTtB1kN607CxFrFkiqjgQ,134,0,0,0,0,0.271,8.48,175.5
NaPbApz_Ojo,UCXJiqB85OD4gnutvJ-gKHsg,1,0,0,0,0,0.0,0.79,8.0
Nc8WIkt1VJA,UCP4STX85lq_fpEtvQcq_5fw,60,0,0,0,0,0.024,8.79,221.2
Ncl7XabS1Hw,UCJyOxDvifY5Xw18aNm_I8YQ,381,5,0,0,0,0.0,21.33,261.0
NeMIKnOQfEU,UC8Fm-ogvMehvbgF0BJjKiuQ,0,0,0,0,0,0.0,0.0,0.0
NeTctBVU_HI,UCSlOhfr5f-RPRP50yRri1uA,3,0,0,0,0,0.0,0.1,3.33
NfTyp1dj8ZY,UCxfDVRNK6SoN59v_t3ZJ33A,24,0,0,0,0,0.003,65.3,20.92
NgNvRh4Rt-U,UC0GVHmLgrxE2SS8F0C19JVg,298,1,0,0,0,1.006,18.63,254.84
NgUwzJQGu64,UCp013Ih_EWf3SXO8F4ftIwQ,2705,8,0,6,6,4.227,4.11,232.0
NgrbGLaADGk,UC2jHP3YhgMucr6UlgFzRhbA,1072,2,0,0,0,0.004,46.03,13.0
NhiOqj2OJEc,UC2jHP3YhgMucr6UlgFzRhbA,5397,5,1,3,3,7.306,0.94,71.0
NiT6Vvasulc,UC8Fm-ogvMehvbgF0BJjKiuQ,2,0,0,0,0,0.0,3.04,130.0
NjSza2lXKwQ,UCAkSxwl8Lbk2hBXAAfsEFTA,1,0,0,0,0,0.0,0.16,3.0
NjxYiadQsLU,UCSlOhfr5f-RPRP50yRri1uA,3,0,0,0,0,0.0,19.02,13.33
NlpDFAcfg2I,UCxhHKduxLRNAOC_GUHPPf1Q,1,0,0,0,0,0.0,0.0,0.0
NmUusCsvLIU,UCctSzoeee7KCnR84dZ6IO7w,5,0,0,0,0,0.01,7.17,117.0
Nmer7WwlcOI,UCeVTtB1kN607CxFrFkiqjgQ,190,2,0,0,0,0.014,61.7,63.21
NnPrHi3dLXc,UCf3lAEw_WPtcgHMUVAunzSw,112,0,0,0,0,0.002,74.9,20.43
NpSkcUp4mFE,UCm3RYOItKT_P0-oRCkkSMZw,1,0,0,0,0,0.0,0.83,9.0
NprGO7C9YDA,UCvfQU0Npb-ve-LxUlaAN1GA,4,0,0,0,0,0.0,2.41,20.75
NqFrhsv06qc,UCxxl4xdZZqRSSz2VfnFBhwA,620,0,0,1,0,1.172,16.2,148.71
NqRGZ0cWtiU,UCIg97fCjw1HnS8vPqwiHLGA,136,0,0,0,0,0.036,2.76,58.08
Nqe2QC682sE,UCMGKZD9ggu_Pfo4dkL47cXQ,146,1,0,0,0,0.003,45.08,8.0
NquPBL7GOsw,UC80LfoIH6FrzHTm6lXTWCKQ,4,0,0,0,0,0.01,6.89,42.0
NtCFuty3atE,UC8gDq5ENmiVuJZIVsiZbQ8g,112,1,0,0,0,0.004,51.2,14.56
Nui6EN_MRHI,UCZFs3JqsRIqtqYgo4HahDUQ,17,0,0,0,0,0.0,74.75,30.41
Nv5hjLI9dQM,UCxfDVRNK6SoN59v_t3ZJ33A,4,0,0,0,0,0.0,37.5,40.0
Nw9P2FetYao,UCSlOhfr5f-RPRP50yRri1uA,31,1,0,0,0,0.0,60.57,32.52
NwWzEAC0ySA,UC77WdDKy6cbCxZkC46eaudA,4,0,0,0,0,0.0,6.17,81.0
NweI8QpFJU8,UCxxl4xdZZqRSSz2VfnFBhwA,37,2,0,0,0,0.006,53.9,20.54
NxFDVdrrwSI,UCeVTtB1kN607CxFrFkiqjgQ,29,1,0,0,0,0.003,23.66,35.69
O-WO6uva9h4,UC77WdDKy6cbCxZkC46eaudA,15,0,0,0,0,0.001,579.86,28.4
O-xlbYEY54Q,UCxfDVRNK6SoN59v_t3ZJ33A,3,0,0,0,0,0.0,81.56,62.0
O0L4Wung0gc,UC82nFsZOjs5Tr96upPPq9Ww,229,3,0,0,0,0.018,16.16,25.0
O1Dh-S_z9Jk,UCOfo1ycUYYsMkBRS56TSo3Q,917,0,0,0,0,0.0,39.61,12.19
O1VlyhdromQ,UCZFs3JqsRIqtqYgo4HahDUQ,86,0,0,0,0,0.002,23.99,21.36
O1rqI0enOeA,UC80LfoIH6FrzHTm6lXTWCKQ,667,3,1,0,3,0.482,17.02,228.0
O1vSSb1yqt4,UCP4STX85lq_fpEtvQcq_5fw,44,0,0,0,0,0.046,5.35,44.8
O28XOnV4DEw,UC2jHP3YhgMucr6UlgFzRhbA,50,2,0,0,2,0.052,1.11,74.0
O4P9sF6puYk,UCTqUiADoXl9Cq74vCP4FJCQ,213,3,0,0,0,0.013,69.11,36.26
O5VY-Wdvcag,UCMGKZD9ggu_Pfo4dkL47cXQ,20,0,0,0,0,0.003,82.23,19.1
O5jsIfL3uJI,UCEFB0gMdnD1NyiZaedHg2hQ,314,5,0,0,0,0.027,72.06,17.75
O67xLqfZ2NI,UCOfo1ycUYYsMkBRS56TSo3Q,2042,16,0,0,1,0.124,61.01,18.94
O6pFpbFEm6Y,UCvfQU0Npb-ve-LxUlaAN1GA,34,0,0,0,0,0.001,0.57,42.94
O6zE4ewIyI8,UCxxl4xdZZqRSSz2VfnFBhwA,12,0,0,0,0,0.002,10.69,9.0
O7V52QdG6sE,UCxfDVRNK6SoN59v_t3ZJ33A,3,0,0,0,0,0.001,109.21,68.0
O7fQlDKxEh0,UCf3lAEw_WPtcgHMUVAunzSw,1,0,0,0,0,0.0,0.0,0.0
O9W7Um7pEmk,UCm3RYOItKT_P0-oRCkkSMZw,31,1,0,0,0,0.003,32.95,13.58
O9j7STnU2rM,UCxfDVRNK6SoN59v_t3ZJ33A,1,0,0,0,0,0.0,0.0,0.0
OA36vAJIK7g,UCmhHN34V-dphAOk3RXxjb0g,71,0,0,0,0,0.004,16.87,9.0
OADDVwkh4LI,UC77WdDKy6cbCxZkC46eaudA,510,0,0,0,1,0.291,11.58,158.83
OBNqgS4NBU8,UCnwjt6PgkKuZC4S1A0yTOFQ,7,0,0,0,0,0.01,3.44,10.0
OBvHftj6pPI,UC0GVHmLgrxE2SS8F0C19JVg,23,0,0,0,0,0.031,8.58,142.22
OC0jH2ItSaE,UCk2O5vfW3c_W5YWQ_BoD1Ug,3758,38,1,0,5,0.241,85.83,16.5
OCsV_NoOJCk,UC8gDq5ENmiVuJZIVsiZbQ8g,2,0,0,0,0,0.0,0.0,0.0
OEIHVSAxiDs,UCf3lAEw_WPtcgHMUVAunzSw,98,0,0,0,0,0.01,39.64,29.19
OJgWEG5f934,UC2IjY1Gm6b7pYp-vMJ2R9ig,4,0,0,0,0,0.0,0.0,0.0
OK4J5Xq4zYc,UC8gDq5ENmiVuJZIVsiZbQ8g,67,0,0,0,0,0.001,33.37,12.31
OKYaeOlmxJE,UC8gDq5ENmiVuJZIVsiZbQ8g,429,1,0,0,0,0.01,56.76,18.59
OKo9zBkrOLw,UCT7ZxKrKqxBvAODr8h_ODkA,18,0,0,0,0,0.001,6.77,20.67
OLtgYTWFDSY,UC2jHP3YhgMucr6UlgFzRhbA,105,0,0,0,0,0.0,25.19,13.0
OM3aOXzxExY,UCAkSxwl8Lbk2hBXAAfsEFTA,2,0,0,0,0,0.012,54.95,789.0
OMUHF2dOSSY,UCSlOhfr5f-RPRP50yRri1uA,8,0,0,0,0,0.0,79.16,47.0
ONN14EdcWbQ,UCf3lAEw_WPtcgHMUVAunzSw,1,0,0,0,0,0.0,51.34,29.0
ONtB3igiH58,UCZFs3JqsRIqtqYgo4HahDUQ,58,1,0,0,0,0.001,89.26,29.79
ONxQ1ve_rOE,UCxfDVRNK6SoN59v_t3ZJ33A,4,0,0,0,0,0.0,9.69,24.25
OOJp09YkvMY,UCmhHN34V-dphAOk3RXxjb0g,6232,0,0,0,0,0.159,25.34,12.02
OPEmWbVkdqc,UCZem4a64VnhfA4CBw9vM2bg,58,0,0,0,0,0.008,84.15,27.34
OQ0Xbo7POxc,UCZFs3JqsRIqtqYgo4HahDUQ,13,1,0,0,0,0.092,5.7,253.46
OQA_U7OKaRQ,UC82nFsZOjs5Tr96upPPq9Ww,2,0,0,0,0,0.0,1.82,9.5
OQd8uwgSBgE,UCeVTtB1kN607CxFrFkiqjgQ,2,0,0,0,0,0.0,49.97,814.5
OR33Z92iGgs,UCxfDVRNK6SoN59v_t3ZJ33A,4,0,0,0,0,0.001,5.27,2.5
ORIG79TeGz4,UC0GVHmLgrxE2SS8F0C19JVg,13,0,0,0,0,0.044,10.34,158.69
OVtwUUjpClE,UCTGoaBFABIBLXcqXzCM5D3A,49,0,0,0,0,0.0,42.2,13.27
OWXcO9kHUEY,UCT7ZxKrKqxBvAODr8h_ODkA,3,0,0,0,0,0.0,51.18,8.0
OZhI17UnjJs,UCxfDVRNK6SoN59v_t3ZJ33A,9,0,0,0,0,0.001,1.63,63.0
ObZl5ML6qbc,UCIg97fCjw1HnS8vPqwiHLGA,6225,47,2,1,24,3.791,13.58,301.27
OcCJQXUSFkU,UCdtOFTQ1GVPKzvOYsi1ApIw,1,0,0,0,0,0.0,2.98,39.0
OcOXtRqW4gI,UCf3lAEw_WPtcgHMUVAunzSw,348,1,0,1,0,0.724,3.22,240.9
OcuBslkK0as,UCEFB0gMdnD1NyiZaedHg2hQ,14,1,0,1,0,0.019,19.86,116.43
Odck8bHwdZU,UCSlOhfr5f-RPRP50yRri1uA,42,0,0,0,0,0.002,12.41,487.0
Oe-1p57gAUc,UCm3RYOItKT_P0-oRCkkSMZw,72,0,0,0,0,0.0,72.57,11.0
Og79bFOzikg,UCT7ZxKrKqxBvAODr8h_ODkA,27,0,0,0,0,0.005,8.21,124.67
OhKymeegZcI,UCkIOcyGqKTJMIIyFHJunYDA,3907,42,0,0,2,0.136,69.03,18.44
OhkuhnJIETw,UCMGKZD9ggu_Pfo4dkL47cXQ,67,2,0,0,0,0.01,76.58,23.3
OjW8RRKgj9U,UCAkSxwl8Lbk2hBXAAfsEFTA,145,1,0,0,1,0.686,4.98,112.0
OjaS5axpwhY,UC8gDq5ENmiVuJZIVsiZbQ8g,134,1,0,0,0,0.02,3.64,226.0
OkJNMrrPLaQ,UC01rTYtA_UsuZ5wzxnyHFcg,2,1,0,0,1,0.0,98.57,55.0
OnbmIb6Mjws,UCAkSxwl8Lbk2hBXAAfsEFTA,4,0,0,0,0,0.001,10.37,9.0
Op0KFXSi510,UCm3RYOItKT_P0-oRCkkSMZw,40,0,0,0,0,0.006,62.67,10.72
OpiLO4hMgPs,UC8Fm-ogvMehvbgF0BJjKiuQ,4,0,0,0,0,0.0,86.42,51.0
OqrbFAoxsHI,UC2IjY1Gm6b7pYp-vMJ2R9ig,1,0,0,0,0,0.0,0.19,2.0
OtMXNN64X9s,UCnwjt6PgkKuZC4S1A0yTOFQ,33,0,0,0,0,0.001,64.32,16.39
Ou-LPk81_Bs,UC77WdDKy6cbCxZkC46eaudA,2,0,0,0,0,0.0,2.99,49.5
OuBI9UbtT-w,UCXJiqB85OD4gnutvJ-gKHsg,3,0,0,0,0,0.0,2.39,1.67
OuFVMtI8MMs,UCk2O5vfW3c_W5YWQ_BoD1Ug,902,12,0,0,0,1.68,10.76,162.02
OzSTkJMJQhc,UCc-V01UlW1n8eGLpATLA5gw,1,0,0,0,0,0.0,40.21,24.0
P-9gj2z0Fb4,UCT7ZxKrKqxBvAODr8h_ODkA,10,0,0,0,0,0.0,59.81,12.6
P-H0or0KSPk,UCxxl4xdZZqRSSz2VfnFBhwA,8,0,0,0,0,0.0,57.89,42.0
P-Uhlft8VSs,UCMGKZD9ggu_Pfo4dkL47cXQ,94,1,0,0,0,0.014,117.64,25.13
P-fEqsOrNzg,UCZFs3JqsRIqtqYgo4HahDUQ,17,0,0,0,0,0.0,27.21,24.59
P1LOxMAlrN0,UCMGKZD9ggu_Pfo4dkL47cXQ,364,2,0,1,0,0.616,13.24,158.57
P1O8PQnnCls,UCxxl4xdZZqRSSz2VfnFBhwA,3,0,0,0,0,0.005,7.6,90.67
P2CdTUNVxp8,UCJw9px5fOp-nwJG6g4gN1ng,54,0,0,0,0,0.004,48.45,37.44
P4TkzSFu5cQ,UC8Fm-ogvMehvbgF0BJjKiuQ,3,0,0,0,0,0.0,0.0,0.0
P4vPIr__vmc,UC2jHP3YhgMucr6UlgFzRhbA,1370,4,0,0,0,0.044,54.24,15.0
P7fr26YNfA0,UCZem4a64VnhfA4CBw9vM2bg,1681,39,0,3,1,0.148,65.51,34.44
P7pvvbDq58o,UCm3RYOItKT_P0-oRCkkSMZw,12,0,0,0,0,0.001,58.9,11.58
P8J0KPmiXYw,UCAkSxwl8Lbk2hBXAAfsEFTA,17,0,0,0,0,0.001,1.96,126.82
P8KkFcqmKjU,UCNkelFxYeQTdVdBzl3yaliw,643,17,0,0,5,0.641,12.56,198.23
P96pQqjm3Jc,UCNkelFxYeQTdVdBzl3yaliw,14,1,0,0,0,0.011,9.96,181.71
P9MQ7732XQM,UCk2O5vfW3c_W5YWQ_BoD1Ug,146,2,0,1,0,0.408,18.15,214.51
P9_Awy_vjUA,UCk2O5vfW3c_W5YWQ_BoD1Ug,242,3,0,0,0,0.021,42.42,25.8
PAslWJXnXUo,UCxfDVRNK6SoN59v_t3ZJ33A,2,0,0,0,0,0.0,100.0,91.0
PAxFQxjJChI,UCnwjt6PgkKuZC4S1A0yTOFQ,10,0,0,0,0,0.0,33.83,648.2
PBnz-ualV9k,UCTGoaBFABIBLXcqXzCM5D3A,37,1,0,0,1,0.0,8.09,557.38
PCEPBIp8A58,UC82nFsZOjs5Tr96upPPq9Ww,4,0,0,0,0,0.001,15.96,9.0
PCkkq77MLac,UC8gDq5ENmiVuJZIVsiZbQ8g,10865,50,1,0,0,0.14,40.99,13.5
PE0ljvsfFKQ,UCAkSxwl8Lbk2hBXAAfsEFTA,612,1,0,1,0,1.162,1.08,74.91
PEGHnQc8Yik,UCVRU0wQxaEQdq0CKQHfifZg,53,0,0,0,0,0.025,8.89,150.19
PEZXA51zXTg,UCxxl4xdZZqRSSz2VfnFBhwA,45,1,0,0,0,0.007,37.66,24.91
PGMsz1KlUBo,UCdtOFTQ1GVPKzvOYsi1ApIw,23250,499,0,0,1,7.498,21.12,100.08
PH7FNchX8Tc,UCT7ZxKrKqxBvAODr8h_ODkA,11,0,0,0,0,0.001,23.62,598.27
PHGgDmzCmD8,UC01rTYtA_UsuZ5wzxnyHFcg,1,0,0,0,0,0.0,0.0,0.0
PI3_mz9RHZg,UC2jHP3YhgMucr6UlgFzRhbA,47,0,0,0,0,0.003,59.9,28.0
PImQeTPa2xc,UCm3RYOItKT_P0-oRCkkSMZw,2,0,0,0,0,0.0,12.4,28.0
POgnAHj6KJk,UCm3RYOItKT_P0-oRCkkSMZw,258,2,0,0,0,0.11,13.11,49.65
PPPCkw18_50,UCZFs3JqsRIqtqYgo4HahDUQ,319,2,0,0,0,0.004,69.04,16.06
PPim3TRT8wk,UCT7ZxKrKqxBvAODr8h_ODkA,114,1,0,0,0,0.021,8.08,68.16
PQ3OjCtEm6o,UCk2O5vfW3c_W5YWQ_BoD1Ug,1222,15,1,4,0,0.065,72.3,36.5
PSaKohmkcSs,UCxxl4xdZZqRSSz2VfnFBhwA,117,1,0,0,0,0.028,51.55,14.8
PV835MFjULI,UCAkSxwl8Lbk2hBXAAfsEFTA,1287,6,0,0,6,5.273,11.07,203.0
PWN314JcdkI,UCxxl4xdZZqRSSz2VfnFBhwA,19,0,0,0,0,0.004,43.69,28.68
PWjadTG4jc0,UCf3lAEw_WPtcgHMUVAunzSw,4,0,0,0,0,0.0,54.26,40.0
PX6wHM_6X4w,UCsbnInDepLdq6o781WVZ-5g,7430,50,0,6,21,8.49,16.28,228.52
PXK_iHBZ0d0,UCeVTtB1kN607CxFrFkiqjgQ,16,0,0,0,0,0.034,5.0,88.06
PXMZpwGdKTM,UCEFB0gMdnD1NyiZaedHg2hQ,1681,13,0,0,5,1.239,19.37,95.62
PXvwaVd8fms,UC2jHP3YhgMucr6UlgFzRhbA,47,0,0,0,0,0.003,46.95,15.0
PXzLE6H9IWY,UCm3RYOItKT_P0-oRCkkSMZw,3,0,0,0,0,0.0,21.57,7.0
PZ466ty51cQ,UCsbnInDepLdq6o781WVZ-5g,25,0,0,0,0,0.014,9.25,126.88
PZ85vu4StzU,UCx08xHWVSQIiujaTJb8HWYg,23,0,0,0,0,0.028,19.61,232.17
Pa6CVSNasDs,UC0GVHmLgrxE2SS8F0C19JVg,7,0,0,0,0,0.001,27.01,12.86
PaGEcWZJi6E,UC2IjY1Gm6b7pYp-vMJ2R9ig,51,1,0,0,0,0.02,10.95,110.59
Paa-5jnWL60,UCl_Nqhf2SGNwv4uvbvs3upg,231,2,0,0,1,0.805,5.47,331.0
Pd6-ZtypbOo,UCm3RYOItKT_P0-oRCkkSMZw,6,0,0,0,0,0.0,4.87,58.0
Pf32mWIRncY,UCl_Nqhf2SGNwv4uvbvs3upg,38,0,0,0,0,0.001,97.99,31.0
Pfbfs_dOLmE,UCdtOFTQ1GVPKzvOYsi1ApIw,5,0,0,0,0,0.0,0.31,4.0
Phn_WKg36nM,UCJw9px5fOp-nwJG6g4gN1ng,120,1,0,0,0,0.115,7.01,94.25
PiFc8mMjKT4,UCT7ZxKrKqxBvAODr8h_ODkA,18,0,0,0,0,0.002,11.87,252.56
PlAi7WV12b4,UChhBhc7qJ42rgzAIPe9z6Cg,2,0,0,0,0,0.0,1.68,22.0
PluTdJL9u2g,UCpUrAXv2lzGxM4plYB7CE-A,104275,251,0,996,0,90.188,2.72,152.81
PmBuicfwhcA,UCMGKZD9ggu_Pfo4dkL47cXQ,23,0,0,0,0,0.011,11.01,66.78
PmDXqlWIWSk,UCp013Ih_EWf3SXO8F4ftIwQ,92,0,0,0,0,0.003,75.92,18.0
PmL_n5j2kBw,UC2IjY1Gm6b7pYp-vMJ2R9ig,3,0,0,0,0,0.0,1.42,15.67
PnCnbSRV8eI,UCxhHKduxLRNAOC_GUHPPf1Q,23,0,0,0,0,0.0,9.97,321.04
PnepO5qg1A0,UCVRU0wQxaEQdq0CKQHfifZg,2,0,0,0,0,0.0,0.0,0.0
PrBCE3qPqyI,UCTGoaBFABIBLXcqXzCM5D3A,17359,138,0,0,12,0.0,58.07,18.56
PrhpzBTvD90,UCsbnInDepLdq6o781WVZ-5g,116,6,0,0,0,0.004,73.49,18.97
Prpiku1n_Uk,UC49-b-BhbYoG54YNkwmzg8w,3,0,0,0,0,0.0,6.03,66.0
PseoGYa8YY0,UCqbTAXnwXspcNb7l3UqrOHQ,32,0,0,0,0,0.004,72.08,27.03
PstBm_mnA2I,UCZem4a64VnhfA4CBw9vM2bg,37,0,0,0,0,0.004,62.75,33.81
Pt5MHWFpgos,UCnwjt6PgkKuZC4S1A0yTOFQ,4,-1,0,0,0,0.0,0.15,2.5
PtIvohgelzo,UCSlOhfr5f-RPRP50yRri1uA,120,0,0,0,0,0.003,36.55,35.0
Pta95rg10UA,UCqbTAXnwXspcNb7l3UqrOHQ,74,1,0,0,0,0.006,57.08,23.76
PtfMMRUK-q0,UCSlOhfr5f-RPRP50yRri1uA,6,0,0,0,0,0.0,47.57,47.83
PuG4BPvJNNo,UCk2O5vfW3c_W5YWQ_BoD1Ug,287,7,0,0,0,0.022,60.25,26.88
PujAEFLqni8,UCVRU0wQxaEQdq0CKQHfifZg,521,5,1,0,4,0.264,2.76,100.99
PvqrvCnzeR0,UCnwjt6PgkKuZC4S1A0yTOFQ,195,1,0,0,1,0.817,11.99,216.72
Pwceexp2xlE,UCAkSxwl8Lbk2hBXAAfsEFTA,32,1,0,0,0,0.018,11.03,237.0
PyFXzo_fe8Q,UCIg97fCjw1HnS8vPqwiHLGA,20598,131,3,43,41,46.418,5.96,308.54
PyG-8C2i5YM,UCxfDVRNK6SoN59v_t3ZJ33A,1,0,0,0,0,0.0,13.81,8.0
Pz95lr7u980,UCZFs3JqsRIqtqYgo4HahDUQ,789,1,0,0,0,0.033,61.15,19.94
Q-rByQNJzXE,UCSlOhfr5f-RPRP50yRri1uA,12,0,0,0,0,0.0,35.13,26.25
Q-tgFxjZu28,UC80LfoIH6FrzHTm6lXTWCKQ,6,0,0,0,0,0.001,63.26,50.0
Q0V1y69WefI,UCeVTtB1kN607CxFrFkiqjgQ,79,0,0,0,0,0.017,70.49,23.0
Q0w6XK8ABD8,UCxhHKduxLRNAOC_GUHPPf1Q,7,0,0,0,0,0.0,27.09,13.43
Q2fQ_rxOT8E,UCnwjt6PgkKuZC4S1A0yTOFQ,11,0,0,0,0,0.0,4.14,53.82
Q51VPHcmzIc,UCMGKZD9ggu_Pfo4dkL47cXQ,202,3,0,0,0,0.579,21.63,219.63
Q7T9A68xzVY,UCMGKZD9ggu_Pfo4dkL47cXQ,1369,8,1,0,4,0.537,9.7,161.39
Q7up90bZUN8,UChhBhc7qJ42rgzAIPe9z6Cg,1,0,0,0,0,0.012,99.82,1069.0
Q9IQi6WNg6U,UCxfDVRNK6SoN59v_t3ZJ33A,8,0,0,0,0,0.001,38.69,29.88
Q9e7pwzXl0s,UCxxl4xdZZqRSSz2VfnFBhwA,161,3,0,0,0,0.021,55.13,17.34
Q9vJw0PAdUc,UCSlOhfr5f-RPRP50yRri1uA,16,0,0,0,0,0.0,4.96,3.75
QA_-u7mqE3o,UCdtOFTQ1GVPKzvOYsi1ApIw,27272,249,0,0,249,37.701,30.5,77.98
QBHL44nMb5k,UCdtOFTQ1GVPKzvOYsi1ApIw,1,0,0,0,0,0.0,0.88,13.0
QBe_j-cM_UI,UC82nFsZOjs5Tr96upPPq9Ww,5,0,0,0,0,0.002,2.65,127.8
QCoFKMc53LI,UCl_Nqhf2SGNwv4uvbvs3upg,4106,19,0,7,7,14.262,12.05,681.0
QDD2zkWcgaY,UC80LfoIH6FrzHTm6lXTWCKQ,1,0,0,0,0,0.0,0.0,0.0
QFDKmlzZHAk,UCSlOhfr5f-RPRP50yRri1uA,37,0,0,0,0,0.001,24.26,17.38
QFNCRG9Rcn0,UCxxl4xdZZqRSSz2VfnFBhwA,20,0,0,0,0,0.004,44.93,27.05
QGBLNI8Rme4,UCxfDVRNK6SoN59v_t3ZJ33A,1373,4,0,2,2,1.155,2.26,140.46
QGOF7dNUVMg,UCdtOFTQ1GVPKzvOYsi1ApIw,2,0,0,0,0,0.0,5.7,50.0
QIUlRadp9pM,UCnwjt6PgkKuZC4S1A0yTOFQ,6,0,0,0,0,0.001,1.95,20.33
QLhHD7LRqgY,UC2IjY1Gm6b7pYp-vMJ2R9ig,5,0,0,0,0,0.013,5.75,76.6
QLjdpngMhu4,UCZem4a64VnhfA4CBw9vM2bg,479,11,0,0,0,0.061,58.88,28.89
QMendbOsx6E,UCIg97fCjw1HnS8vPqwiHLGA,23,0,0,0,0,0.002,100.2,15.83
QMgOI-wnAHQ,UCZem4a64VnhfA4CBw9vM2bg,53,0,0,0,0,0.005,101.39,9.75
QNOPAqNkfSM,UCSlOhfr5f-RPRP50yRri1uA,6,0,0,0,0,0.0,0.72,1.0
QO_8Q_uko84,UCf3lAEw_WPtcgHMUVAunzSw,547,8,0,0,0,0.044,73.68,21.25
QQL5hVO6__k,UCsbnInDepLdq6o781WVZ-5g,11,0,0,0,0,0.001,40.07,12.09
QR7fGYz7qVg,UCp013Ih_EWf3SXO8F4ftIwQ,42,0,0,0,0,0.001,54.82,14.0
QRrAtQeyqcw,UCm3RYOItKT_P0-oRCkkSMZw,3,0,0,0,0,0.0,5.54,45.67
QTycjHqghy8,UChhBhc7qJ42rgzAIPe9z6Cg,3,0,0,0,0,0.062,7.91,79.67
QUr3zzYR1TU,UCTqUiADoXl9Cq74vCP4FJCQ,84,0,0,0,0,0.225,2.46,207.43
QUztiQguHmk,UC82nFsZOjs5Tr96upPPq9Ww,4,0,0,0,0,0.001,1.45,23.0
QVbdTyApcq0,UCSlOhfr5f-RPRP50yRri1uA,244,2,0,0,1,0.374,1.61,119.76
QVxJFB-Oauk,UCnwjt6PgkKuZC4S1A0yTOFQ,11,0,0,1,0,0.039,24.85,373.09
QW2CIYGsOk0,UCSlOhfr5f-RPRP50yRri1uA,37,0,0,0,0,0.117,10.47,395.78
QX1c82iRnro,UCZFs3JqsRIqtqYgo4HahDUQ,114,0,0,0,0,0.003,31.87,9.48
QXwwQWJOTrw,UCc-V01UlW1n8eGLpATLA5gw,3,0,0,0,0,0.0,6.0,3.0
QYC_AqGQQgs,UC2IjY1Gm6b7pYp-vMJ2R9ig,1,0,0,0,0,0.0,1.05,10.0
Q_K2KOTzpUE,UC82nFsZOjs5Tr96upPPq9Ww,99,0,0,0,0,0.025,2.81,69.45
QaNVZZxkzgc,UCJw9px5fOp-nwJG6g4gN1ng,33736,1357,8,13,63,3.63,83.65,25.0
QaR6gmUvquw,UCl_Nqhf2SGNwv4uvbvs3upg,37,0,0,0,0,0.001,74.87,23.0
Qalo5HX-0KI,UCk2O5vfW3c_W5YWQ_BoD1Ug,828,4,0,0,1,0.049,40.6,18.0
QbwS4d98y0Q,UCxhHKduxLRNAOC_GUHPPf1Q,14,0,0,0,0,0.0,94.43,47.5
Qcjv6oImOOY,UCsbnInDepLdq6o781WVZ-5g,4,0,0,0,0,0.005,5.7,94.5
Qcu7z1hTsVk,UCHONLLEtQ4f9yoqa1BWlhSg,2,0,0,0,0,0.0,0.0,0.0
Qem-vuop-VM,UCL_RZ1IidYQkVQxfimfnPSQ,7,0,0,0,0,0.019,20.84,102.0
Qf-uv5IVDdE,UCHONLLEtQ4f9yoqa1BWlhSg,13,0,0,0,0,0.018,19.73,273.15
Qf39LqfldVo,UC0GVHmLgrxE2SS8F0C19JVg,1,0,0,0,0,0.0,0.0,0.0
Qg6KGmAuWSY,UC82nFsZOjs5Tr96upPPq9Ww,287,1,0,1,1,0.31,2.72,188.1
QgEX0tOGvFg,UCc-V01UlW1n8eGLpATLA5gw,1,0,0,0,0,0.0,3.7,64.0
QgGmEA8Vnc4,UC2IjY1Gm6b7pYp-vMJ2R9ig,1,0,0,0,0,0.0,0.4,6.0
Qh-1SqrY-zc,UC82nFsZOjs5Tr96upPPq9Ww,1,0,0,0,0,0.0,29.27,36.0
QhKOa_srDWQ,UCIg97fCjw1HnS8vPqwiHLGA,25,0,0,0,0,0.003,70.05,11.76
Qi-b1LNdVE4,UCnwjt6PgkKuZC4S1A0yTOFQ,36,0,0,0,1,0.084,4.0,185.11
QjVivnt013I,UC8gDq5ENmiVuJZIVsiZbQ8g,3,1,0,0,0,0.0,110.37,90.0
QkGnXsA22jA,UCT7ZxKrKqxBvAODr8h_ODkA,766,14,1,0,3,0.184,13.42,171.53
QlpwyjyGb-M,UCSlOhfr5f-RPRP50yRri1uA,183,1,0,0,0,0.374,2.18,149.97
QmC-Dl-l8Jc,UCXJiqB85OD4gnutvJ-gKHsg,26,0,0,0,0,0.022,13.73,64.0
Qn9CffRDydM,UCMGKZD9ggu_Pfo4dkL47cXQ,88,0,0,0,0,0.008,82.75,8.47
QnfstLwW4Ck,UCm3RYOItKT_P0-oRCkkSMZw,6,0,0,0,0,0.044,1.45,15.0
QnxwDIHz9hY,UCnwjt6PgkKuZC4S1A0yTOFQ,3,0,1,0,0,0.002,2.27,33.0
QrC542QItv8,UC77WdDKy6cbCxZkC46eaudA,26,0,0,0,0,0.01,6.4,83.5
Qsv7prgCm7Q,UCSlOhfr5f-RPRP50yRri1uA,79,0,0,1,0,0.147,7.22,85.51
Qtb48jh92s0,UCIg97fCjw1HnS8vPqwiHLGA,7,0,0,0,0,0.001,43.96,57.86
QtnMpa9A0ro,UCk2O5vfW3c_W5YWQ_BoD1Ug,1708,15,0,0,1,0.115,71.26,36.19
QtsBs9Ab4xQ,UCSlOhfr5f-RPRP50yRri1uA,7,0,0,0,0,0.0,72.66,42.14
QuCG5q2ztyU,UCT7ZxKrKqxBvAODr8h_ODkA,8,0,0,0,0,0.0,1.61,25.0
QvRgXUE7JKg,UCf3lAEw_WPtcgHMUVAunzSw,7,0,0,0,0,0.044,35.2,763.43
QwXwjzn2uvg,UChhBhc7qJ42rgzAIPe9z6Cg,1,0,0,0,0,0.0,3.29,31.0
QxaiOkcn8v4,UCctSzoeee7KCnR84dZ6IO7w,3,0,0,0,0,0.024,8.38,143.0
QxsG0PGxQC4,UCxfDVRNK6SoN59v_t3ZJ33A,7,0,0,0,0,0.0,61.93,54.86
QyWvlVrQDsY,UCnwjt6PgkKuZC4S1A0yTOFQ,6,0,0,0,0,0.001,5.77,82.0
QzPHsFOPJBE,UCAkSxwl8Lbk2hBXAAfsEFTA,25,0,0,0,0,0.079,12.32,293.0
QzfpKClcxL0,UCAkSxwl8Lbk2hBXAAfsEFTA,1847,3,0,1,5,5.219,11.8,267.0
Qzq4iO5Cef4,UCMGKZD9ggu_Pfo4dkL47cXQ,10,0,0,0,0,0.001,3.84,53.1
R0PbgMcOkz0,UCHONLLEtQ4f9yoqa1BWlhSg,9,0,0,0,0,0.001,87.32,33.44
R0pSYuqxg_0,UCsbnInDepLdq6o781WVZ-5g,7,0,0,0,0,0.0,51.84,10.43
R1If_jcuJVg,UCqbTAXnwXspcNb7l3UqrOHQ,397,8,0,0,0,0.051,76.35,22.39
R1plu_FbJyQ,UCxfDVRNK6SoN59v_t3ZJ33A,84,1,0,0,0,0.001,29.93,29.49
R3k4-TUN_YA,UCOfo1ycUYYsMkBRS56TSo3Q,5006,33,0,0,2,0.141,43.58,13.0
R3xhBtVC53o,UCxxl4xdZZqRSSz2VfnFBhwA,20,0,0,0,0,0.004,33.69,15.0
R4flopy3vEk,UCvfQU0Npb-ve-LxUlaAN1GA,1,0,0,0,0,0.0,0.14,1.0
R4kIcb9rcx8,UCm3RYOItKT_P0-oRCkkSMZw,25,0,0,0,0,0.0,32.02,16.28
R4wA13mNa4w,UCk2O5vfW3c_W5YWQ_BoD1Ug,31637,511,3,5,64,1.409,64.97,76.43
RBpR8TnEPy8,UCmhHN34V-dphAOk3RXxjb0g,1513,3,0,2,3,1.624,2.53,117.0
RCGg3hv8rBs,UCAkSxwl8Lbk2hBXAAfsEFTA,1,0,0,0,0,0.0,0.0,0.0
RCwNrBFzZ2Q,UCxxl4xdZZqRSSz2VfnFBhwA,22,1,0,0,0,0.106,14.85,404.82
RDWgiP3EGoY,UCpUrAXv2lzGxM4plYB7CE-A,26,0,0,0,0,0.0,51.05,15.0
RE1AjeJkLCE,UC77WdDKy6cbCxZkC46eaudA,22,0,0,0,0,0.057,7.5,79.18
REmBzELGNfw,UCL_RZ1IidYQkVQxfimfnPSQ,7,0,0,0,0,0.001,41.84,7.0
RGm4YPO6qV8,UCdtOFTQ1GVPKzvOYsi1ApIw,159,0,0,0,0,0.0,0.0,0.0
RHEIdSx8Fng,UCxxl4xdZZqRSSz2VfnFBhwA,40,0,0,0,0,0.002,34.75,48.15
RHcHDj5hJck,UCf3lAEw_WPtcgHMUVAunzSw,699,5,0,2,4,1.125,1.73,129.86
RHsLrZ2aSs4,UCxhHKduxLRNAOC_GUHPPf1Q,14,0,0,0,0,0.001,61.71,31.86
RHwBn-mE7II,UCxfDVRNK6SoN59v_t3ZJ33A,7,0,0,0,0,0.0,0.37,5.29
RJ7R3U2m3L0,UCnwjt6PgkKuZC4S1A0yTOFQ,1,0,0,0,0,0.0,2.51,50.0
RJD9DGmHvjA,UC77WdDKy6cbCxZkC46eaudA,3,0,0,0,0,0.0,16.86,254.67
RLtXey0K40g,UC0GVHmLgrxE2SS8F0C19JVg,6,0,0,0,0,0.0,32.42,5.83
RMDmO8_8q_8,UCk2O5vfW3c_W5YWQ_BoD1Ug,9501,136,1,6,15,0.565,64.7,30.54
RMNfrRkAm5g,UCSlOhfr5f-RPRP50yRri1uA,105,0,0,0,0,0.003,73.15,25.69
RNb5FVCvu68,UCdtOFTQ1GVPKzvOYsi1ApIw,1,0,0,0,0,0.0,1.37,1.0
RNxvRO1GgDI,UCIg97fCjw1HnS8vPqwiHLGA,9,0,0,0,0,0.0,1.75,12.33
ROHE1L7fagw,UCsbnInDepLdq6o781WVZ-5g,10,0,0,0,0,0.001,70.5,39.2
ROhGXuOrRtc,UCxhHKduxLRNAOC_GUHPPf1Q,106,0,0,0,1,0.078,3.22,142.33
RPFLNOL0tWE,UCLQ4NoTptaCDG4nUvDLtUoQ,1,0,0,0,0,0.0,0.0,0.0
RPTKKjGYW0g,UCdtOFTQ1GVPKzvOYsi1ApIw,319,0,0,0,0,0.795,19.09,348.9
RPcflHr1Ya4,UCT7ZxKrKqxBvAODr8h_ODkA,5,0,0,0,0,0.0,92.27,20.0
RQKeqYwepII,UC82nFsZOjs5Tr96upPPq9Ww,4,0,0,0,0,0.0,8.32,17.0
RQRlzf_SMLQ,UCxxl4xdZZqRSSz2VfnFBhwA,183,1,0,0,0,0.017,67.42,20.83
RQc78oKOy6E,UCIg97fCjw1HnS8vPqwiHLGA,9,0,0,1,0,0.006,2.68,98.33
RRAxdiGOZ9E,UCT7ZxKrKqxBvAODr8h_ODkA,3,0,0,0,0,0.0,0.0,0.0
RS0rDEr5_tU,UC77WdDKy6cbCxZkC46eaudA,38,0,0,0,1,0.023,8.25,125.76
RSkORQRDHXg,UC80LfoIH6FrzHTm6lXTWCKQ,1,0,0,0,0,0.0,0.0,0.0
RTzw0wO9B0k,UCm3RYOItKT_P0-oRCkkSMZw,3,0,0,0,0,0.0,1.79,28.0
RUfHL98vG-M,UCbnCFV5_c-nGiEQN1anEO5A,4,0,0,0,0,0.0,0.3,3.75
RWUei7IDi_s,UC49-b-BhbYoG54YNkwmzg8w,56,0,0,0,0,0.008,2.57,99.27
RWW-kK5vs2E,UCJyOxDvifY5Xw18aNm_I8YQ,6,0,0,0,0,0.0,1.1,5.0
RW_vohNjKxE,UCXJiqB85OD4gnutvJ-gKHsg,49,0,0,0,0,0.113,8.01,125.45
RZ3GDR_Tpwo,UCxhHKduxLRNAOC_GUHPPf1Q,12,0,0,0,0,0.0,95.94,50.5
R_Gg8RHgUB4,UC82nFsZOjs5Tr96upPPq9Ww,6,0,0,0,0,0.0,64.31,35.0
R_db9_rTVDU,UC77WdDKy6cbCxZkC46eaudA,9,0,0,0,0,0.01,5.89,83.56
RalfWIekJlk,UCxhHKduxLRNAOC_GUHPPf1Q,1059,3,0,5,1,1.601,1.79,133.45
RbO5apogxHw,UC2IjY1Gm6b7pYp-vMJ2R9ig,21,0,0,0,0,0.025,4.2,31.95
RbyB6aV5Oqk,UCEFB0gMdnD1NyiZaedHg2hQ,100,1,0,0,0,0.047,14.82,93.5
RcL_Dj0GWLA,UC2IjY1Gm6b7pYp-vMJ2R9ig,1,0,0,0,0,0.0,1.64,21.0
Rca-zjvpufc,UCHONLLEtQ4f9yoqa1BWlhSg,31,0,0,0,0,0.043,6.83,106.68
RfdNSRUxHDs,UCm3RYOItKT_P0-oRCkkSMZw,5,0,0,0,0,0.0,37.68,13.0
RimWErHdyAI,UCsbnInDepLdq6o781WVZ-5g,7,1,0,0,0,0.001,38.98,24.57
RjRupawlYZY,UCk2O5vfW3c_W5YWQ_BoD1Ug,65,0,0,0,0,0.097,14.88,207.98
Rjk6aTb3RoQ,UCxhHKduxLRNAOC_GUHPPf1Q,3,0,0,0,0,0.0,6.08,7.0
RkAAr_DeSbw,UCJw9px5fOp-nwJG6g4gN1ng,1298,42,0,1,0,0.128,66.96,28.0
RlYhJtO3aGk,UC8Fm-ogvMehvbgF0BJjKiuQ,0,0,0,0,0,0.0,0.0,0.0
RlzrY7MBKxU,UCSlOhfr5f-RPRP50yRri1uA,3,0,0,0,0,0.0,0.67,7.33
RrKl7ztQLac,UCm3RYOItKT_P0-oRCkkSMZw,4,0,0,0,0,0.0,50.83,9.0
RrR8cbdezRI,UC2IjY1Gm6b7pYp-vMJ2R9ig,2,0,0,0,0,0.0,18.48,182.0
RrTovcR0rjM,UCHONLLEtQ4f9yoqa1BWlhSg,1,0,0,0,0,0.064,0.0,0.0
RrklZCoNdGo,UC80LfoIH6FrzHTm6lXTWCKQ,1,0,0,0,0,0.0,0.46,10.0
Rs8xmcnJecI,UCSlOhfr5f-RPRP50yRri1uA,61,0,0,0,0,0.16,1.64,118.62
RsY49JTdYK0,UCpUrAXv2lzGxM4plYB7CE-A,391969,4013,0,0,1,13.116,63.01,20.01
Rv6_uIyA7ag,UCT7ZxKrKqxBvAODr8h_ODkA,7,0,0,0,0,0.003,16.78,255.71
Rve1sWm2_nM,UC2IjY1Gm6b7pYp-vMJ2R9ig,1,0,0,0,0,0.001,31.82,591.0
RxREgrezoJ0,UC2IjY1Gm6b7pYp-vMJ2R9ig,2,0,0,0,0,0.0,10.14,4.0
RxwPnducBHs,UCxhHKduxLRNAOC_GUHPPf1Q,5,0,0,0,0,0.0,26.33,6.0
Rxwf7LM-WAY,UC2IjY1Gm6b7pYp-vMJ2R9ig,4,0,0,0,0,0.008,8.69,96.25
RydyViD_OOQ,UCSlOhfr5f-RPRP50yRri1uA,948,0,0,1,0,0.671,2.51,183.11
RytJLisjzJw,UCVRU0wQxaEQdq0CKQHfifZg,13,0,0,0,0,0.0,10.39,8.46
S-WtQhLHLP0,UCMGKZD9ggu_Pfo4dkL47cXQ,35,-1,0,0,0,0.006,71.65,21.89
S051IeWROFE,UCnwjt6PgkKuZC4S1A0yTOFQ,81,0,0,0,0,0.005,46.83,41.94
S1LK6Ae4A6Q,UCxxl4xdZZqRSSz2VfnFBhwA,4,0,0,0,0,0.001,0.86,3.75
S1MUAsIN5qs,UCnwjt6PgkKuZC4S1A0yTOFQ,4,0,0,0,0,0.0,0.96,4.0
S3tvkhu8sy4,UC77WdDKy6cbCxZkC46eaudA,3,0,0,0,0,0.0,1.0,16.67
S4IVdUWI1Co,UC2IjY1Gm6b7pYp-vMJ2R9ig,3,0,0,0,0,0.002,8.43,92.33
S7SyoLV44m8,UCSlOhfr5f-RPRP50yRri1uA,56,0,0,0,0,0.002,10.28,17.57
S8WLtf3BT_I,UC82nFsZOjs5Tr96upPPq9Ww,4,0,0,0,0,0.006,27.37,539.5
SAL5CXsgAkc,UCkIOcyGqKTJMIIyFHJunYDA,7703,65,0,3,7,0.338,56.91,18.0
SCwBinIs5Sk,UCx08xHWVSQIiujaTJb8HWYg,75,2,0,0,0,0.021,4.22,311.0
SDDNl4lyXf0,UCXJiqB85OD4gnutvJ-gKHsg,55,1,0,0,0,0.091,7.37,106.55
SEU_lmVlPhY,UCbnCFV5_c-nGiEQN1anEO5A,3,0,0,0,0,0.0,101.23,27.33
SEYxdgTkFA8,UCk2O5vfW3c_W5YWQ_BoD1Ug,69,0,0,0,0,0.005,52.2,38.09
SEedigsjL2g,UCZem4a64VnhfA4CBw9vM2bg,17,0,0,0,0,0.002,109.31,34.24
SEqJge51qmk,UC0GVHmLgrxE2SS8F0C19JVg,1589,11,0,2,1,5.403,10.99,431.51
SFcZ11BP70w,UCxxl4xdZZqRSSz2VfnFBhwA,243,2,0,0,0,0.039,76.65,21.11
SFdjoLVtb90,UC77WdDKy6cbCxZkC46eaudA,1,0,0,0,0,0.0,2.65,32.0
SIJ5S5WI8Cw,UC2jHP3YhgMucr6UlgFzRhbA,209,0,0,0,1,0.008,77.17,23.0
SJDSpn0vJTI,UCdtOFTQ1GVPKzvOYsi1ApIw,151553,1994,0,0,498,42.853,18.17,87.02
SJscz6Q6lRs,UCdtOFTQ1GVPKzvOYsi1ApIw,1,0,0,0,0,0.0,0.0,0.0
SKe1vzbZZe4,UCOfo1ycUYYsMkBRS56TSo3Q,833,0,0,0,0,0.0,1.12,0.3
SLFEEEUrShU,UChhBhc7qJ42rgzAIPe9z6Cg,1,0,0,0,0,0.001,18.04,9.0
SLXkOsSU0OM,UCVRU0wQxaEQdq0CKQHfifZg,25,0,0,0,0,0.003,6.0,77.8
SLiI3tmPhVs,UCf3lAEw_WPtcgHMUVAunzSw,2,0,0,0,0,0.0,0.0,0.0
SMAIwuxdvWU,UCf3lAEw_WPtcgHMUVAunzSw,154,0,0,0,0,0.083,7.39,118.09
SMKDxbFf_1I,UCEFB0gMdnD1NyiZaedHg2hQ,4,0,0,0,0,0.0,15.02,141.5
SNfRcHtlL6Y,UCp013Ih_EWf3SXO8F4ftIwQ,2174,30,0,3,20,3.099,4.19,329.0
SNla8gUl_h8,UCpUrAXv2lzGxM4plYB7CE-A,153,1,0,0,1,0.01,51.87,17.0
SO9szt3JRME,UCSlOhfr5f-RPRP50yRri1uA,0,0,0,0,0,0.0,0.0,0.0
SORbSbudNwY,UCEFB0gMdnD1NyiZaedHg2hQ,224,7,0,0,0,0.027,57.32,10.0
SOxtquCwg6g,UCqbTAXnwXspcNb7l3UqrOHQ,248,6,0,0,0,0.025,79.45,24.5
SQGldGpVu34,UC2IjY1Gm6b7pYp-vMJ2R9ig,8,0,0,0,0,0.0,75.92,26.88
SRPDjQGt5Zs,UCTqUiADoXl9Cq74vCP4FJCQ,18,0,0,0,0,0.0,1.18,88.28
SRQW0WBFP54,UCLQ4NoTptaCDG4nUvDLtUoQ,834,2,0,0,1,2.56,1.17,96.66
SSzAC9EH1v0,UCm3RYOItKT_P0-oRCkkSMZw,2,0,0,0,0,0.0,18.55,17.0
STza5-tcRo4,UCEFB0gMdnD1NyiZaedHg2hQ,240,5,0,0,0,0.028,82.51,16.0
SUdsqJQj0vg,UCLQ4NoTptaCDG4nUvDLtUoQ,136,1,0,0,0,0.703,4.0,198.12
SVLA95agLwk,UCnwjt6PgkKuZC4S1A0yTOFQ,48,1,0,0,0,0.008,9.86,166.88
SVseF03H98k,UCm3RYOItKT_P0-oRCkkSMZw,2,0,0,0,0,0.0,0.0,0.0
SVu3n0KT5GA,UCAkSxwl8Lbk2hBXAAfsEFTA,1,0,0,0,0,0.0,0.27,13.0
SWUOfUzAukk,UCJw9px5fOp-nwJG6g4gN1ng,44962,1161,17,121,189,58.163,6.92,261.81
SWf5tRBGIxY,UCeVTtB1kN607CxFrFkiqjgQ,20,0,0,0,0,0.001,46.02,50.5
SZ7dgPl3-fY,UCp013Ih_EWf3SXO8F4ftIwQ,5221,37,0,1,6,0.176,42.1,12.0
SZMzL2IHgeo,UCdtOFTQ1GVPKzvOYsi1ApIw,484,0,0,0,0,0.03,0.74,13.88
SZZYsUQxHIw,UCMGKZD9ggu_Pfo4dkL47cXQ,19,0,0,0,0,0.003,39.14,11.74
S_nSUG5B270,UCxxl4xdZZqRSSz2VfnFBhwA,30,0,0,0,1,0.005,80.61,31.8
SaxeKdNG4Q8,UCkIOcyGqKTJMIIyFHJunYDA,19,0,0,0,0,0.012,1.52,100.68
ScKqxFn9qt4,UCIg97fCjw1HnS8vPqwiHLGA,22,0,0,0,0,0.002,96.79,15.14
SccL5yH5bg4,UCsbnInDepLdq6o781WVZ-5g,5,0,0,0,0,0.008,10.7,203.0
Sd85LA8v8gw,UCP4STX85lq_fpEtvQcq_5fw,48,0,0,0,0,0.059,2.45,46.08
SepXi650L_M,UC80LfoIH6FrzHTm6lXTWCKQ,6,0,0,0,0,0.001,99.94,70.0
SfUgjguU-vA,UCk2O5vfW3c_W5YWQ_BoD1Ug,277,3,0,0,0,0.02,42.02,30.82
SgpoXvG00YU,UCxxl4xdZZqRSSz2VfnFBhwA,1,0,0,0,0,0.0,0.0,0.0
ShCRHXYpHyk,UCm3RYOItKT_P0-oRCkkSMZw,6,0,0,0,0,0.0,53.35,8.33
ShnAixv_rcU,UCxxl4xdZZqRSSz2VfnFBhwA,7,0,0,0,0,0.0,12.68,324.71
Sik4J0qM7_4,UCk2O5vfW3c_W5YWQ_BoD1Ug,259,1,0,0,0,0.021,65.95,38.5
Sj1cZ-sG2mM,UCMGKZD9ggu_Pfo4dkL47cXQ,66,2,0,0,0,0.089,17.83,146.88
SlFsLj7JOPI,UC2IjY1Gm6b7pYp-vMJ2R9ig,23,0,0,0,0,0.017,8.73,83.87
SlaiTMYrjfY,UCxhHKduxLRNAOC_GUHPPf1Q,2,0,0,0,0,0.001,21.71,17.5
SmEI7Pfhldo,UCMGKZD9ggu_Pfo4dkL47cXQ,2055,3,0,0,4,4.984,17.94,277.18
SmJSLO2fznE,UCJw9px5fOp-nwJG6g4gN1ng,59,0,0,0,0,0.006,76.36,47.07
SmXktpwXIyg,UCAkSxwl8Lbk2hBXAAfsEFTA,14,0,0,0,0,0.004,2.57,46.0
SmdweBU_oZ0,UCnwjt6PgkKuZC4S1A0yTOFQ,727,0,0,0,0,0.0,2.47,53.13
Sn2t3QI8KeE,UCTGoaBFABIBLXcqXzCM5D3A,12,0,0,0,0,0.0,53.5,17.33
SowoxfAFARY,UC8gDq5ENmiVuJZIVsiZbQ8g,400,5,0,0,0,0.015,72.82,20.45
SqC1SufQxyA,UCvfQU0Npb-ve-LxUlaAN1GA,2,0,0,0,0,0.0,0.0,0.0
Sr-Z4PZ4vdE,UCMGKZD9ggu_Pfo4dkL47cXQ,19,1,0,0,0,0.002,71.27,10.63
Sr2AEdktHKU,UCXJiqB85OD4gnutvJ-gKHsg,5093,22,0,1,1,0.262,47.39,23.34
SrGGPPYebLQ,UCNkelFxYeQTdVdBzl3yaliw,91,2,0,0,0,0.01,7.0,128.42
SsLmfo94bss,UCVRU0wQxaEQdq0CKQHfifZg,18,0,0,0,0,0.006,5.0,68.67
Su1OZh77bAQ,UCXJiqB85OD4gnutvJ-gKHsg,97,0,0,0,0,0.125,10.03,219.22
SuSBZ6hZgCA,UCXJiqB85OD4gnutvJ-gKHsg,45,0,0,3,0,0.034,4.35,58.24
SualgzcrrC4,UCMGKZD9ggu_Pfo4dkL47cXQ,317,4,0,0,1,0.677,15.91,213.3
SvRUgoYaz_c,UCZem4a64VnhfA4CBw9vM2bg,288,1,0,0,0,0.541,10.77,108.47
SvSgA7bvtw4,UCL_RZ1IidYQkVQxfimfnPSQ,8,1,0,0,0,0.001,6.28,10.0
SwEyKqjhlic,UCxfDVRNK6SoN59v_t3ZJ33A,19,0,0,0,0,0.073,7.68,122.47
SwZZIxsVJog,UCSlOhfr5f-RPRP50yRri1uA,17,0,0,0,0,0.002,1.7,79.88
SwfRvWGEGek,UCJw9px5fOp-nwJG6g4gN1ng,131,1,0,0,0,0.013,81.38,18.37
SxQSinZM8aQ,UCpUrAXv2lzGxM4plYB7CE-A,23,0,0,0,0,0.002,3.58,173.0
SyJTQlMr-aQ,UCl_Nqhf2SGNwv4uvbvs3upg,136,0,0,0,0,0.002,77.07,25.0
Szf9yIaQnwI,UCT7ZxKrKqxBvAODr8h_ODkA,48,0,0,0,0,0.004,11.71,33.9
Szz_Kq3nB3w,UCTGoaBFABIBLXcqXzCM5D3A,4123,29,0,0,2,0.0,100.37,31.32
T-GaK1IYmvc,UCk2O5vfW3c_W5YWQ_BoD1Ug,113,1,0,0,0,0.01,44.84,30.17
T0X9ctn1k-E,UC77WdDKy6cbCxZkC46eaudA,2249,8,0,2,1,2.08,12.89,228.19
T1QLdOpHlts,UC8Fm-ogvMehvbgF0BJjKiuQ,2,0,0,0,0,0.0,190.75,190.0
T1ft4Smu1mQ,UCkIOcyGqKTJMIIyFHJunYDA,463,0,0,0,0,0.191,1.4,83.98
T295KUaFDiY,UCJw9px5fOp-nwJG6g4gN1ng,3233,31,0,0,7,0.209,58.18,17.48
T2jk_8aJQ-g,UCAkSxwl8Lbk2hBXAAfsEFTA,269,1,0,0,1,0.38,1.9,127.93
T53W5BuIyyU,UCAkSxwl8Lbk2hBXAAfsEFTA,7,0,0,0,0,0.0,87.9,61.0
T5nmi9DoGto,UCmhHN34V-dphAOk3RXxjb0g,1662,1,1,0,0,1.533,4.92,94.0
T7L6gL74D7U,UCctSzoeee7KCnR84dZ6IO7w,2,0,0,0,0,0.0,0.86,17.0
T7c0kK-O5hk,UCdtOFTQ1GVPKzvOYsi1ApIw,2,0,0,0,0,0.005,0.34,12.0
T80br5koxUg,UCTqUiADoXl9Cq74vCP4FJCQ,59,0,0,0,0,0.004,32.28,17.51
T9OEhyXzZ_8,UCeVTtB1kN607CxFrFkiqjgQ,1105,19,1,0,3,0.067,97.06,28.77
TARdcag51FQ,UCOfo1ycUYYsMkBRS56TSo3Q,1070,11,0,0,1,0.062,54.22,16.5
TArDcxRJFS4,UC2jHP3YhgMucr6UlgFzRhbA,1161,3,0,0,0,0.005,42.2,12.0
TBKF6xDyYks,UCsbnInDepLdq6o781WVZ-5g,3228,20,0,0,12,1.981,8.75,112.49
TDjEEkG6nSM,UCsbnInDepLdq6o781WVZ-5g,41,0,0,0,0,0.064,12.96,165.34
TERyW6BF6ms,UCpUrAXv2lzGxM4plYB7CE-A,2204999,9230,0,5983,3737,864.328,5.56,279.01
TEmXt7wxazo,UCxxl4xdZZqRSSz2VfnFBhwA,13,0,0,0,0,0.002,32.76,31.69
TFQH8_9V0Jg,UCSlOhfr5f-RPRP50yRri1uA,1346,8,0,0,3,4.839,2.0,143.72
TGTYYPgKpAs,UCxfDVRNK6SoN59v_t3ZJ33A,1,0,0,0,0,0.0,5.15,5.0
TGVZcNNYdFg,UC77WdDKy6cbCxZkC46eaudA,2,0,0,0,0,0.003,21.67,267.0
TGjhfKIMZQ8,UCMGKZD9ggu_Pfo4dkL47cXQ,13,0,0,0,0,0.002,42.57,9.69
TGoIDdcXR8c,UCZem4a64VnhfA4CBw9vM2bg,11,0,0,0,0,0.0,53.82,31.27
THlCINBfSpI,UCZFs3JqsRIqtqYgo4HahDUQ,14,0,0,0,0,0.0,18.94,5.5
TJ8itdWzE3Q,UC2IjY1Gm6b7pYp-vMJ2R9ig,9,0,0,0,0,0.006,31.44,278.22
TJP-xm2u3sQ,UCLQ4NoTptaCDG4nUvDLtUoQ,5,0,0,0,0,0.0,0.27,18.4
TKVP9PjR_Ng,UCsbnInDepLdq6o781WVZ-5g,1036,6,0,3,1,0.623,11.12,175.94
TNEmZyzSzo0,UCMGKZD9ggu_Pfo4dkL47cXQ,27,0,0,0,0,0.004,23.84,17.15
TNFwTq9P0h0,UCP4STX85lq_fpEtvQcq_5fw,176,0,0,0,0,0.575,31.37,73.91
TOS9FLJqQw4,UCSlOhfr5f-RPRP50yRri1uA,5,0,0,0,0,0.0,4.0,4.8
TQVGrRbtxas,UC2IjY1Gm6b7pYp-vMJ2R9ig,2,0,0,0,0,0.0,8.22,126.5
TQqrmuJd0fM,UCSlOhfr5f-RPRP50yRri1uA,130,0,0,0,0,0.003,31.19,16.85
TQxnZitZUwA,UCf3lAEw_WPtcgHMUVAunzSw,1,0,0,0,0,0.0,0.32,2.0
TR1jyfSd1_o,UCJw9px5fOp-nwJG6g4gN1ng,5696,55,0,0,4,0.169,72.81,21.0
TRJdeeU9wyk,UCf3lAEw_WPtcgHMUVAunzSw,44,0,0,0,0,0.004,76.45,43.39
TRKWj6Hyf8k,UCctSzoeee7KCnR84dZ6IO7w,6,0,0,0,0,0.001,28.19,16.0
TSTDvrMTTr8,UCSlOhfr5f-RPRP50yRri1uA,15,0,0,0,0,0.0,0.0,0.0
TU2gLRr1E2c,UCxfDVRNK6SoN59v_t3ZJ33A,1,0,0,0,0,0.0,7.36,8.0
TUcArjBxVSo,UCVRU0wQxaEQdq0CKQHfifZg,272,1,0,0,0,0.117,2.77,106.28
TUoL2y_vuMA,UC8Fm-ogvMehvbgF0BJjKiuQ,5,0,0,0,0,0.0,0.0,0.0
TWfcZOlsjp0,UCZem4a64VnhfA4CBw9vM2bg,356,7,1,0,1,0.032,79.68,21.96
TZMSqmvvCIg,UCkIOcyGqKTJMIIyFHJunYDA,287,2,0,0,0,0.01,54.6,17.55
TZRl6Wls2L4,UC80LfoIH6FrzHTm6lXTWCKQ,2,0,0,0,0,0.0,0.25,3.0
TZX2x5XXF9o,UCZem4a64VnhfA4CBw9vM2bg,225,3,0,0,0,0.028,66.95,18.99
Tb5tUx_WD40,UCsbnInDepLdq6o781WVZ-5g,4,0,0,0,0,0.001,14.52,212.0
TbN-lCXirqE,UCZem4a64VnhfA4CBw9vM2bg,2454,30,0,1,2,0.233,103.06,13.92
TbRpfWPBU7Q,UCSlOhfr5f-RPRP50yRri1uA,45,1,0,0,0,0.002,86.08,30.6
TcmRwTaShCA,UCxxl4xdZZqRSSz2VfnFBhwA,20,0,0,0,0,0.003,51.68,41.0
Tf36gcSPzKQ,UCVRU0wQxaEQdq0CKQHfifZg,29,0,0,0,0,0.067,0.75,38.1
Tf6QKEWH4y8,UCsbnInDepLdq6o781WVZ-5g,22,0,0,0,0,0.025,5.84,86.86
Tg289vUGwSc,UCc-V01UlW1n8eGLpATLA5gw,48,1,0,0,0,0.001,34.14,19.0
Tg9WDlp5kk4,UC8gDq5ENmiVuJZIVsiZbQ8g,198,1,0,2,0,0.272,1.21,82.03
Tgub0fKIrLs,UCMGKZD9ggu_Pfo4dkL47cXQ,42,0,0,0,0,0.005,66.27,14.62
ThyZWuBu_oA,UCctSzoeee7KCnR84dZ6IO7w,1,0,0,0,0,0.0,0.0,0.0
Ti2NK8NpMvc,UCqbTAXnwXspcNb7l3UqrOHQ,42,1,0,0,0,0.006,83.3,35.38
TiKccAc1lQI,UCl_Nqhf2SGNwv4uvbvs3upg,52,0,0,0,0,0.03,2.49,192.0
TiVUrcD6jzU,UCVRU0wQxaEQdq0CKQHfifZg,106,0,0,0,0,0.051,3.52,50.42
Tj5l96END0M,UCAkSxwl8Lbk2hBXAAfsEFTA,0,0,0,0,0,0.0,0.0,0.0
TjaUerP7iMY,UCbnCFV5_c-nGiEQN1anEO5A,3,0,0,0,0,0.0,0.36,6.67
TjzoPFHNTsw,UCkIOcyGqKTJMIIyFHJunYDA,5247,4,1,1,3,6.498,2.99,63.56
TkXl5j0WD1Q,UCxxl4xdZZqRSSz2VfnFBhwA,482,4,0,1,7,0.402,9.75,155.36
TkYW9bDVAns,UCLQ4NoTptaCDG4nUvDLtUoQ,25,0,0,0,0,0.0,18.23,10.68
TlZ3U8I9exA,UCpUrAXv2lzGxM4plYB7CE-A,163630,479,0,0,160,219.415,2.2,135.04
Tn3JfWMECes,UCT7ZxKrKqxBvAODr8h_ODkA,5735,104,0,7,17,2.161,19.92,270.77
TnpA2bS1IKs,UCsbnInDepLdq6o781WVZ-5g,20,0,0,0,0,0.036,10.7,114.75
Tnr0NSJCFaE,UCpUrAXv2lzGxM4plYB7CE-A,179,1,0,0,0,0.007,55.58,16.0
Tocl--Z59h0,UCL_RZ1IidYQkVQxfimfnPSQ,1719,13,0,0,8,0.796,28.0,142.0
TpDRMjgHgZg,UC2jHP3YhgMucr6UlgFzRhbA,94,0,0,0,0,0.001,55.99,16.0
TqKpLQCSuAI,UC77WdDKy6cbCxZkC46eaudA,1,0,0,0,0,0.0,0.55,8.0
Tqx7NlkqIm0,UCAkSxwl8Lbk2hBXAAfsEFTA,9,0,0,0,0,0.056,5.49,350.67
TrcPvozc4Bs,UCEFB0gMdnD1NyiZaedHg2hQ,46,2,0,0,0,0.003,59.88,19.41
Trzc9Fpm4WE,UC82nFsZOjs5Tr96upPPq9Ww,1,0,0,0,0,0.0,0.19,8.0
TsZ7HbDW9LQ,UCJw9px5fOp-nwJG6g4gN1ng,12744,509,5,6,6,1.435,97.18,29.0
TsZ9RVk8VkA,UCT7ZxKrKqxBvAODr8h_ODkA,370,0,0,0,1,0.344,7.81,282.95
Tty437XnSLU,UC49-b-BhbYoG54YNkwmzg8w,80,0,0,0,0,0.139,2.53,182.65
TvPhluB46p8,UCxhHKduxLRNAOC_GUHPPf1Q,84,3,0,0,0,0.006,29.66,11.52
TvZXfwitBxk,UCxxl4xdZZqRSSz2VfnFBhwA,6,0,0,0,0,0.052,25.71,299.5
TyoqX4Ihu7o,UCAkSxwl8Lbk2hBXAAfsEFTA,1,0,0,0,0,0.0,0.0,0.0
U-ZueQqUPWA,UCOfo1ycUYYsMkBRS56TSo3Q,427,-1,0,0,0,0.022,59.49,18.57
U0GfK3SuTj4,UCZem4a64VnhfA4CBw9vM2bg,264,2,0,0,0,0.267,23.16,80.54
U0VkivURFrE,UCT7ZxKrKqxBvAODr8h_ODkA,26,0,0,0,0,0.002,6.52,110.54
U13mAxgatQc,UCZFs3JqsRIqtqYgo4HahDUQ,30021,207,4,66,66,97.423,10.31,656.36
U25r2Uk_0Wk,UC8gDq5ENmiVuJZIVsiZbQ8g,421,1,0,0,0,0.019,36.72,23.11
U26FgBjd5pA,UCxxl4xdZZqRSSz2VfnFBhwA,13,0,0,0,0,0.003,52.99,40.23
U46wKWtgicc,UCqbTAXnwXspcNb7l3UqrOHQ,284,4,0,0,1,0.034,68.9,23.02
U48B6PyfT5w,UCHONLLEtQ4f9yoqa1BWlhSg,1,0,0,0,0,0.001,0.64,11.0
U4DN-iObaFs,UC2IjY1Gm6b7pYp-vMJ2R9ig,8,0,0,0,0,0.001,34.48,445.38
U4gEmnlwHpg,UCHONLLEtQ4f9yoqa1BWlhSg,2,0,0,0,0,0.001,30.7,393.0
U7xOcyz3yGQ,UCxxl4xdZZqRSSz2VfnFBhwA,21,0,0,0,0,0.004,54.5,43.43
U8CCIBDWJRw,UCm3RYOItKT_P0-oRCkkSMZw,10,0,0,0,0,0.006,2.4,28.0
U8GR9VfknUo,UCkIOcyGqKTJMIIyFHJunYDA,23892,42,2,5,12,60.603,2.11,140.66
U9lKqJH-NEg,UCm3RYOItKT_P0-oRCkkSMZw,11038,46,1,11,25,2.744,22.08,176.92
UAGN1LWcuQc,UCT7ZxKrKqxBvAODr8h_ODkA,1,0,0,0,0,0.0,0.37,5.0
UAimIXq0Unk,UCxfDVRNK6SoN59v_t3ZJ33A,4,0,0,0,0,0.0,5.18,2.5
UAvuR_6aLYs,UC82nFsZOjs5Tr96upPPq9Ww,3,0,0,0,0,0.0,38.79,22.0
UDB-8ttzTm4,UCJw9px5fOp-nwJG6g4gN1ng,69,1,0,0,0,0.006,68.87,20.04
UDn5IHieBEE,UCVRU0wQxaEQdq0CKQHfifZg,3146,19,0,2,6,1.566,9.03,217.57
UE5GxCaGec0,UCZem4a64VnhfA4CBw9vM2bg,91,2,0,0,0,0.009,95.73,19.33
UFi4pRQbiT8,UC8gDq5ENmiVuJZIVsiZbQ8g,1581,21,1,2,2,0.065,70.3,22.94
UFsJMjHE8KY,UCJw9px5fOp-nwJG6g4gN1ng,342,11,0,0,0,0.038,66.24,36.3
UG-W6bBUGnA,UCJw9px5fOp-nwJG6g4gN1ng,4671,192,2,3,6,0.429,92.06,29.0
UGa9UuCobEk,UCf3lAEw_WPtcgHMUVAunzSw,1,0,0,0,0,0.0,55.74,1688.0
UGgE098kLaQ,UCSlOhfr5f-RPRP50yRri1uA,152,0,0,0,0,0.003,43.72,12.45
UH0Ok2J_tgA,UCMGKZD9ggu_Pfo4dkL47cXQ,208,0,0,0,0,0.235,17.55,225.79
UIJjKqKx_ys,UC80LfoIH6FrzHTm6lXTWCKQ,73,0,0,0,0,0.112,7.54,119.0
UMLZRuaycps,UC8gDq5ENmiVuJZIVsiZbQ8g,3,0,0,0,0,0.001,11.9,6.33
UNEg7rSE1B8,UC2IjY1Gm6b7pYp-vMJ2R9ig,70,0,0,0,0,0.18,11.14,98.0
UNtaRAtEur8,UCxhHKduxLRNAOC_GUHPPf1Q,18,0,0,0,0,0.001,57.15,18.11
UOJp67HP8aE,UCp013Ih_EWf3SXO8F4ftIwQ,12551,36,0,21,22,23.324,1.84,100.0
UOztve1zuJE,UC80LfoIH6FrzHTm6lXTWCKQ,7,0,0,0,0,0.001,80.1,83.0
UPlt0wIHfzc,UCnwjt6PgkKuZC4S1A0yTOFQ,5,0,0,0,0,0.009,5.36,75.8
UQ3HT4Ou2aU,UCxfDVRNK6SoN59v_t3ZJ33A,4,0,0,0,0,0.0,53.52,31.0
URkOu9YB26M,UCk2O5vfW3c_W5YWQ_BoD1Ug,745,6,0,0,0,0.053,61.19,25.51
USWNepYFCE0,UCLQ4NoTptaCDG4nUvDLtUoQ,201,0,0,0,1,0.005,43.34,23.37
UUYWw4aOnRc,UCxxl4xdZZqRSSz2VfnFBhwA,20,1,0,0,0,0.036,9.44,114.5
UVF_GZFNwoA,UCeVTtB1kN607CxFrFkiqjgQ,620,7,0,0,1,0.034,56.43,13.5
UVgpOiKXlsI,UCnwjt6PgkKuZC4S1A0yTOFQ,0,0,0,0,0,0.0,0.0,0.0
UVs1iup0RG0,UCMGKZD9ggu_Pfo4dkL47cXQ,734,1,0,0,1,0.26,14.65,150.62
UWBKAw6zzAw,UCxfDVRNK6SoN59v_t3ZJ33A,1,0,0,0,0,0.0,0.0,0.0
UWDOSMjgB1E,UC8gDq5ENmiVuJZIVsiZbQ8g,21,0,0,0,0,0.002,40.54,43.33
UXjnYZDxq8I,UC2IjY1Gm6b7pYp-vMJ2R9ig,1,0,0,0,0,0.0,3.51,46.0
UYcHflHvsJU,UCdtOFTQ1GVPKzvOYsi1ApIw,17,0,0,0,0,0.011,5.92,246.0
U_AaixYTgCg,UCT7ZxKrKqxBvAODr8h_ODkA,187,3,0,1,0,0.032,14.08,217.0
U_HzbWYe1TQ,UCVRU0wQxaEQdq0CKQHfifZg,5,1,0,0,0,0.0,5.29,41.8
U_IfJUiU5wg,UCJw9px5fOp-nwJG6g4gN1ng,2123,28,0,0,1,0.2,76.9,15.45
U_gxnNYiP80,UCm3RYOItKT_P0-oRCkkSMZw,79,1,0,0,0,0.004,49.73,6.61
UaDCB2NhsWw,UCMGKZD9ggu_Pfo4dkL47cXQ,67,0,0,0,0,0.01,77.33,19.43
UaP-U-thY-U,UCxxl4xdZZqRSSz2VfnFBhwA,16,0,0,0,0,0.019,15.61,137.88
UaydjiVA6Gc,UCpUrAXv2lzGxM4plYB7CE-A,11,0,0,0,0,0.007,2.59,129.0
UcKG-WuBnlU,UCnwjt6PgkKuZC4S1A0yTOFQ,35,0,0,0,0,0.004,67.26,21.6
UcmYGJAGotE,UCSlOhfr5f-RPRP50yRri1uA,8,0,0,0,0,0.0,4.19,47.75
UdYhwffIJOA,UCk2O5vfW3c_W5YWQ_BoD1Ug,33262,336,0,11,46,2.132,41.15,64.0
UeRT0xW7_Es,UCLQ4NoTptaCDG4nUvDLtUoQ,445,2,0,0,0,0.019,29.49,19.47
UexV_DM9Z7s,UCxxl4xdZZqRSSz2VfnFBhwA,31,0,0,0,0,0.077,9.25,166.13
UfYiUN5erxM,UCf3lAEw_WPtcgHMUVAunzSw,7,1,0,0,0,0.0,45.34,58.0
Ug72Dj0LgkU,UC2IjY1Gm6b7pYp-vMJ2R9ig,0,0,0,0,0,0.0,0.0,0.0
UheV5yxV424,UCTGoaBFABIBLXcqXzCM5D3A,14,0,0,0,0,0.0,7.58,344.43
UhzSNOnSdpo,UCl_Nqhf2SGNwv4uvbvs3upg,14,0,0,0,0,0.001,108.04,32.0
UiF6MaFN4oQ,UCJw9px5fOp-nwJG6g4gN1ng,250,4,0,0,0,0.03,79.4,22.99
UjAfAXh9_2g,UC77WdDKy6cbCxZkC46eaudA,350,3,0,0,0,0.05,5.07,48.39
UjBT0NkCXcA,UCc-V01UlW1n8eGLpATLA5gw,2,0,0,0,0,0.0,18.59,13.0
UjNsEPmiA04,UCm3RYOItKT_P0-oRCkkSMZw,23,0,0,0,0,0.013,15.86,216.04
UjxiPsx1Hwc,UC2IjY1Gm6b7pYp-vMJ2R9ig,5,0,0,0,0,0.0,6.86,249.6
Uk-9VIJXxhw,UCxfDVRNK6SoN59v_t3ZJ33A,1,0,0,0,0,0.0,0.0,0.0
Uk38AEnqD3M,UCf3lAEw_WPtcgHMUVAunzSw,6,0,0,0,0,0.001,91.06,15.83
UkD1jBrILYc,UCJw9px5fOp-nwJG6g4gN1ng,104,2,0,0,0,0.009,66.29,20.15
UqvDXrL_24U,UCsbnInDepLdq6o781WVZ-5g,3026,10,0,4,2,1.675,16.5,215.14
UrH8pB4oCKA,UCpUrAXv2lzGxM4plYB7CE-A,71,0,0,0,0,0.051,1.6,90.0
UrfI_59jZmc,UCxfDVRNK6SoN59v_t3ZJ33A,7,0,0,0,0,0.006,15.55,158.14
Utu0Z_RluBE,UCbnCFV5_c-nGiEQN1anEO5A,11,0,0,0,0,0.0,1.15,14.0
UuSjZAvdUYk,UCc-V01UlW1n8eGLpATLA5gw,3,0,0,0,0,0.0,1.92,129.0
UwNhp1Wer78,UCnwjt6PgkKuZC4S1A0yTOFQ,25,0,0,0,0,0.037,14.48,198.16
Uwwr6OS7X-g,UCTqUiADoXl9Cq74vCP4FJCQ,2,0,0,0,0,0.0,0.0,0.0
V-Qvwd5QmqA,UC8gDq5ENmiVuJZIVsiZbQ8g,6390,9,1,6,5,9.394,0.92,77.48
V-gpfwIs1MM,UC8Fm-ogvMehvbgF0BJjKiuQ,6,0,0,0,0,0.008,5.22,212.67
V-l2HOn53Cc,UC8gDq5ENmiVuJZIVsiZbQ8g,136,0,0,0,0,0.004,31.53,16.96
V0KWdXwBFEM,UCLQ4NoTptaCDG4nUvDLtUoQ,676,0,0,1,0,0.858,1.73,138.1
V0k3JHnfnbE,UCc-V01UlW1n8eGLpATLA5gw,53,0,0,0,0,0.124,11.16,604.0
V1FfiKqNWK4,UCZFs3JqsRIqtqYgo4HahDUQ,135,0,0,0,0,0.005,54.1,17.31
V1kH0A6_eco,UCl_Nqhf2SGNwv4uvbvs3upg,15,0,0,0,0,0.047,7.61,490.0
V2-cNdPmgK4,UC8gDq5ENmiVuJZIVsiZbQ8g,192,3,0,0,0,0.006,53.26,11.9
V3b934Tx95c,UC77WdDKy6cbCxZkC46eaudA,12,0,0,0,0,0.029,10.24,123.75
V3jDfaisQlA,UCnwjt6PgkKuZC4S1A0yTOFQ,1,0,0,0,0,0.0,97.63,37.0
V3xG59sXpn0,UC2IjY1Gm6b7pYp-vMJ2R9ig,344,0,0,0,1,0.527,6.49,118.74
V4N39Mp5Q4g,UC82nFsZOjs5Tr96upPPq9Ww,3,0,0,0,0,0.0,4.78,57.0
V62ogU9flEQ,UCpUrAXv2lzGxM4plYB7CE-A,430938,4478,0,160,2070,22.558,70.88,21.01
V65qJpCyzbg,UCxfDVRNK6SoN59v_t3ZJ33A,1,0,0,0,0,0.0,35.12,42.0
V6eTZh5N5-w,UC77WdDKy6cbCxZkC46eaudA,11,0,0,0,0,0.002,44.26,15.0
V7KjMS0kepc,UCdtOFTQ1GVPKzvOYsi1ApIw,1,0,0,0,0,0.0,23.98,35.0
V8-z8_THjjc,UCxhHKduxLRNAOC_GUHPPf1Q,4,0,0,0,0,0.0,30.13,16.25
V8OI_9qPL2I,UCLQ4NoTptaCDG4nUvDLtUoQ,32,0,0,0,0,0.007,19.57,38.5
V8shG9rxJeU,UCkIOcyGqKTJMIIyFHJunYDA,25,0,0,0,0,0.002,33.21,10.44
V9wUBe2KCUM,UCMGKZD9ggu_Pfo4dkL47cXQ,31,0,0,0,0,0.008,26.83,20.13
VCZELvVKSfA,UCy_zcQwyTyQG6bpwfpHfffw,11493,178,0,0,16,0.0,71.62,26.91
VFE4VXn0d3I,UCxxl4xdZZqRSSz2VfnFBhwA,2,0,0,0,0,0.0,0.79,2.5
VFaOvYmgGtM,UCl_Nqhf2SGNwv4uvbvs3upg,138,1,0,0,0,0.246,4.77,285.0
VHjBIMfsxGU,UCdtOFTQ1GVPKzvOYsi1ApIw,1746,0,0,0,0,0.996,17.44,394.89
VIS6--8sqJk,UCOfo1ycUYYsMkBRS56TSo3Q,4076,0,0,0,0,0.18,72.88,23.96
VIZ9DHWpKSA,UCP4STX85lq_fpEtvQcq_5fw,2372,11,0,0,2,1.55,13.26,189.23
VIjsETwNuK4,UCbnCFV5_c-nGiEQN1anEO5A,13,0,0,0,0,0.0,0.83,14.46
VJIlsFPOezc,UCMGKZD9ggu_Pfo4dkL47cXQ,30974,177,1,20,103,21.84,19.8,206.0
VJKm9DpSFxY,UC82nFsZOjs5Tr96upPPq9Ww,449,5,0,0,2,0.277,6.57,151.45
VKSx2swFi8Q,UCAkSxwl8Lbk2hBXAAfsEFTA,0,0,0,0,0,0.001,0.0,0.0
VKotHRtlYUI,UCnwjt6PgkKuZC4S1A0yTOFQ,12,0,0,0,0,0.001,151.91,31.17
VLFGCnfsV0E,UCk2O5vfW3c_W5YWQ_BoD1Ug,14,0,0,0,0,0.004,2.76,35.36
VLTj5lnEI1U,UCxxl4xdZZqRSSz2VfnFBhwA,18,0,0,0,0,0.004,72.75,23.5
VMZtV8xqv4Y,UCZFs3JqsRIqtqYgo4HahDUQ,26,0,0,0,0,0.001,61.92,27.0
VMgxmtyXLnQ,UCMGKZD9ggu_Pfo4dkL47cXQ,839,2,0,0,1,1.343,10.72,193.0
VMufPnuL0XE,UCLQ4NoTptaCDG4nUvDLtUoQ,578,0,0,0,0,1.398,1.44,108.66
VPIcdtLYZMc,UCMGKZD9ggu_Pfo4dkL47cXQ,200,1,0,0,0,0.007,46.48,6.0
VQ2cuxpSR6M,UCIg97fCjw1HnS8vPqwiHLGA,176,3,1,0,3,0.099,34.71,121.36
VRKnOwfjiBc,UCf3lAEw_WPtcgHMUVAunzSw,14,0,0,0,0,0.002,68.99,19.29
VS79t3Sx2cc,UC2IjY1Gm6b7pYp-vMJ2R9ig,33,0,0,0,0,0.028,13.93,213.73
VSCNiZ1IC1A,UC2IjY1Gm6b7pYp-vMJ2R9ig,8,1,0,0,0,0.001,128.17,42.88
VSvHkVaa12Q,UC2jHP3YhgMucr6UlgFzRhbA,250,0,0,0,0,0.002,37.36,11.0
VTEC5XigV6M,UCxxl4xdZZqRSSz2VfnFBhwA,148,2,0,0,0,0.377,13.65,307.78
VTO4TmTbw7I,UCvfQU0Npb-ve-LxUlaAN1GA,4,0,0,0,0,0.001,2.64,28.25
VUnJk7HS-8c,UC0GVHmLgrxE2SS8F0C19JVg,5,0,0,0,0,0.001,65.59,36.0
VV9bFUBKXt0,UC82nFsZOjs5Tr96upPPq9Ww,26,1,0,0,0,0.057,4.29,259.31
VVXamMvtufc,UCsbnInDepLdq6o781WVZ-5g,21,0,0,0,0,0.003,49.17,15.48
VWMAYGTOINk,UCpUrAXv2lzGxM4plYB7CE-A,119,0,0,0,0,0.005,71.42,22.0
VXbYUv80JDk,UCT7ZxKrKqxBvAODr8h_ODkA,87,0,0,0,0,0.021,3.78,45.86
VZQOqHmB0ws,UCf3lAEw_WPtcgHMUVAunzSw,13,0,0,0,0,0.002,7.57,182.69
V_4lbUYub-s,UC82nFsZOjs5Tr96upPPq9Ww,78,0,0,0,1,0.073,2.68,173.38
V_5v1NW9LbU,UCMGKZD9ggu_Pfo4dkL47cXQ,19,0,0,0,0,0.024,12.01,194.47
VaFL2dkb1jQ,UCTqUiADoXl9Cq74vCP4FJCQ,3,0,0,0,0,0.0,0.12,8.67
Vd_8EF9B2Ng,UC77WdDKy6cbCxZkC46eaudA,2015,9,0,0,4,1.027,14.13,201.14
VdeUqeK7ivc,UCeVTtB1kN607CxFrFkiqjgQ,29,0,0,0,0,0.043,3.71,49.07
VeYRTwiud5o,UCNkelFxYeQTdVdBzl3yaliw,144,0,0,0,0,0.082,12.54,217.26
VeqElrc5VWc,UCxxl4xdZZqRSSz2VfnFBhwA,12195,272,0,3,11,2.393,84.52,24.0
VfgElxekvbs,UCAkSxwl8Lbk2hBXAAfsEFTA,6,0,0,0,0,0.001,16.07,5.0
VgOIXBpmMyw,UC2IjY1Gm6b7pYp-vMJ2R9ig,1,0,0,0,0,0.0,0.64,6.0
Vh6aMTPResE,UCTqUiADoXl9Cq74vCP4FJCQ,7,0,0,0,0,0.003,1.22,84.43
VhfitKJlXbQ,UCp013Ih_EWf3SXO8F4ftIwQ,109,0,0,0,0,0.01,54.04,15.0
Vhpp-r5iUp8,UCJw9px5fOp-nwJG6g4gN1ng,1593,12,0,0,1,0.038,38.75,11.49
Vm1JTGNXnqU,UCZFs3JqsRIqtqYgo4HahDUQ,563,2,0,0,0,0.035,103.37,33.17
VoEFnhK6qJw,UCxxl4xdZZqRSSz2VfnFBhwA,59,1,0,0,0,0.103,12.35,197.41
Vog1a10s5TU,UCk2O5vfW3c_W5YWQ_BoD1Ug,328,1,0,0,0,0.017,31.71,13.94
VqVQ14St__s,UCEFB0gMdnD1NyiZaedHg2hQ,11,0,0,0,0,0.013,12.24,120.0
VqYv9RAtNco,UC2IjY1Gm6b7pYp-vMJ2R9ig,4,0,0,0,0,0.001,22.15,249.5
VrD9AFVgyPA,UCMGKZD9ggu_Pfo4dkL47cXQ,36,1,0,0,0,0.006,59.66,16.0
Vs3J5kJdifA,UCSlOhfr5f-RPRP50yRri1uA,1787,13,0,0,3,0.078,100.29,30.92
VsyDljcUYAg,UCSlOhfr5f-RPRP50yRri1uA,434,5,0,0,4,1.554,32.91,365.92
VuJgX9t7JmA,UCbnCFV5_c-nGiEQN1anEO5A,7,0,0,0,0,0.0,1.15,15.29
VuNpKHRYkaE,UCk2O5vfW3c_W5YWQ_BoD1Ug,777612,4570,8,96,768,36.469,73.49,28.83
VvwlyZbpUqs,UCk2O5vfW3c_W5YWQ_BoD1Ug,39,2,0,0,0,0.078,13.47,175.54
Vw4FN6rlgkA,UCMGKZD9ggu_Pfo4dkL47cXQ,30,1,0,0,0,0.004,65.99,22.3
VwC_PvccgkM,UCSlOhfr5f-RPRP50yRri1uA,2861,23,0,0,3,0.12,63.88,28.03
VwCqDQF3_BE,UCZFs3JqsRIqtqYgo4HahDUQ,51,0,0,0,0,0.001,41.89,22.47
VwEOLIy8OgY,UCnwjt6PgkKuZC4S1A0yTOFQ,1940,11,1,12,5,2.112,15.78,220.88
VwoeVHDtkBs,UCbnCFV5_c-nGiEQN1anEO5A,0,0,0,0,0,0.0,0.0,0.0
Vy38z5b6kMw,UCMGKZD9ggu_Pfo4dkL47cXQ,5,0,0,0,0,0.001,0.42,23.2
Vz2Hnx4-1qE,UCp013Ih_EWf3SXO8F4ftIwQ,9,0,0,0,0,0.003,2.01,75.0
VzBHOJ5rCAY,UCxfDVRNK6SoN59v_t3ZJ33A,1,0,0,0,0,0.0,17.66,25.0
W-8Jz4IRVY8,UCZem4a64VnhfA4CBw9vM2bg,15,0,0,0,0,0.002,40.82,22.53
W-UbswEOH1o,UCk2O5vfW3c_W5YWQ_BoD1Ug,218,1,0,0,0,0.335,16.91,177.72
W1AlCkVnqGY,UCJw9px5fOp-nwJG6g4gN1ng,16,0,0,0,0,0.051,8.64,112.0
W1UZvEAuABA,UCxxl4xdZZqRSSz2VfnFBhwA,17,0,0,0,0,0.1,30.22,295.59
W1ryjbPC1QM,UCxxl4xdZZqRSSz2VfnFBhwA,436,8,0,2,0,0.096,71.19,20.57
W2L3_3LM-7U,UC0GVHmLgrxE2SS8F0C19JVg,693,5,0,0,1,1.986,19.39,216.47
W2b8bVNps10,UCEFB0gMdnD1NyiZaedHg2hQ,650,2,0,0,0,0.007,35.69,19.91
W2listA8aZc,UCl_Nqhf2SGNwv4uvbvs3upg,1277,0,0,0,0,5.67,1.84,128.0
W3ed-HCZlCY,UC80LfoIH6FrzHTm6lXTWCKQ,3,0,0,0,0,0.002,17.89,11.0
W7UHabso0M8,UCT7ZxKrKqxBvAODr8h_ODkA,21,0,0,0,0,0.004,1.39,30.86
W86VOOc0LnM,UCqbTAXnwXspcNb7l3UqrOHQ,451,8,0,0,1,0.065,72.48,21.41
WAo8aI9XBd4,UCOfo1ycUYYsMkBRS56TSo3Q,129,0,0,0,0,0.008,100.38,29.6
WBMTJfxlWsY,UCZem4a64VnhfA4CBw9vM2bg,210,2,0,1,0,0.331,7.62,133.8
WBkr0WWn9gM,UCMGKZD9ggu_Pfo4dkL47cXQ,5505,103,1,5,20,0.623,80.81,27.65
WCu0GhWPs-c,UCbnCFV5_c-nGiEQN1anEO5A,3,0,0,0,0,0.0,0.31,2.67
WDPC-GL-b8g,UCpUrAXv2lzGxM4plYB7CE-A,46,0,0,0,0,0.047,8.79,638.0
WE1FoJXDm2I,UCxhHKduxLRNAOC_GUHPPf1Q,13,0,0,0,0,0.001,55.23,17.23
WE7S4D7gxdo,UCSlOhfr5f-RPRP50yRri1uA,186,1,0,0,0,0.006,37.06,20.09
WEmEjlyxMSk,UCdtOFTQ1GVPKzvOYsi1ApIw,2,0,0,0,0,0.001,103.13,66.0
WF_yGQEkp8g,UCkIOcyGqKTJMIIyFHJunYDA,213,2,0,0,0,0.004,49.01,11.45
WFgptmNu404,UCkIOcyGqKTJMIIyFHJunYDA,19490,19,2,8,8,25.442,1.56,109.01
WGA4UFOaXjo,UCmhHN34V-dphAOk3RXxjb0g,1813,4,1,1,2,2.271,6.23,225.0
WHX9QHYsaaw,UC2IjY1Gm6b7pYp-vMJ2R9ig,3,0,0,0,0,0.001,29.52,13.67
WHy7vPuSZw8,UCl_Nqhf2SGNwv4uvbvs3upg,7,0,0,0,0,0.004,2.71,194.0
WIZgM04qzJs,UCSlOhfr5f-RPRP50yRri1uA,240,1,0,0,0,0.007,81.06,24.6
WJfsNkhZGfk,UC8Fm-ogvMehvbgF0BJjKiuQ,1,0,0,0,0,0.0,0.26,3.0
WJiGsSbzeDw,UCEFB0gMdnD1NyiZaedHg2hQ,23,2,0,0,0,0.012,20.04,102.39
WKIfoJHnZhI,UCSlOhfr5f-RPRP50yRri1uA,435,3,0,0,0,0.008,45.34,26.51
WKcNa-W5H58,UCnwjt6PgkKuZC4S1A0yTOFQ,23,1,0,0,0,0.001,35.13,20.39
WLKdLb4B-Gk,UCT7ZxKrKqxBvAODr8h_ODkA,18,0,0,0,0,0.007,3.52,75.33
WLxa7ss455Q,UCMGKZD9ggu_Pfo4dkL47cXQ,31,0,0,0,0,0.008,33.48,18.87
WN0EUWd3Y8U,UCAkSxwl8Lbk2hBXAAfsEFTA,8,0,0,0,0,0.01,1.04,16.0
WNRtlXLJ02o,UCLQ4NoTptaCDG4nUvDLtUoQ,3,0,0,0,0,0.001,4.83,197.67
WNWgJMrPcR8,UCSlOhfr5f-RPRP50yRri1uA,97,0,0,0,0,0.0,46.35,19.13
WO6FiU4XEU8,UCNkelFxYeQTdVdBzl3yaliw,9,1,0,0,0,0.006,14.67,221.22
WOxr8FAeCPA,UCkIOcyGqKTJMIIyFHJunYDA,1786,5,0,0,0,0.044,39.65,12.0
WPPvh5enxug,UCZem4a64VnhfA4CBw9vM2bg,183,3,0,2,0,0.299,18.52,95.64
WPTaDLSZLyw,UCEFB0gMdnD1NyiZaedHg2hQ,31062,340,0,8,47,2.341,67.69,22.58
WPUHm2yuk-g,UCsbnInDepLdq6o781WVZ-5g,9266,31,0,9,30,1.366,10.83,145.01
WQgkzu1Csmk,UCk2O5vfW3c_W5YWQ_BoD1Ug,160,5,0,0,0,0.011,44.85,21.5
WR70zHKuSYQ,UC82nFsZOjs5Tr96upPPq9Ww,1106,6,0,3,3,3.122,2.93,204.72
WRVFuOgtzA0,UCAkSxwl8Lbk2hBXAAfsEFTA,21,0,0,0,0,0.023,1.51,77.0
WS8cOL38G14,UCxxl4xdZZqRSSz2VfnFBhwA,8,0,0,0,0,0.001,72.61,20.62
WTGsWeRkb1Y,UCl_Nqhf2SGNwv4uvbvs3upg,1460,2,0,0,2,1.676,0.98,69.0
WTMF1WpFkm0,UCEFB0gMdnD1NyiZaedHg2hQ,114,1,0,0,0,0.014,69.88,17.0
WUppOZZqCrg,UCdtOFTQ1GVPKzvOYsi1ApIw,1,0,0,0,0,0.0,98.21,55.0
WUuQgWwZvPE,UCm3RYOItKT_P0-oRCkkSMZw,2,0,0,0,0,0.0,3.52,12.0
WVDcOXl-CGc,UCEFB0gMdnD1NyiZaedHg2hQ,107,2,0,0,0,0.008,79.81,27.01
WVFeEWvrGiE,UCf3lAEw_WPtcgHMUVAunzSw,2786,15,0,3,0,0.207,61.26,19.0
WVqV-JMdJ2c,UCEFB0gMdnD1NyiZaedHg2hQ,7158,86,0,0,6,0.618,67.15,23.52
WVrp7bn3QBQ,UC82nFsZOjs5Tr96upPPq9Ww,566,6,0,0,0,1.226,10.92,259.88
WW3ZYdLVFIg,UCeVTtB1kN607CxFrFkiqjgQ,54,2,0,0,0,0.007,51.63,14.06
WWSGF8LLGw0,UC8gDq5ENmiVuJZIVsiZbQ8g,148,2,0,0,0,0.007,52.94,14.36
WWjMr-hjfMA,UCnwjt6PgkKuZC4S1A0yTOFQ,93,0,0,0,90,0.0,4.43,63.77
WXDPHEQIRh0,UCJw9px5fOp-nwJG6g4gN1ng,83,1,0,0,0,0.008,76.72,22.51
WXlFEDnI5kY,UCk2O5vfW3c_W5YWQ_BoD1Ug,312,3,0,0,0,0.024,39.61,47.05
WXvOH1OhrHQ,UC0GVHmLgrxE2SS8F0C19JVg,175,1,0,0,1,0.25,10.15,168.0
WZHMJKqIzdk,UCMGKZD9ggu_Pfo4dkL47cXQ,6986,46,1,6,18,13.538,17.78,274.98
WZZkcyMuUhY,UC8gDq5ENmiVuJZIVsiZbQ8g,573,1,0,0,1,1.694,2.03,152.81
W_aHtIMEYlM,UC2jHP3YhgMucr6UlgFzRhbA,3154,7,0,1,2,3.829,4.4,269.0
Wb6yV-NS6pI,UCl_Nqhf2SGNwv4uvbvs3upg,35,0,0,0,0,0.224,2.73,158.0
WbGv3w-rzps,UCf3lAEw_WPtcgHMUVAunzSw,1517,3,0,0,1,0.025,41.48,12.75
Wc3pMwMDTjA,UCm3RYOItKT_P0-oRCkkSMZw,1,0,0,0,0,0.0,9.58,182.0
Wf13ND0EceM,UCpUrAXv2lzGxM4plYB7CE-A,640683,501,0,0,0,1220.37,1.55,69.01
WfnbZeaTWlw,UCMGKZD9ggu_Pfo4dkL47cXQ,52,1,0,0,0,0.008,64.58,14.92
WfqaHtOrskM,UCxfDVRNK6SoN59v_t3ZJ33A,3,0,0,0,0,0.0,2.93,2.0
WhIQjg1UBbs,UC2IjY1Gm6b7pYp-vMJ2R9ig,51,1,1,0,0,0.009,7.99,89.29
WiwRspKyAss,UCmhHN34V-dphAOk3RXxjb0g,128,1,0,0,0,0.0,11.31,12.0
WjqpEYt8e4Y,UCSlOhfr5f-RPRP50yRri1uA,206,1,0,0,0,0.007,31.65,10.08
Wk0ULpeCfU0,UC0GVHmLgrxE2SS8F0C19JVg,19,0,0,0,0,0.002,69.95,18.05
WkBBQs0tRiQ,UCZFs3JqsRIqtqYgo4HahDUQ,65,0,0,0,0,0.002,46.55,14.0
WkgUDXUf-aU,UCxxl4xdZZqRSSz2VfnFBhwA,26,0,0,0,0,0.006,63.51,26.23
WlkCTy2oSBc,UCVRU0wQxaEQdq0CKQHfifZg,24,0,0,0,0,0.062,2.5,20.12
Wlz0fWunx-w,UCm3RYOItKT_P0-oRCkkSMZw,632,1,0,0,0,0.159,3.58,53.14
WnlpwRim8R0,UCXJiqB85OD4gnutvJ-gKHsg,2332,18,0,2,15,1.942,5.56,246.98
WoYjUSbI0C4,UCAkSxwl8Lbk2hBXAAfsEFTA,0,0,0,0,0,0.001,0.0,0.0
WpHRImc0OD8,UCkIOcyGqKTJMIIyFHJunYDA,630,0,0,0,0,0.013,42.87,10.0
WqJMM5IUuhk,UCLQ4NoTptaCDG4nUvDLtUoQ,140,0,0,0,1,0.257,1.29,81.86
WqUVeVZIfV0,UCxxl4xdZZqRSSz2VfnFBhwA,3,0,0,0,0,0.0,0.0,0.0
WqbqcwnTgws,UCdtOFTQ1GVPKzvOYsi1ApIw,6005,0,0,0,0,7.772,16.87,213.73
WqgGCGcbc3c,UCk2O5vfW3c_W5YWQ_BoD1Ug,1539,12,0,0,0,1.213,33.64,182.15
WqjRtmGdsVY,UCAkSxwl8Lbk2hBXAAfsEFTA,1,0,0,0,0,0.002,115.54,441.0
WtQmVmgzUbE,UCP4STX85lq_fpEtvQcq_5fw,111,1,0,0,0,0.11,7.53,143.03
Wtk18vXVgVk,UC0GVHmLgrxE2SS8F0C19JVg,5,0,0,0,0,0.001,55.16,21.0
WtndQXEcnqk,UCmhHN34V-dphAOk3RXxjb0g,701,5,0,2,5,0.314,3.05,139.0
WujYzp2bCSY,UCeVTtB1kN607CxFrFkiqjgQ,53,3,0,0,0,0.008,31.1,31.68
WvhiNiAPoJk,UCxhHKduxLRNAOC_GUHPPf1Q,5,0,0,0,0,0.01,11.67,308.6
WvjE9GcWYlM,UC2jHP3YhgMucr6UlgFzRhbA,198,0,0,0,0,0.005,82.05,10.0
Wxw_uTuQ0Vg,UCxfDVRNK6SoN59v_t3ZJ33A,2728,47,0,0,5,0.278,34.42,30.57
Wy6DIc_ElkM,UC82nFsZOjs5Tr96upPPq9Ww,6,0,0,0,0,0.007,16.94,552.33
Wz-pngSm3A8,UCeVTtB1kN607CxFrFkiqjgQ,1,0,0,0,0,0.0,0.0,0.0
X-U-rboW4M8,UCL_RZ1IidYQkVQxfimfnPSQ,3,0,0,0,0,0.0,14.29,6.0
X-u4ZYdCvUM,UCc-V01UlW1n8eGLpATLA5gw,2,0,0,0,0,0.0,0.0,0.0
X0L4Gvv0CIc,UCm3RYOItKT_P0-oRCkkSMZw,3,0,0,0,0,0.019,1.64,24.0
X0XdocW3Nio,UCkIOcyGqKTJMIIyFHJunYDA,904,1,0,0,0,0.03,57.53,15.55
X2Td39Ungd4,UCnwjt6PgkKuZC4S1A0yTOFQ,5,0,0,0,0,0.0,3.14,15.2
X42faCOQ0zY,UC82nFsZOjs5Tr96upPPq9Ww,3,0,0,0,0,0.0,0.0,0.0
X5HxiJau3R0,UCm3RYOItKT_P0-oRCkkSMZw,3,0,0,0,0,0.0,3.43,42.67
X6UzptXqvcs,UCxhHKduxLRNAOC_GUHPPf1Q,55,0,0,0,0,0.37,5.46,257.04
X6Vej_5gRtU,UCJw9px5fOp-nwJG6g4gN1ng,233,3,0,0,0,0.014,62.0,16.38
X72upXvJHic,UCnwjt6PgkKuZC4S1A0yTOFQ,2,0,0,0,0,0.0,0.57,9.0
X7WWzbgiKfU,UCx08xHWVSQIiujaTJb8HWYg,11,0,0,0,0,0.032,2.44,97.91
X9FfPW27FQs,UCf3lAEw_WPtcgHMUVAunzSw,1,0,0,0,0,0.0,0.0,0.0
XAdGu6Ff1Zs,UCSlOhfr5f-RPRP50yRri1uA,54,0,0,0,0,0.047,1.55,79.0
XCVE_ETHu4Y,UCZFs3JqsRIqtqYgo4HahDUQ,136,0,0,2,1,0.276,2.28,153.63
XDAaFlKd_QI,UCZem4a64VnhfA4CBw9vM2bg,821,8,0,0,1,0.099,74.72,28.71
XDYvxPg7G3s,UC2IjY1Gm6b7pYp-vMJ2R9ig,3,0,0,0,0,0.004,13.69,35.0
XEb5lcPTMFs,UCZFs3JqsRIqtqYgo4HahDUQ,692,2,0,0,2,0.036,47.71,16.0
XF9EI8JqFoU,UC01rTYtA_UsuZ5wzxnyHFcg,84,2,0,0,0,0.274,3.13,198.42
XGYIq9sicsg,UCZem4a64VnhfA4CBw9vM2bg,129,2,0,0,0,0.016,87.23,22.02
XIDpVNtKziY,UCxfDVRNK6SoN59v_t3ZJ33A,1,0,0,0,0,0.0,0.0,0.0
XIODmA9uGbc,UCZem4a64VnhfA4CBw9vM2bg,696,7,0,0,0,0.073,88.35,23.12
XIR4HKTuQBc,UCLQ4NoTptaCDG4nUvDLtUoQ,18,0,0,0,0,0.0,4.79,3.83
XIqi5b_AVhk,UCEFB0gMdnD1NyiZaedHg2hQ,55,0,0,0,0,0.167,15.66,191.53
XIvPKjq30cA,UCpUrAXv2lzGxM4plYB7CE-A,59,0,0,0,0,0.002,90.84,28.0
XJDkrxR8Cgk,UCk2O5vfW3c_W5YWQ_BoD1Ug,6131,79,0,1,10,0.257,52.78,51.08
XJfC86rOUYw,UCZem4a64VnhfA4CBw9vM2bg,6,0,0,0,0,0.002,19.66,11.0
XKLqvsiPTk8,UCT7ZxKrKqxBvAODr8h_ODkA,180,1,0,0,0,0.111,14.52,198.51
XL3JjLq_JOU,UCT7ZxKrKqxBvAODr8h_ODkA,172,0,0,0,0,0.081,2.18,80.55
XLpKXgT2kgA,UCVRU0wQxaEQdq0CKQHfifZg,71,1,0,0,0,0.177,6.88,275.23
XLwkGL0XP7s,UCxfDVRNK6SoN59v_t3ZJ33A,18,0,0,0,0,0.015,29.0,95.0
XM1WnJm_PCM,UCnwjt6PgkKuZC4S1A0yTOFQ,1,0,0,0,0,0.0,0.0,0.0
XMgr8swzhx0,UCSlOhfr5f-RPRP50yRri1uA,108,0,0,0,0,0.005,36.46,27.28
XNB1AzX73v0,UCEFB0gMdnD1NyiZaedHg2hQ,43241,606,0,14,59,2.882,74.59,24.85
XNPTbDx-sgE,UCnwjt6PgkKuZC4S1A0yTOFQ,0,0,0,0,0,0.0,0.0,0.0
XOJplVs1A5c,UCdtOFTQ1GVPKzvOYsi1ApIw,3,0,0,0,1,0.001,92.13,72.0
XOW4ijpUsjo,UCJw9px5fOp-nwJG6g4gN1ng,36,0,0,0,0,0.071,18.94,261.83
XOyeAGxAx1I,UC2IjY1Gm6b7pYp-vMJ2R9ig,2,0,0,0,0,0.0,0.0,0.0
XP4no2FWGy4,UCxfDVRNK6SoN59v_t3ZJ33A,9,0,0,0,0,0.019,34.81,620.67
XPIFqlBWzUQ,UC2jHP3YhgMucr6UlgFzRhbA,99,0,0,0,0,0.005,67.74,20.0
XQ6zvyVJYP4,UC0GVHmLgrxE2SS8F0C19JVg,1456,8,0,0,2,4.468,21.01,293.34
XQtq0eE8Bgk,UCk2O5vfW3c_W5YWQ_BoD1Ug,2172,17,0,1,2,8.023,17.69,288.68
XRK8FeRJLsg,UCZFs3JqsRIqtqYgo4HahDUQ,1050,28,0,2,2,0.109,79.4,21.7
XTuBlj57FLQ,UCxhHKduxLRNAOC_GUHPPf1Q,299,5,0,0,0,0.387,3.62,225.58
XU7xxbgSr3Y,UCk2O5vfW3c_W5YWQ_BoD1Ug,187,1,0,0,0,0.431,15.18,182.87
XVUnH9UOjCA,UCT7ZxKrKqxBvAODr8h_ODkA,41,0,0,0,0,0.008,5.91,51.78
XV_bttn7AOY,UCf3lAEw_WPtcgHMUVAunzSw,2,0,0,0,0,0.0,2.04,1.0
XWD6m7t96Uc,UCl_Nqhf2SGNwv4uvbvs3upg,134,2,0,0,0,0.007,63.51,20.0
XWZQtSn1FaQ,UCsbnInDepLdq6o781WVZ-5g,23,0,0,0,0,0.003,53.05,32.09
XXgxRbBDY8M,UCxhHKduxLRNAOC_GUHPPf1Q,4,0,0,0,0,0.0,41.84,25.0
XYuerkF82No,UC01rTYtA_UsuZ5wzxnyHFcg,1,0,0,0,0,0.0,8.38,5.0
XZ9HZOUUiAs,UCZFs3JqsRIqtqYgo4HahDUQ,17507,114,0,0,29,0.816,77.11,19.0
XZEEBe6PExo,UCAkSxwl8Lbk2hBXAAfsEFTA,0,0,0,0,0,0.0,0.0,0.0
XZFoOWNvOxk,UCm3RYOItKT_P0-oRCkkSMZw,35,0,0,0,0,0.018,5.94,40.57
XZ_JNFuCDQ0,UCSlOhfr5f-RPRP50yRri1uA,1330,7,0,0,1,0.064,62.02,31.92
XZjzsC6aSxo,UCXJiqB85OD4gnutvJ-gKHsg,3,0,0,0,0,0.0,9.68,125.0
X_zquzNaqHk,UCJw9px5fOp-nwJG6g4gN1ng,1954,24,0,0,1,0.073,77.49,12.57
XautgAH1VPo,UCJw9px5fOp-nwJG6g4gN1ng,82,0,0,1,1,0.22,12.83,153.66
XdP3YD1bhWs,UCxfDVRNK6SoN59v_t3ZJ33A,1,0,0,0,0,0.0,0.0,0.0
XeoU4Aqq3QQ,UCxhHKduxLRNAOC_GUHPPf1Q,2,0,0,0,0,0.0,70.91,23.0
XfR1Dfuzwgw,UC80LfoIH6FrzHTm6lXTWCKQ,3,0,0,0,0,0.002,16.39,14.0
XgS7LSF95_c,UCIg97fCjw1HnS8vPqwiHLGA,10,0,0,0,0,0.027,7.08,56.2
XkeelQoo2tM,UCZem4a64VnhfA4CBw9vM2bg,827,16,0,1,0,0.09,57.31,31.89
Xkh5udexnbU,UCdtOFTQ1GVPKzvOYsi1ApIw,1,0,0,0,0,0.0,0.0,0.0
XlE3ILoVGUo,UCEFB0gMdnD1NyiZaedHg2hQ,404,6,0,2,1,0.417,11.73,69.99
Xm-hj_DePd4,UC0GVHmLgrxE2SS8F0C19JVg,8,0,0,0,0,0.0,6.38,118.38
Xmp7lA2Y6s8,UCnwjt6PgkKuZC4S1A0yTOFQ,814,0,0,0,0,0.452,8.29,254.01
XoBKV2oheDw,UC77WdDKy6cbCxZkC46eaudA,40,0,0,0,0,0.082,5.22,155.75
Xoyr14fInfI,UCSlOhfr5f-RPRP50yRri1uA,801,15,0,0,1,0.035,66.68,29.07
XpdARbY2lps,UCc-V01UlW1n8eGLpATLA5gw,128,0,0,0,0,0.03,8.27,214.0
XsR1rqhjeRg,UCk2O5vfW3c_W5YWQ_BoD1Ug,164,1,0,0,0,0.009,30.17,18.41
XtWCq7PB49I,UCJw9px5fOp-nwJG6g4gN1ng,3601,44,1,5,10,7.957,27.56,255.14
XtpZMn-5VIg,UCnwjt6PgkKuZC4S1A0yTOFQ,15,0,0,0,0,0.002,141.68,132.6
XutlN4QWVdM,UC82nFsZOjs5Tr96upPPq9Ww,7,0,0,0,0,0.0,61.99,32.0
Xws02UrQ-Rk,UCL_RZ1IidYQkVQxfimfnPSQ,29,1,0,0,0,0.001,33.87,12.0
XxzvZlB7NC4,UCNkelFxYeQTdVdBzl3yaliw,26,0,0,0,0,0.008,20.06,259.96
XyQPWtrHSfA,UCT7ZxKrKqxBvAODr8h_ODkA,45,0,0,0,0,0.013,22.26,268.33
XzYfZStaAkw,UCxhHKduxLRNAOC_GUHPPf1Q,6,0,0,0,0,0.001,38.36,25.67
Y-6-NnTqRxk,UCAkSxwl8Lbk2hBXAAfsEFTA,4,0,0,0,0,0.001,68.63,27.0
Y-7T-KRRtv0,UC8Fm-ogvMehvbgF0BJjKiuQ,11,0,0,0,0,0.008,7.31,290.27
Y-Hc2V1mNxQ,UCxhHKduxLRNAOC_GUHPPf1Q,164,1,0,0,0,0.511,6.38,165.54
Y-NcYS-wWQg,UCXJiqB85OD4gnutvJ-gKHsg,5,0,0,0,0,0.0,10.99,160.0
Y-_HFJ-jSSY,UCxxl4xdZZqRSSz2VfnFBhwA,31,0,0,0,0,0.007,65.04,25.45
Y-b7COCunZA,UCZem4a64VnhfA4CBw9vM2bg,125,2,0,0,0,0.011,71.36,15.0
Y-eIwIrONsA,UCk2O5vfW3c_W5YWQ_BoD1Ug,565,5,0,0,1,0.035,53.09,28.07
Y046mnwCAmc,UCxhHKduxLRNAOC_GUHPPf1Q,13,0,0,0,0,0.002,101.85,49.31
Y0Zi2K9VJrU,UCLQ4NoTptaCDG4nUvDLtUoQ,865,3,0,2,0,1.272,1.55,119.87
Y0spFkYXscY,UCf3lAEw_WPtcgHMUVAunzSw,4,0,0,0,0,0.0,94.59,70.25
Y1ZvbEwCXH4,UC80LfoIH6FrzHTm6lXTWCKQ,9,0,0,0,0,0.002,28.16,39.0
Y2HN54zIRw0,UCLQ4NoTptaCDG4nUvDLtUoQ,5,0,0,0,0,0.002,23.71,40.4
Y2WutFLrOAs,UCc-V01UlW1n8eGLpATLA5gw,7,0,0,0,0,0.0,8.16,6.0
Y2j_wzjecx0,UCnwjt6PgkKuZC4S1A0yTOFQ,639,0,0,0,0,0.0,2.26,33.31
Y4aPE6I7Rng,UCsbnInDepLdq6o781WVZ-5g,57,1,0,0,0,0.028,2.29,61.68
Y65DKHpduPw,UCsbnInDepLdq6o781WVZ-5g,10,0,0,0,0,0.001,80.85,26.0
Y6EMNuJmuI8,UCf3lAEw_WPtcgHMUVAunzSw,3,0,0,0,0,0.004,2.9,47.0
Y6hRFQ7VEdw,UCnwjt6PgkKuZC4S1A0yTOFQ,459,0,0,0,0,0.0,57.81,17.04
Y8RuZF3Ql-w,UCZFs3JqsRIqtqYgo4HahDUQ,275,2,0,0,0,0.016,55.9,17.36
Y8nF21rMavI,UCVRU0wQxaEQdq0CKQHfifZg,9,0,0,0,0,0.0,11.29,14.22
Y9y3xH3PWEs,UCnwjt6PgkKuZC4S1A0yTOFQ,0,0,0,0,0,0.0,0.0,0.0
YAo7C3-DAWg,UCSlOhfr5f-RPRP50yRri1uA,10,0,0,0,0,0.0,16.84,9.6
YBa9zqOAfrk,UCT7ZxKrKqxBvAODr8h_ODkA,6,0,0,0,0,0.002,11.37,401.5
YBljPYkpuxg,UCx08xHWVSQIiujaTJb8HWYg,0,0,0,0,0,0.0,0.0,0.0
YCmcDIno5ao,UC77WdDKy6cbCxZkC46eaudA,4,0,0,0,0,0.0,3.38,42.0
YDYSatKbCoA,UCSlOhfr5f-RPRP50yRri1uA,5443,68,0,3,13,0.29,75.12,28.45
YE0syWugHRY,UCMGKZD9ggu_Pfo4dkL47cXQ,17,0,0,0,0,0.036,21.56,359.53
YEokLZZub3w,UCT7ZxKrKqxBvAODr8h_ODkA,1,-1,0,0,0,0.0,3.37,84.0
YFGVpJH4oKM,UCxxl4xdZZqRSSz2VfnFBhwA,13,0,0,0,0,0.001,13.39,12.23
YFkBevWV6mA,UCm3RYOItKT_P0-oRCkkSMZw,187,0,0,0,0,0.224,7.72,94.53
YG6xt22cx48,UCxxl4xdZZqRSSz2VfnFBhwA,8,0,0,0,0,0.0,21.23,191.75
YH4tmPUd4X8,UCMGKZD9ggu_Pfo4dkL47cXQ,21,0,0,0,0,0.015,8.69,92.19
YIZhn8nGDeU,UCSlOhfr5f-RPRP50yRri1uA,2,0,0,0,0,0.0,2.22,10.0
YJAXHw8IeUA,UCT7ZxKrKqxBvAODr8h_ODkA,5529,43,0,9,12,2.327,10.3,238.0
YJO8CgpQ6hk,UCAkSxwl8Lbk2hBXAAfsEFTA,20,0,0,0,0,0.023,1.96,17.0
YJuugKnoFN4,UCHONLLEtQ4f9yoqa1BWlhSg,1,0,0,0,0,0.0,0.0,0.0
YKFtJdFQx1s,UCxxl4xdZZqRSSz2VfnFBhwA,33,1,0,0,0,0.006,55.73,20.67
YM6ZXVq-80I,UCxxl4xdZZqRSSz2VfnFBhwA,223,4,0,0,0,0.035,103.09,26.16
YMbuZaS5KTI,UC80LfoIH6FrzHTm6lXTWCKQ,9,0,0,0,0,0.016,8.96,106.0
YMo6M2GzOlE,UCnwjt6PgkKuZC4S1A0yTOFQ,65,0,0,0,0,0.208,8.21,182.0
YMu3DyJPn0g,UCf3lAEw_WPtcgHMUVAunzSw,15,1,0,0,0,0.002,55.59,24.2
YN7cXXn4mIU,UCdtOFTQ1GVPKzvOYsi1ApIw,7082,90,0,0,0,8.479,3.5,176.54
YNH6ocyVOfY,UCxfDVRNK6SoN59v_t3ZJ33A,2,0,0,0,0,0.0,26.81,28.0
YOCTJMFofTg,UCAkSxwl8Lbk2hBXAAfsEFTA,3,0,0,0,0,0.0,0.52,9.0
YOFL4fyImZY,UCmhHN34V-dphAOk3RXxjb0g,6245,0,0,0,0,0.159,19.22,8.08
YPEQ5TBc39g,UCeVTtB1kN607CxFrFkiqjgQ,38,1,0,0,0,0.092,8.2,145.74
YQSZ6AhGaOo,UCEFB0gMdnD1NyiZaedHg2hQ,65,2,0,0,0,0.005,64.62,12.0
YQVPlmoCKAo,UCsbnInDepLdq6o781WVZ-5g,10,0,0,0,0,0.001,47.75,13.5
YRlhw5RMLPg,UCdtOFTQ1GVPKzvOYsi1ApIw,2,0,0,0,0,0.0,0.0,0.0
YT4FFtdjMZ8,UCEFB0gMdnD1NyiZaedHg2hQ,3720,67,1,4,8,4.507,25.13,187.09
YT5hRPvnmf4,UCeVTtB1kN607CxFrFkiqjgQ,129,2,0,0,0,0.017,67.69,21.01
YULhlA0l2gU,UCf3lAEw_WPtcgHMUVAunzSw,9,0,0,0,0,0.0,4.99,3.33
YUTyMbDcKQU,UC2IjY1Gm6b7pYp-vMJ2R9ig,117,2,0,0,0,0.293,9.7,117.15
YWdxHEA11Ps,UCbnCFV5_c-nGiEQN1anEO5A,1,0,0,0,0,0.0,0.0,0.0
YY8sulu1Nu4,UCT7ZxKrKqxBvAODr8h_ODkA,2,0,0,0,0,0.0,0.67,12.0
YYzlTwV1bYY,UC8Fm-ogvMehvbgF0BJjKiuQ,14,0,0,0,0,0.001,34.6,11.14
YZp98Lm3omg,UCxxl4xdZZqRSSz2VfnFBhwA,27,0,0,0,0,0.005,52.66,31.04
Y_0K2pIAyzs,UCxhHKduxLRNAOC_GUHPPf1Q,227,0,0,0,0,0.622,9.94,176.04
Y_sI9xExDYU,UC82nFsZOjs5Tr96upPPq9Ww,7,0,0,0,0,0.002,3.02,64.43
Y_yr-3_P80A,UCEFB0gMdnD1NyiZaedHg2hQ,10,1,0,0,0,0.0,3.7,53.5
Ya6jyR3-opU,UCP4STX85lq_fpEtvQcq_5fw,1099,5,0,1,6,0.517,27.67,149.83
YarLrut1HyQ,UCk2O5vfW3c_W5YWQ_BoD1Ug,215,2,0,0,0,0.013,89.96,33.98
YbHYP0XOLms,UCEFB0gMdnD1NyiZaedHg2hQ,2169,16,1,3,6,3.161,13.22,117.0
YcdJRLLEYtg,UC80LfoIH6FrzHTm6lXTWCKQ,5,0,0,0,0,0.0,2.47,31.0
YdVmi1nYTrs,UCNkelFxYeQTdVdBzl3yaliw,1,0,0,0,0,0.0,0.0,0.0
Ydt6HTkyk78,UCm3RYOItKT_P0-oRCkkSMZw,4,0,0,0,0,0.001,0.68,7.5
YeJjAE2OIS0,UCSlOhfr5f-RPRP50yRri1uA,67,0,0,0,0,0.004,1.39,60.24
YeMP6PodPyY,UC49-b-BhbYoG54YNkwmzg8w,1,0,0,0,0,0.0,99.92,1309.0
Yf-aEwQEgn4,UCx08xHWVSQIiujaTJb8HWYg,61,1,0,0,1,0.019,0.59,42.23
YfsvS01aZ08,UCOfo1ycUYYsMkBRS56TSo3Q,42,0,0,0,0,0.042,4.09,228.0
YgJID2pFAME,UCf3lAEw_WPtcgHMUVAunzSw,3901,19,1,2,10,4.067,2.7,228.77
Yh-UPGq-Oj4,UCm3RYOItKT_P0-oRCkkSMZw,4,0,0,0,0,0.0,24.22,3.75
Yh9QpIlWNm8,UCsbnInDepLdq6o781WVZ-5g,16,0,0,0,0,0.001,47.1,14.5
YhmwDnL6HbU,UC82nFsZOjs5Tr96upPPq9Ww,147,0,0,0,0,0.067,19.1,99.18
YhuRw0s-ilY,UCTqUiADoXl9Cq74vCP4FJCQ,9,0,0,0,0,0.0,5.19,3.89
YidOzj37yyU,UC8gDq5ENmiVuJZIVsiZbQ8g,22,1,0,0,0,0.0,68.29,40.09
YjQ4WBU_e8Q,UCZFs3JqsRIqtqYgo4HahDUQ,1485,14,0,0,2,0.077,58.54,20.97
YjwS1OfFeW0,UCp013Ih_EWf3SXO8F4ftIwQ,17,0,0,0,0,0.024,1.61,129.0
Yk2Dkdk3ykk,UCL_RZ1IidYQkVQxfimfnPSQ,11,0,0,0,0,0.023,7.04,98.0
YkITlIoIPro,UC2jHP3YhgMucr6UlgFzRhbA,497,9,0,0,0,0.035,48.29,14.0
Ym4sRtZ7wvM,UCpUrAXv2lzGxM4plYB7CE-A,287201,2237,0,0,320,14.912,63.36,18.04
YmJkN8Jm-BM,UCk2O5vfW3c_W5YWQ_BoD1Ug,126,3,0,0,2,0.585,22.46,246.7
YnAgptBFcu8,UCf3lAEw_WPtcgHMUVAunzSw,3,0,0,0,0,0.0,51.73,14.67
YnAhmysRyXs,UCm3RYOItKT_P0-oRCkkSMZw,2,0,0,0,0,0.019,0.59,13.0
YnQB4WVuDcI,UCSlOhfr5f-RPRP50yRri1uA,8,0,0,0,0,0.0,0.0,0.0
Yo8rP5wepwo,UCp013Ih_EWf3SXO8F4ftIwQ,1048,6,0,0,0,0.037,58.05,17.0
Yo_XNqkNLW0,UCl_Nqhf2SGNwv4uvbvs3upg,16,0,0,0,0,0.001,116.23,30.0
YodEXXC0QOI,UC80LfoIH6FrzHTm6lXTWCKQ,2,0,0,0,0,0.0,35.92,46.0
YpYcSD3mwHo,UCxfDVRNK6SoN59v_t3ZJ33A,124,0,0,0,0,0.005,22.93,13.06
YqztTMd7PCI,UC77WdDKy6cbCxZkC46eaudA,66761,157,2,33,117,12.104,9.11,135.38
YrUpVb_XnRs,UCk2O5vfW3c_W5YWQ_BoD1Ug,240,1,0,0,0,0.016,55.56,20.48
YspD110v5lQ,UCSlOhfr5f-RPRP50yRri1uA,27,0,0,0,0,0.021,8.74,458.0
Yu-7mDHRIQU,UCTqUiADoXl9Cq74vCP4FJCQ,2,0,0,0,0,0.0,0.3,24.0
YuDYRsj-eyk,UCTGoaBFABIBLXcqXzCM5D3A,5211,11,0,0,1,0.0,24.25,9.0
YvLSIO1OknE,UCLQ4NoTptaCDG4nUvDLtUoQ,46,0,0,0,0,0.004,38.53,24.8
Ywr8c5zvaFQ,UCp013Ih_EWf3SXO8F4ftIwQ,64,0,0,0,0,0.004,68.54,14.0
YwyUY26ZaW4,UCLQ4NoTptaCDG4nUvDLtUoQ,33,0,0,0,0,0.08,0.57,48.91
Z-CzVi5ttuA,UCZem4a64VnhfA4CBw9vM2bg,95,1,0,0,0,0.087,6.87,132.16
Z-UT1BTbsvU,UCk2O5vfW3c_W5YWQ_BoD1Ug,977,7,0,1,1,0.059,53.88,24.46
Z06cP-Y_F_o,UCxhHKduxLRNAOC_GUHPPf1Q,7,0,0,0,0,0.0,2.48,2.57
Z17zk-Ru_QI,UC80LfoIH6FrzHTm6lXTWCKQ,10,0,0,0,0,0.018,7.88,102.0
Z1m9SEPytSo,UCZem4a64VnhfA4CBw9vM2bg,1197,18,1,0,1,0.1,121.51,25.41
Z21r38XtGp0,UCSlOhfr5f-RPRP50yRri1uA,12,0,0,0,0,0.0,62.19,39.75
Z2gb-rpARTs,UCAkSxwl8Lbk2hBXAAfsEFTA,1,0,0,0,0,0.002,9.13,4.0
Z39e2vdcicA,UC80LfoIH6FrzHTm6lXTWCKQ,3,0,0,0,0,0.0,5.16,83.0
Z4wiC1alGXI,UCZem4a64VnhfA4CBw9vM2bg,836,19,0,0,1,0.066,69.4,19.44
Z55pkZhCItQ,UC0GVHmLgrxE2SS8F0C19JVg,5,0,0,0,0,0.0,19.81,18.0
Z72KT4wa2Vs,UC49-b-BhbYoG54YNkwmzg8w,162,0,0,0,0,0.059,1.28,86.7
Z7XIHYVa50o,UCxhHKduxLRNAOC_GUHPPf1Q,4,0,0,0,0,0.0,70.68,41.25
Z7r4habLTxA,UCSlOhfr5f-RPRP50yRri1uA,61,0,0,0,0,0.001,11.02,8.95
Z8afdMtIlPo,UCT7ZxKrKqxBvAODr8h_ODkA,126,2,0,0,1,0.032,6.63,123.33
Z8j-X6fVAps,UCAkSxwl8Lbk2hBXAAfsEFTA,31,0,0,0,0,0.037,4.09,267.84
Z8wamrIQazI,UCSlOhfr5f-RPRP50yRri1uA,45,0,0,0,0,0.002,65.65,35.33
ZAHv0QGBIvc,UCIg97fCjw1HnS8vPqwiHLGA,10,0,0,0,0,0.001,72.83,22.0
ZAIkx5-3V1I,UCLQ4NoTptaCDG4nUvDLtUoQ,2,0,0,0,0,0.0,102.83,61.0
ZBQ7QQYQuA0,UCZem4a64VnhfA4CBw9vM2bg,31,0,0,0,0,0.002,47.95,15.87
ZBf_aw7T-Fo,UCIg97fCjw1HnS8vPqwiHLGA,3,0,0,0,0,0.004,35.04,182.0
ZD2oD5Jc1DE,UCJyOxDvifY5Xw18aNm_I8YQ,1,0,0,0,0,0.0,0.0,0.0
ZDuMAY-nWvQ,UCkIOcyGqKTJMIIyFHJunYDA,227,2,0,0,0,0.02,46.68,14.44
ZEvDiS9_f1A,UCZem4a64VnhfA4CBw9vM2bg,181,2,0,0,0,0.024,71.09,21.39
ZF5UV_etcso,UCT7ZxKrKqxBvAODr8h_ODkA,8,0,0,0,1,0.001,15.99,47.0
ZF_96pT2Sno,UCTqUiADoXl9Cq74vCP4FJCQ,2,0,0,0,0,0.0,0.0,0.0
ZG3k-AygJ8w,UCnKHDbf4TM65HyT2XdQaT6Q,1339,9,0,1,3,0.593,19.75,117.0
ZGsDfhWf2do,UC0GVHmLgrxE2SS8F0C19JVg,503,2,0,0,0,1.978,18.76,312.77
ZIWVNF6PWqI,UCxfDVRNK6SoN59v_t3ZJ33A,20,0,0,0,0,0.003,13.17,161.0
ZIhljoMDdrM,UCIg97fCjw1HnS8vPqwiHLGA,20,0,0,0,0,0.003,59.78,10.1
ZIrQRwuqBt0,UCZFs3JqsRIqtqYgo4HahDUQ,75,2,0,0,0,0.004,32.77,32.8
ZK9N1SFZsiQ,UCAkSxwl8Lbk2hBXAAfsEFTA,6,0,0,0,0,0.157,9.89,380.0
ZKtaYFk1s2s,UCZFs3JqsRIqtqYgo4HahDUQ,7704,13,0,0,3,14.139,1.3,83.55
ZN7BX5FM6nE,UC77WdDKy6cbCxZkC46eaudA,57,0,0,0,0,0.017,2.58,110.0
ZNnc-8gVQmo,UCsbnInDepLdq6o781WVZ-5g,2,0,0,0,0,0.005,11.91,176.0
ZO6tfqLCPXk,UCIg97fCjw1HnS8vPqwiHLGA,74,0,0,0,0,0.025,13.11,64.08
ZO_PrS3OymI,UCVRU0wQxaEQdq0CKQHfifZg,1090,2,1,0,1,1.936,7.85,435.21
ZPgJeq1DmGk,UCeVTtB1kN607CxFrFkiqjgQ,2,0,0,0,0,0.016,3.88,55.0
ZQGZTed89eU,UCMGKZD9ggu_Pfo4dkL47cXQ,11,0,0,0,0,0.001,82.53,31.0
ZSG4U_HTnSU,UCxxl4xdZZqRSSz2VfnFBhwA,1635,16,0,2,7,4.134,13.93,557.79
ZSoMQW17Ykc,UCeVTtB1kN607CxFrFkiqjgQ,49,0,0,0,0,0.007,83.56,22.29
ZU8ZDY_yPoY,UCMGKZD9ggu_Pfo4dkL47cXQ,20,1,0,0,0,0.008,13.12,91.5
ZUQYGIlzrSk,UC82nFsZOjs5Tr96upPPq9Ww,6,1,0,0,0,0.0,1.9,24.33
ZUl4sybn_I4,UCf3lAEw_WPtcgHMUVAunzSw,1,0,0,0,0,0.0,90.0,3.0
ZVFPmnpYuDg,UC8gDq5ENmiVuJZIVsiZbQ8g,11,0,0,0,0,0.003,4.71,78.18
ZVZjVx4Pup8,UCIg97fCjw1HnS8vPqwiHLGA,30,1,0,0,0,0.133,22.91,414.73
ZXNQb4DFqRc,UCZFs3JqsRIqtqYgo4HahDUQ,60,0,0,0,0,0.002,56.48,18.83
ZYYncMWxBKg,UC2jHP3YhgMucr6UlgFzRhbA,1222,8,0,0,0,0.01,58.97,19.0
ZYaq9TyIgiQ,UCSlOhfr5f-RPRP50yRri1uA,7,0,0,0,0,0.0,0.0,0.0
Z_bkqltLjTI,UCvfQU0Npb-ve-LxUlaAN1GA,10,0,1,0,0,0.004,0.28,13.1
Z_cn9AfwCUU,UCl_Nqhf2SGNwv4uvbvs3upg,242,1,0,0,0,0.201,1.93,134.0
Z_qi5KhOJgE,UC49-b-BhbYoG54YNkwmzg8w,1,0,0,0,0,0.0,9.21,59.0
Z_xUEB25MdY,UCJw9px5fOp-nwJG6g4gN1ng,1291,16,0,3,5,1.27,4.13,159.33
Zbm5NtW31t8,UCMGKZD9ggu_Pfo4dkL47cXQ,121,2,0,0,0,0.28,10.61,160.64
ZcX2d-ixjeQ,UCc-V01UlW1n8eGLpATLA5gw,6,0,0,0,0,0.0,100.0,30.0
Zcg4kgTIzaA,UCnwjt6PgkKuZC4S1A0yTOFQ,6,0,0,0,0,0.022,4.64,84.5
Zd0jXxj8yNw,UCAkSxwl8Lbk2hBXAAfsEFTA,2,0,0,0,0,0.081,20.75,731.0
ZdLd_SJlbFs,UCIg97fCjw1HnS8vPqwiHLGA,6,0,0,0,0,0.011,22.95,59.33
Zdeg86FvQwA,UCSlOhfr5f-RPRP50yRri1uA,12,0,0,0,0,0.0,94.77,55.83
ZeqG6HmqxHg,UCxxl4xdZZqRSSz2VfnFBhwA,6,0,0,0,0,0.0,62.1,1504.67
ZkZxvh8ucRw,UCSlOhfr5f-RPRP50yRri1uA,9,0,0,0,0,0.0,7.65,6.56
ZmcsFdrx2xs,UCVRU0wQxaEQdq0CKQHfifZg,816,7,0,2,1,0.503,8.36,136.33
Zn543Wv0a-w,UCT7ZxKrKqxBvAODr8h_ODkA,9,0,0,0,0,0.0,10.35,11.78
Zo7rBkJZJuk,UCeVTtB1kN607CxFrFkiqjgQ,81,3,0,0,0,0.01,65.37,20.44
Zoa6hrhAKRY,UCMGKZD9ggu_Pfo4dkL47cXQ,61,1,0,0,0,0.007,80.25,24.16
ZquxUH-4n10,UCSlOhfr5f-RPRP50yRri1uA,2,0,0,0,0,0.0,0.0,0.0
Zr-dOmft9OE,UC8gDq5ENmiVuJZIVsiZbQ8g,519,3,0,1,1,0.024,70.81,24.55
ZsXzASHKHNo,UCf3lAEw_WPtcgHMUVAunzSw,3,0,0,0,0,0.0,6.28,5.0
ZtcYkLh5kBU,UCeVTtB1kN607CxFrFkiqjgQ,302,2,0,0,0,0.582,13.22,155.3
ZuAp95FYg9w,UCm3RYOItKT_P0-oRCkkSMZw,1,0,0,0,0,0.0,82.29,296.0
ZuZtCtzTIeY,UCVRU0wQxaEQdq0CKQHfifZg,87,0,0,0,0,0.001,16.43,12.33
ZvZxnxSQ6Hs,UCbnCFV5_c-nGiEQN1anEO5A,1,0,0,0,0,0.0,1.91,27.0
ZwQkm1s2daY,UCf3lAEw_WPtcgHMUVAunzSw,4847,25,0,0,5,0.295,48.91,15.37
ZxopxakAQNw,UCx08xHWVSQIiujaTJb8HWYg,101,1,0,0,0,0.186,2.09,143.94
Zz_nCf_XS78,UCSlOhfr5f-RPRP50yRri1uA,17,0,0,0,0,0.0,15.44,16.06
Zzl6n3eb1Iw,UCl_Nqhf2SGNwv4uvbvs3upg,37,0,0,0,0,0.0,63.95,19.0
_-TlH9-_kj8,UCk2O5vfW3c_W5YWQ_BoD1Ug,49,1,0,0,0,0.124,11.06,134.04
_-xwP46zkqE,UCVRU0wQxaEQdq0CKQHfifZg,6,0,0,0,0,0.0,1.09,15.5
_0Nv6HedZgc,UC0GVHmLgrxE2SS8F0C19JVg,2,0,0,0,0,0.051,0.6,2.5
_1-AtKyaLWw,UCT7ZxKrKqxBvAODr8h_ODkA,5,0,0,0,0,0.002,11.85,141.4
_2uq8BB6jFc,UCXJiqB85OD4gnutvJ-gKHsg,5,0,0,0,0,0.0,2.4,98.8
_3s6WpVj_R4,UChhBhc7qJ42rgzAIPe9z6Cg,12,0,0,0,0,0.015,15.77,266.0
_4Kvoomevb0,UCvfQU0Npb-ve-LxUlaAN1GA,16,0,0,0,0,0.028,16.63,120.0
_4pNUZuPEf4,UCp013Ih_EWf3SXO8F4ftIwQ,1053,1,0,0,2,1.674,3.08,170.0
_4xePdCPfqc,UCEFB0gMdnD1NyiZaedHg2hQ,258,1,0,0,0,0.302,17.92,91.03
_55J_AIX6Cs,UC2IjY1Gm6b7pYp-vMJ2R9ig,4,0,0,0,0,0.002,12.64,176.0
_5yVoPGoqbo,UCbnCFV5_c-nGiEQN1anEO5A,82,0,0,0,0,0.0,5.03,83.8
_84IxnW4n24,UCSlOhfr5f-RPRP50yRri1uA,39,0,0,0,0,0.002,1.47,26.08
_8lBixKV5Oo,UC80LfoIH6FrzHTm6lXTWCKQ,2233,11,0,0,6,1.305,18.52,87.0
_9DiOn0Y1Xk,UCctSzoeee7KCnR84dZ6IO7w,692,4,0,0,1,3.339,15.45,393.0
_9SH8ltZ7iQ,UCIg97fCjw1HnS8vPqwiHLGA,9,0,0,0,0,0.001,65.2,48.89
_9sh3ruHxqg,UCTGoaBFABIBLXcqXzCM5D3A,20,0,0,0,0,0.0,100.5,29.6
_A4hER8rM-8,UC77WdDKy6cbCxZkC46eaudA,259,2,0,0,0,0.182,7.24,93.31
_AOVrlBpoF4,UCVRU0wQxaEQdq0CKQHfifZg,1,0,0,0,0,0.0,0.0,0.0
_CjAg1xFIBQ,UC8gDq5ENmiVuJZIVsiZbQ8g,6,0,0,0,0,0.0,1.01,15.0
_DtA_wxNV7A,UC0GVHmLgrxE2SS8F0C19JVg,1,0,0,0,0,0.0,0.0,0.0
_F1Byo-x3RI,UCk2O5vfW3c_W5YWQ_BoD1Ug,1034,1,0,1,1,0.063,73.24,16.0
_F9BNHp33ww,UCJw9px5fOp-nwJG6g4gN1ng,4532,56,0,0,8,0.166,68.66,19.47
_FFu4oLR8ak,UCSlOhfr5f-RPRP50yRri1uA,489,1,0,0,0,0.019,63.41,21.97
_GcV_hvfmvg,UCf3lAEw_WPtcgHMUVAunzSw,8,0,0,0,0,0.001,70.02,26.38
_H0HVpWqJ38,UCnwjt6PgkKuZC4S1A0yTOFQ,11,0,0,0,0,0.002,49.03,48.18
_HAjEiXUWwE,UC2IjY1Gm6b7pYp-vMJ2R9ig,0,0,0,0,0,0.0,0.0,0.0
_Hei8AIywsc,UCVRU0wQxaEQdq0CKQHfifZg,2,0,0,0,0,0.0,3.48,58.0
_IPxnYE9DKw,UCnwjt6PgkKuZC4S1A0yTOFQ,1,0,0,0,0,0.0,29.73,374.0
_JQgAWp9ZTc,UC2IjY1Gm6b7pYp-vMJ2R9ig,46,1,0,0,0,0.001,8.72,81.37
_JQmiV8jnMo,UCLQ4NoTptaCDG4nUvDLtUoQ,240,0,0,0,0,0.008,41.29,19.3
_JVuxtUfqyw,UCLQ4NoTptaCDG4nUvDLtUoQ,46,0,0,0,0,0.025,11.9,100.39
_JdA_5qjH7g,UC77WdDKy6cbCxZkC46eaudA,12,0,0,0,0,0.011,3.15,40.67
_Jdi2j8QzAc,UCeVTtB1kN607CxFrFkiqjgQ,751,13,0,0,0,0.084,83.93,30.65
_Jeyt43GxvA,UCZem4a64VnhfA4CBw9vM2bg,474,5,0,3,0,0.054,71.62,25.41
_K6B8CpNm4w,UC8gDq5ENmiVuJZIVsiZbQ8g,7,0,0,0,0,0.004,9.82,155.14
_M76VwXP-CA,UC82nFsZOjs5Tr96upPPq9Ww,3,0,0,0,0,0.0,5.9,3.0
_MDeCaKd-Pw,UCMGKZD9ggu_Pfo4dkL47cXQ,195,2,0,0,0,0.025,108.21,10.43
_MWik5afbTM,UCnKHDbf4TM65HyT2XdQaT6Q,24,0,0,0,0,0.004,16.62,171.0
_MqupPnMnRI,UCxfDVRNK6SoN59v_t3ZJ33A,2,0,0,0,0,0.0,0.0,0.0
_N1dPkw53Ls,UCT7ZxKrKqxBvAODr8h_ODkA,18,-1,0,0,0,0.04,7.77,125.78
_NMBTYK1J58,UCIg97fCjw1HnS8vPqwiHLGA,29,2,0,0,0,0.007,15.74,81.28
_NUMGLrzX2c,UCSlOhfr5f-RPRP50yRri1uA,4,0,0,0,0,0.0,19.23,16.0
_NuCNQRS4YI,UCnwjt6PgkKuZC4S1A0yTOFQ,1,0,0,0,0,0.0,0.0,0.0
_OHJQLCKDrI,UCAkSxwl8Lbk2hBXAAfsEFTA,2,0,0,0,0,0.0,3.73,83.0
_OZhEXSIQDs,UCf3lAEw_WPtcgHMUVAunzSw,2,0,0,0,0,0.0,30.3,9.0
_O_L4FScKiw,UCVRU0wQxaEQdq0CKQHfifZg,28,0,0,0,0,0.092,5.02,217.39
_Qhw1a0fiHM,UCbnCFV5_c-nGiEQN1anEO5A,7,0,0,0,0,0.001,0.9,10.29
_SZDbIWgaFg,UCLQ4NoTptaCDG4nUvDLtUoQ,107,0,0,0,0,0.16,3.23,254.39
_SvkeQIxIY8,UC82nFsZOjs5Tr96upPPq9Ww,10,0,0,0,0,0.001,39.22,18.0
_TAmvBpL80w,UCJw9px5fOp-nwJG6g4gN1ng,106,4,0,0,0,0.22,15.41,158.85
_TsFB86aAQE,UC77WdDKy6cbCxZkC46eaudA,6,0,0,0,0,0.005,7.72,121.33
_UThjC5Pahs,UC49-b-BhbYoG54YNkwmzg8w,2,0,0,0,0,0.0,0.99,18.0
_V7TY5oFajU,UCdtOFTQ1GVPKzvOYsi1ApIw,2,0,0,0,0,0.0,0.45,6.0
_VrE9x3y4qs,UCk2O5vfW3c_W5YWQ_BoD1Ug,631,5,0,0,0,0.039,87.14,28.48
_XGoxKagO2I,UCkIOcyGqKTJMIIyFHJunYDA,727,10,0,0,0,0.023,52.25,16.53
_XQI839e1Cw,UC77WdDKy6cbCxZkC46eaudA,1,0,0,0,0,0.007,2.4,46.0
_XtFWGb_hko,UCpUrAXv2lzGxM4plYB7CE-A,329,2,0,0,0,0.019,28.28,17.0
_ZZaMcfWcL0,UC82nFsZOjs5Tr96upPPq9Ww,2,0,0,0,0,0.0,0.0,0.0
__7ulWduqso,UCXJiqB85OD4gnutvJ-gKHsg,5,0,0,0,0,0.0,0.0,0.0
__k2cCtIdME,UCeVTtB1kN607CxFrFkiqjgQ,10,0,0,0,0,0.002,73.83,62.3
_aGqyPK4kiU,UCP4STX85lq_fpEtvQcq_5fw,10011,37,0,5,15,3.44,12.55,189.72
_bfOc0o3IRk,UC8gDq5ENmiVuJZIVsiZbQ8g,1,0,0,0,0,0.0,99.25,105.0
_ccQ5MCkjQA,UC82nFsZOjs5Tr96upPPq9Ww,13,0,0,0,0,0.002,0.87,29.23
_chU-icsQeA,UCnwjt6PgkKuZC4S1A0yTOFQ,6,0,0,0,0,0.004,3.75,56.0
_e4ppZf_oNs,UCxxl4xdZZqRSSz2VfnFBhwA,24,0,0,0,0,0.002,73.46,16.67
_eJzLlGxjJw,UCL_RZ1IidYQkVQxfimfnPSQ,3,0,0,0,0,0.0,4.66,4.0
_fH9eSV3heM,UC77WdDKy6cbCxZkC46eaudA,14,0,0,0,0,0.023,9.4,102.29
_fUyCUExm_I,UCZem4a64VnhfA4CBw9vM2bg,1351,12,0,2,3,2.333,15.9,133.31
_feM7ZLmJkw,UCsbnInDepLdq6o781WVZ-5g,16,0,0,0,0,0.002,44.01,14.5
_gVX9LMI4Qk,UC77WdDKy6cbCxZkC46eaudA,4,0,0,0,0,0.0,28.56,119.0
_j1KPRbNDS0,UCZFs3JqsRIqtqYgo4HahDUQ,111,0,0,0,0,0.005,11.6,16.95
_j64ImaXN5w,UCxxl4xdZZqRSSz2VfnFBhwA,446,6,0,0,0,0.071,84.34,38.14
_jHAx76lFRk,UC77WdDKy6cbCxZkC46eaudA,1,0,0,0,0,0.0,0.47,9.0
_k9uf3Jg3TQ,UCxxl4xdZZqRSSz2VfnFBhwA,20,1,0,0,0,0.005,21.1,12.95
_lKOJXPqfhs,UCP4STX85lq_fpEtvQcq_5fw,214,1,0,0,1,0.176,9.48,151.56
_mYgBEbX5oQ,UCm3RYOItKT_P0-oRCkkSMZw,14,0,0,0,0,0.0,81.86,27.86
_mZk-JNsJaQ,UCOfo1ycUYYsMkBRS56TSo3Q,642,4,0,0,2,0.032,59.92,17.24
_nVDBDfVY5g,UC0GVHmLgrxE2SS8F0C19JVg,3,0,0,0,0,0.0,12.2,5.0
_nY-zKzKjlI,UC77WdDKy6cbCxZkC46eaudA,1,0,0,0,0,0.0,0.0,0.0
_nf2005P33o,UCxfDVRNK6SoN59v_t3ZJ33A,16,1,0,0,1,0.008,5.46,80.0
_oEfwE3Upsg,UCJw9px5fOp-nwJG6g4gN1ng,4931,119,1,0,10,0.381,87.45,17.5
_odbBU_Tp04,UC77WdDKy6cbCxZkC46eaudA,14,0,0,0,0,0.025,17.01,95.0
_q8o-FrB_5w,UCEFB0gMdnD1NyiZaedHg2hQ,346,5,0,0,0,0.027,81.46,16.73
_sFMtO9-K-o,UC82nFsZOjs5Tr96upPPq9Ww,6,0,0,0,0,0.001,71.13,44.67
_sePRWmxPok,UC77WdDKy6cbCxZkC46eaudA,222,5,0,0,0,0.197,12.67,210.86
_siMLTXGvpI,UCMGKZD9ggu_Pfo4dkL47cXQ,527,4,0,0,0,0.728,8.83,113.74
_x1X9IH6f5k,UC2IjY1Gm6b7pYp-vMJ2R9ig,3,0,0,0,0,0.0,0.0,0.0
_xLlngBmXIQ,UCSlOhfr5f-RPRP50yRri1uA,37,0,0,0,0,0.0,10.62,6.32
_xZLcjCXKaE,UCVRU0wQxaEQdq0CKQHfifZg,58,0,0,0,0,0.004,12.49,28.21
_xdRwI38m7k,UCsbnInDepLdq6o781WVZ-5g,100,1,0,0,0,0.035,5.99,98.24
_y8L3iFdGhs,UC82nFsZOjs5Tr96upPPq9Ww,4,0,0,0,0,0.003,8.72,105.5
_yvs5I3R_X0,UCT7ZxKrKqxBvAODr8h_ODkA,4,0,0,0,0,0.002,5.29,88.5
_z0L2-19mw0,UCMGKZD9ggu_Pfo4dkL47cXQ,13,0,0,0,0,0.038,18.52,263.62
_zV6Viwf_6c,UCNkelFxYeQTdVdBzl3yaliw,21,0,0,0,0,0.002,16.85,198.29
_zhYHn8XCAg,UCMGKZD9ggu_Pfo4dkL47cXQ,10,0,0,0,0,0.002,15.83,260.9
a33uHqhXXtc,UCp013Ih_EWf3SXO8F4ftIwQ,2413,33,0,1,6,0.13,63.73,19.0
a3OuT2J7Iqw,UCSlOhfr5f-RPRP50yRri1uA,95,1,0,0,0,0.002,33.99,14.79
a5TIuZUz_-U,UCnwjt6PgkKuZC4S1A0yTOFQ,182,0,0,0,0,0.721,5.56,87.47
a66XHWOgfAI,UCk2O5vfW3c_W5YWQ_BoD1Ug,227,2,0,0,0,0.018,46.23,43.33
a6bEkjVdVPQ,UCnwjt6PgkKuZC4S1A0yTOFQ,64,1,0,0,0,0.005,49.0,38.0
a8tt37ntSHE,UC82nFsZOjs5Tr96upPPq9Ww,10,0,0,0,0,0.007,16.45,536.8
aB7C8aSXyAM,UCL_RZ1IidYQkVQxfimfnPSQ,1,0,0,0,0,0.003,7.79,90.0
aBJlihmFFh0,UCJw9px5fOp-nwJG6g4gN1ng,123,4,0,0,0,0.012,71.91,21.17
aDaV3I3l5nA,UC77WdDKy6cbCxZkC46eaudA,4,0,0,0,0,0.0,0.0,0.0
aFjHlLuk9H8,UCNkelFxYeQTdVdBzl3yaliw,1,0,0,0,0,0.0,0.0,0.0
aGBuMfGK_GU,UC82nFsZOjs5Tr96upPPq9Ww,3,0,0,0,0,0.002,0.69,24.67
aHPuU_sa3OE,UC8gDq5ENmiVuJZIVsiZbQ8g,73,0,0,0,0,0.005,44.87,16.59
aHopZgZ3lFM,UC0GVHmLgrxE2SS8F0C19JVg,284,2,0,0,0,0.953,13.28,174.34
aI7_gECJjtw,UCXJiqB85OD4gnutvJ-gKHsg,13726,23,0,1,12,17.574,1.33,57.23
aIwvF1l0_RA,UCp013Ih_EWf3SXO8F4ftIwQ,1481,2,0,0,2,1.012,4.29,220.0
aJPmAOpkq78,UCpUrAXv2lzGxM4plYB7CE-A,99143,162,0,0,1,5.127,63.71,18.99
aJqvVP_b0AQ,UC77WdDKy6cbCxZkC46eaudA,1,0,0,0,0,0.0,0.15,1.0
aK1YLC6Vm0Y,UCeVTtB1kN607CxFrFkiqjgQ,11,0,0,0,0,0.003,41.66,19.36
aKLkWVir-cw,UCl_Nqhf2SGNwv4uvbvs3upg,238,1,0,0,0,0.004,70.55,26.0
aKWk7pRK2LE,UCm3RYOItKT_P0-oRCkkSMZw,246,0,0,0,0,0.004,47.28,7.47
aKtK6hbbIQ4,UCT7ZxKrKqxBvAODr8h_ODkA,2,0,0,0,0,0.0,4.91,210.0
aMNTuhfL56U,UCAkSxwl8Lbk2hBXAAfsEFTA,43,2,0,0,0,0.006,70.44,37.65
aMUGg5WXRnM,UCJw9px5fOp-nwJG6g4gN1ng,83,3,0,0,0,0.011,61.3,40.35
aMifbOsJjS4,UCdtOFTQ1GVPKzvOYsi1ApIw,320,0,0,0,0,0.0,3.05,4.01
aN1hOxDxSag,UCMGKZD9ggu_Pfo4dkL47cXQ,538,15,0,1,4,0.063,66.46,24.65
aPZN_kQCbq0,UCeVTtB1kN607CxFrFkiqjgQ,4,0,0,0,0,0.029,15.84,221.5
aSLmqUfX5CM,UC8Fm-ogvMehvbgF0BJjKiuQ,3,0,0,0,0,0.0,0.07,2.67
aU9gRQidMag,UCx08xHWVSQIiujaTJb8HWYg,3,0,0,0,0,0.021,4.9,356.0
aVUYHyj3ZO0,UCSlOhfr5f-RPRP50yRri1uA,118,0,0,0,0,0.002,7.88,9.08
aVoO054oKoM,UCTqUiADoXl9Cq74vCP4FJCQ,23,0,0,0,0,0.007,0.23,18.09
aX4EIYWM_Ms,UCxfDVRNK6SoN59v_t3ZJ33A,1,0,0,0,0,0.0,86.79,113.0
aXKE6ytw0c8,UCp013Ih_EWf3SXO8F4ftIwQ,17,0,0,0,0,0.072,9.18,626.0
aXdqO8lQJ-k,UCL_RZ1IidYQkVQxfimfnPSQ,2,0,0,0,0,0.0,46.67,7.0
aZ1EfDI6J3Q,UCSlOhfr5f-RPRP50yRri1uA,235,0,0,0,0,0.01,42.07,28.7
aZhQNgjyl-U,UCAkSxwl8Lbk2hBXAAfsEFTA,0,0,0,0,0,0.0,0.0,0.0
a_4RXYIReSo,UCkIOcyGqKTJMIIyFHJunYDA,53,1,0,0,0,0.001,96.58,29.26
a_CUMcU_jWs,UCdtOFTQ1GVPKzvOYsi1ApIw,191,0,0,0,0,0.21,3.37,233.0
ab6TiD6lAbA,UCJyOxDvifY5Xw18aNm_I8YQ,592,2,0,0,1,0.0,20.65,391.0
abPTAa6G9Yk,UC2IjY1Gm6b7pYp-vMJ2R9ig,2,0,0,0,0,0.0,13.05,84.0
ac9Q_aCLY3o,UCdtOFTQ1GVPKzvOYsi1ApIw,12240,0,0,0,0,3.254,8.46,105.06
adF1TC9S6YI,UCIg97fCjw1HnS8vPqwiHLGA,54,0,0,0,0,0.005,58.0,10.63
aeGW3w8xjr0,UCxfDVRNK6SoN59v_t3ZJ33A,9,0,0,0,0,0.001,39.68,17.0
aeL7dji15gw,UCZFs3JqsRIqtqYgo4HahDUQ,3421,11,0,2,4,1.751,1.84,126.99
aeW_OnND5wE,UCxxl4xdZZqRSSz2VfnFBhwA,19,0,0,0,0,0.005,66.49,18.0
aerjj_OCG5o,UCxfDVRNK6SoN59v_t3ZJ33A,3,0,0,0,0,0.0,41.4,15.0
afixmtO9I3k,UC82nFsZOjs5Tr96upPPq9Ww,10,0,0,0,0,0.0,20.17,8.2
afmLjg0VCWg,UCsbnInDepLdq6o781WVZ-5g,1,0,0,0,0,0.0,2.01,29.0
ahg2eUpBthM,UCSlOhfr5f-RPRP50yRri1uA,32,0,0,0,0,0.0,1.86,1.62
aj4ARUzUqn4,UCSlOhfr5f-RPRP50yRri1uA,459,2,1,2,0,0.735,3.58,251.21
aji90Gn04E8,UCAkSxwl8Lbk2hBXAAfsEFTA,0,0,0,0,0,0.0,0.0,0.0
ajkJVumQVnE,UCl_Nqhf2SGNwv4uvbvs3upg,19,0,0,0,0,0.0,103.4,35.0
ak5R7C7PVt0,UCHONLLEtQ4f9yoqa1BWlhSg,5,0,0,0,0,0.006,2.17,22.6
akIJBk3b2mM,UCIg97fCjw1HnS8vPqwiHLGA,11,0,0,0,0,0.001,101.9,18.0
akTRKaorcF0,UC82nFsZOjs5Tr96upPPq9Ww,1506,8,0,2,6,1.53,8.11,331.0
ak_pfjKY_o0,UCZem4a64VnhfA4CBw9vM2bg,13,0,0,0,0,0.002,54.06,14.46
akxLgH_DCks,UChhBhc7qJ42rgzAIPe9z6Cg,3,0,0,0,0,0.02,52.29,739.33
alniklje8sw,UC2jHP3YhgMucr6UlgFzRhbA,40,0,0,0,0,0.084,2.33,205.0
alvpEc8YMtg,UCvfQU0Npb-ve-LxUlaAN1GA,45,0,0,0,0,0.015,2.27,167.33
amuIA9dulck,UCSlOhfr5f-RPRP50yRri1uA,63,0,0,0,0,0.185,5.66,213.3
anODUFpu2fo,UC2IjY1Gm6b7pYp-vMJ2R9ig,5,0,0,0,0,0.003,11.2,167.8
an_CPFpRWwk,UC82nFsZOjs5Tr96upPPq9Ww,9,0,0,0,0,0.0,57.29,44.44
ao6YJ_FcCIs,UCpUrAXv2lzGxM4plYB7CE-A,61,1,0,0,0,0.001,55.89,18.0
aoEglOyvRu8,UCctSzoeee7KCnR84dZ6IO7w,1,0,0,0,0,0.0,0.0,0.0
aoIq1cEoGak,UCIg97fCjw1HnS8vPqwiHLGA,13,1,0,0,0,0.002,74.93,30.69
aoqSfdRn2pk,UCSlOhfr5f-RPRP50yRri1uA,3,0,0,0,0,0.0,2.47,34.0
aqlXHbc9mRc,UChhBhc7qJ42rgzAIPe9z6Cg,6,0,0,0,0,0.008,5.8,91.0
aqp2TsmSNoQ,UCk2O5vfW3c_W5YWQ_BoD1Ug,2772,18,0,0,11,3.075,15.36,246.53
asYhQJEtDKI,UCSlOhfr5f-RPRP50yRri1uA,74,0,0,0,0,0.004,41.87,28.22
as_k-M6lWds,UC77WdDKy6cbCxZkC46eaudA,16,1,0,0,0,0.003,4.05,69.5
asoFrjh8Hww,UC2IjY1Gm6b7pYp-vMJ2R9ig,231,2,0,0,1,0.244,8.36,143.24
au3drrJurGI,UCJyOxDvifY5Xw18aNm_I8YQ,57,0,0,0,0,0.0,57.31,15.0
auk9l_7KvP4,UCf3lAEw_WPtcgHMUVAunzSw,139,0,0,0,0,0.002,44.56,13.04
avLHSC1xAyo,UCZFs3JqsRIqtqYgo4HahDUQ,22,0,0,0,0,0.002,46.87,23.14
avhrdA09DDM,UCJw9px5fOp-nwJG6g4gN1ng,2134,17,0,0,0,0.099,44.89,13.57
avr3ZZN22B8,UCMGKZD9ggu_Pfo4dkL47cXQ,409,0,0,0,0,0.496,8.52,124.08
axOuvalDdxA,UCXJiqB85OD4gnutvJ-gKHsg,774,5,0,0,1,0.035,27.41,16.0
ayz3rlhQ1KU,UCf3lAEw_WPtcgHMUVAunzSw,2,0,0,0,0,0.0,44.63,69.0
az143Q7vv4k,UCnwjt6PgkKuZC4S1A0yTOFQ,2,0,0,0,0,0.001,18.05,11.5
azhsZ8TA2TY,UCeVTtB1kN607CxFrFkiqjgQ,0,0,0,0,0,0.0,0.0,0.0
b-7L2Gfvleg,UCpUrAXv2lzGxM4plYB7CE-A,81,0,0,0,0,0.098,2.96,158.0
b0Un6KJiI4k,UCZem4a64VnhfA4CBw9vM2bg,200,3,0,0,0,0.021,131.72,38.86
b2IteCtUEcI,UCL_RZ1IidYQkVQxfimfnPSQ,24,0,0,0,0,0.06,13.97,91.0
b2cjWKgTfD0,UCZem4a64VnhfA4CBw9vM2bg,16,0,0,0,0,0.005,18.96,76.94
b3r-Tb-W8b0,UCSlOhfr5f-RPRP50yRri1uA,1196,7,0,0,0,0.063,51.06,26.04
b4ub7NtNqqo,UC2IjY1Gm6b7pYp-vMJ2R9ig,4,0,0,0,0,0.003,13.07,205.0
b5-E16DHpY8,UC77WdDKy6cbCxZkC46eaudA,19,0,0,0,0,0.011,7.48,61.89
b6FL8kjKLQ4,UCmhHN34V-dphAOk3RXxjb0g,148,0,0,0,0,0.276,2.37,103.0
b7o1NPVlY5g,UCm3RYOItKT_P0-oRCkkSMZw,102,1,0,0,0,0.18,5.42,94.97
b96CpTEe54Y,UCSlOhfr5f-RPRP50yRri1uA,690,7,0,0,0,0.035,33.4,18.52
b9inApRtepk,UCMGKZD9ggu_Pfo4dkL47cXQ,658,11,0,0,2,0.085,67.42,18.93
bBU8KyocVBw,UCIg97fCjw1HnS8vPqwiHLGA,1,0,0,0,0,0.004,1.43,16.0
bBkCzuPTuOM,UCAkSxwl8Lbk2hBXAAfsEFTA,2,0,0,0,0,0.001,16.35,6.0
bCZC5SezavU,UCEFB0gMdnD1NyiZaedHg2hQ,175,4,0,0,0,0.018,68.63,18.34
bCpOnGbMl7k,UCxxl4xdZZqRSSz2VfnFBhwA,20,0,0,0,0,0.005,53.84,20.85
bDB3MPnEDQg,UCL_RZ1IidYQkVQxfimfnPSQ,1,0,0,0,0,0.0,3.99,53.0
bDfYaedoNUY,UCEFB0gMdnD1NyiZaedHg2hQ,443,3,0,0,0,0.029,91.46,12.45
bDvWTm68Srg,UC77WdDKy6cbCxZkC46eaudA,3,0,0,0,0,0.004,6.93,92.0
bDzwSVgsjac,UC2IjY1Gm6b7pYp-vMJ2R9ig,8163,70,4,9,25,9.08,2.86,196.5
bF6fx-I-x3M,UCIg97fCjw1HnS8vPqwiHLGA,13,0,0,0,0,0.016,18.12,272.62
bFkUBSaW2p8,UC0GVHmLgrxE2SS8F0C19JVg,1,0,0,0,0,0.0,17.22,11.0
bG7YhQxia3U,UCOfo1ycUYYsMkBRS56TSo3Q,2421,14,0,0,0,0.11,59.63,18.03
bHCgyfs3aRM,UCf3lAEw_WPtcgHMUVAunzSw,4846,16,2,3,4,2.539,3.05,209.02
bJUZdtSauY0,UCIg97fCjw1HnS8vPqwiHLGA,74,0,0,0,0,0.096,13.08,209.32
bJb3UdUV7x8,UCxfDVRNK6SoN59v_t3ZJ33A,29,0,0,0,0,0.004,49.71,29.48
bKGftYKmmqM,UC8gDq5ENmiVuJZIVsiZbQ8g,1,0,0,0,0,0.0,0.0,0.0
bKWZdwk945s,UCm3RYOItKT_P0-oRCkkSMZw,3017,22,0,7,7,1.422,12.73,164.35
bKnb8yR0i3g,UCT7ZxKrKqxBvAODr8h_ODkA,6,0,0,0,0,0.035,2.41,37.17
bKzDshRgHt0,UCeVTtB1kN607CxFrFkiqjgQ,16,1,0,0,0,0.001,23.07,23.0
bLK6PBzpsyk,UCf3lAEw_WPtcgHMUVAunzSw,18,0,0,0,0,0.002,31.78,27.5
bM-Xj8a_m_M,UCl_Nqhf2SGNwv4uvbvs3upg,1125,4,1,0,3,0.011,88.62,29.0
bMgMEayTr08,UC77WdDKy6cbCxZkC46eaudA,1,0,0,0,0,0.008,23.63,286.0
bPkdkZFNExk,UCZem4a64VnhfA4CBw9vM2bg,201,5,0,0,0,0.355,9.73,188.66
bPnsZv1zlhU,UCSlOhfr5f-RPRP50yRri1uA,174,0,0,0,0,0.169,1.34,20.66
bSF2VOuT7D0,UC8gDq5ENmiVuJZIVsiZbQ8g,2,0,0,0,0,0.0,0.0,0.0
bT6oI_wGYFo,UCk2O5vfW3c_W5YWQ_BoD1Ug,4833,34,2,3,23,5.428,16.5,269.88
bTgQZ_4dHAA,UCxfDVRNK6SoN59v_t3ZJ33A,5,0,0,0,0,0.001,21.56,18.4
bU39A25VqtU,UCkIOcyGqKTJMIIyFHJunYDA,18,0,0,0,0,0.0,29.04,14.39
bUKwfa8vArA,UC8gDq5ENmiVuJZIVsiZbQ8g,1,0,0,0,0,0.012,0.08,1.0
bUy4_cU7wOQ,UC82nFsZOjs5Tr96upPPq9Ww,24,0,0,0,0,0.014,2.71,187.5
bVK0e4IegK8,UCIg97fCjw1HnS8vPqwiHLGA,17,0,0,0,0,0.001,48.91,15.94
bVTnDCAxHzk,UCJw9px5fOp-nwJG6g4gN1ng,149,1,0,0,0,0.013,78.64,23.26
bVq3MbQX42o,UCIg97fCjw1HnS8vPqwiHLGA,47,0,0,0,0,0.017,10.4,129.49
bYJggz4lRkg,UCJw9px5fOp-nwJG6g4gN1ng,24936,321,7,30,37,25.944,3.05,176.63
b_KjhHNGWKw,UCT7ZxKrKqxBvAODr8h_ODkA,6,0,0,0,0,0.0,110.77,14.0
b_YaeqfIoFk,UCxfDVRNK6SoN59v_t3ZJ33A,2,0,0,0,0,0.0,0.33,14.0
ba2Y5uENwEc,UCZem4a64VnhfA4CBw9vM2bg,1657,25,0,0,0,0.187,81.33,24.0
baEkqAa2Wew,UCsbnInDepLdq6o781WVZ-5g,5,0,0,0,0,0.01,1.6,32.2
badUM7aIz9c,UCpUrAXv2lzGxM4plYB7CE-A,4,0,0,0,0,0.003,3.74,135.0
bbavauIEk8c,UCl_Nqhf2SGNwv4uvbvs3upg,24,0,0,0,0,0.0,137.35,45.0
bbkqjg777AQ,UCmhHN34V-dphAOk3RXxjb0g,6563,0,0,0,0,8.154,3.45,145.56
bcZWxUBsdYs,UC2IjY1Gm6b7pYp-vMJ2R9ig,7,0,0,0,0,0.002,5.43,101.0
bdshcl9bdeE,UC8gDq5ENmiVuJZIVsiZbQ8g,5,0,0,0,0,0.0,41.85,21.6
beGXrUdvoIA,UCxxl4xdZZqRSSz2VfnFBhwA,77,0,0,0,0,0.007,40.55,12.16
beHGR_dSOGQ,UCEFB0gMdnD1NyiZaedHg2hQ,135,2,0,0,0,0.007,58.23,15.67
bgNx2c6AU0M,UCSlOhfr5f-RPRP50yRri1uA,31,0,0,0,0,0.0,19.17,21.9
bgyvV3GrQGM,UC2IjY1Gm6b7pYp-vMJ2R9ig,2,0,0,0,0,0.0,0.85,8.0
biD34_yv0yM,UCxxl4xdZZqRSSz2VfnFBhwA,0,0,0,0,0,0.0,0.0,0.0
bkQ4JRQmwCU,UCxxl4xdZZqRSSz2VfnFBhwA,12,0,0,0,0,0.002,29.88,22.0
bkljThqYqpg,UCAkSxwl8Lbk2hBXAAfsEFTA,3,0,0,0,0,0.001,11.54,5.0
blZIUE-e7ZQ,UCMGKZD9ggu_Pfo4dkL47cXQ,44,2,0,0,0,0.006,68.13,22.73
blrVSGKgykY,UCZFs3JqsRIqtqYgo4HahDUQ,158,0,0,0,0,0.003,59.71,16.39
bnwH7jIMSqM,UCctSzoeee7KCnR84dZ6IO7w,1,0,0,0,0,0.0,31.24,13.0
brpP9fgNNE8,UCXJiqB85OD4gnutvJ-gKHsg,18,0,0,0,0,0.002,15.27,15.67
btAJTCSEJmk,UCpUrAXv2lzGxM4plYB7CE-A,120426,0,0,2,0,546.692,1.65,92.17
btC_flmYWBo,UCZem4a64VnhfA4CBw9vM2bg,232,10,0,0,0,0.028,67.71,39.08
bu6KfTVMuv0,UCmhHN34V-dphAOk3RXxjb0g,3830,0,0,0,0,0.0,0.04,0.03
buaQ1xpbFXc,UC8Fm-ogvMehvbgF0BJjKiuQ,3,0,0,0,0,0.0,75.76,47.33
bvXOorVKNkU,UC77WdDKy6cbCxZkC46eaudA,3,0,0,0,0,0.0,0.95,8.33
bx5nE2lCZeY,UCxhHKduxLRNAOC_GUHPPf1Q,196,1,0,0,1,0.022,51.3,16.63
bxMJ-ZciFd8,UC2jHP3YhgMucr6UlgFzRhbA,910,4,0,0,3,0.351,4.18,286.0
bxxXYJnWJbk,UCT7ZxKrKqxBvAODr8h_ODkA,42,1,0,0,0,0.012,3.48,71.14
c-lXxKjT3Hk,UC8gDq5ENmiVuJZIVsiZbQ8g,1,0,0,0,0,0.0,0.0,0.0
c0KZbZ5g1yU,UCxxl4xdZZqRSSz2VfnFBhwA,27,2,0,0,1,0.004,56.25,32.67
c151tKBTHXo,UC2IjY1Gm6b7pYp-vMJ2R9ig,114,0,0,0,0,0.079,9.92,139.59
c1QxhzR05eI,UCk2O5vfW3c_W5YWQ_BoD1Ug,181,1,0,0,0,0.017,60.98,27.9
c2JiL8Sz6G4,UCnwjt6PgkKuZC4S1A0yTOFQ,2,0,0,0,0,0.0,4.58,2.5
c2w9eEdnPRE,UC82nFsZOjs5Tr96upPPq9Ww,4,0,0,0,0,0.0,60.51,46.0
c4-wqkpG0BU,UCk2O5vfW3c_W5YWQ_BoD1Ug,978,5,0,1,1,0.613,8.31,160.72
c5UeHAlE1W0,UCAkSxwl8Lbk2hBXAAfsEFTA,3,0,0,0,0,0.0,69.33,171.0
c6Vh6pVQ4g4,UCxxl4xdZZqRSSz2VfnFBhwA,35,0,0,0,0,0.007,68.17,14.37
c6gIKO2ch_A,UC82nFsZOjs5Tr96upPPq9Ww,392,3,0,0,1,0.629,10.97,170.6
c6mzMd--4Nw,UCMGKZD9ggu_Pfo4dkL47cXQ,87,1,0,0,0,0.007,110.69,38.38
c7RimGFkCsM,UCxxl4xdZZqRSSz2VfnFBhwA,5,0,0,0,0,0.019,41.73,382.2
c7e_wZtA7_0,UC0GVHmLgrxE2SS8F0C19JVg,3,0,0,0,0,0.001,7.91,102.67
c7jzlw6ObKI,UCZFs3JqsRIqtqYgo4HahDUQ,58,0,0,0,0,0.002,41.64,12.74
c88GInPkRB8,UCTGoaBFABIBLXcqXzCM5D3A,233,0,0,0,0,0.0,2.27,142.42
c9_N5kpoyDo,UCEFB0gMdnD1NyiZaedHg2hQ,219,3,0,0,0,0.02,63.79,23.34
cCr-sznv9jw,UC2jHP3YhgMucr6UlgFzRhbA,162,1,0,0,0,0.003,77.07,23.0
cD3pVSPTCw8,UCeVTtB1kN607CxFrFkiqjgQ,10,1,0,0,0,0.001,10.94,11.7
cIjl93l5gzE,UCdtOFTQ1GVPKzvOYsi1ApIw,2004,0,0,0,0,0.001,1.31,16.23
cKFhRBCJfiE,UCsbnInDepLdq6o781WVZ-5g,2,0,0,0,0,0.0,6.66,40.5
cKWUg428lbM,UCdtOFTQ1GVPKzvOYsi1ApIw,2,0,0,0,0,0.0,0.0,0.0
cLCWkgcjkzc,UCMGKZD9ggu_Pfo4dkL47cXQ,70,0,0,0,0,0.05,9.58,96.04
cLVm8VNxPdI,UC2IjY1Gm6b7pYp-vMJ2R9ig,5,0,0,0,0,0.016,11.58,138.2
cLgavZrTKUw,UCbnCFV5_c-nGiEQN1anEO5A,2,0,0,0,0,0.0,0.0,0.0
cM7V9bOKwy4,UCTGoaBFABIBLXcqXzCM5D3A,80,0,0,0,0,0.0,52.79,15.88
cM_qxwPa9XI,UCT7ZxKrKqxBvAODr8h_ODkA,100,0,0,0,1,0.025,4.41,109.25
cMrzHoCC3zM,UCT7ZxKrKqxBvAODr8h_ODkA,6,0,0,0,0,0.001,27.21,73.5
cNZoL1-6Wm8,UCZFs3JqsRIqtqYgo4HahDUQ,47,0,0,0,0,0.114,2.74,162.21
cNaFeC2od0A,UC80LfoIH6FrzHTm6lXTWCKQ,2,0,0,0,0,0.004,4.53,61.0
cP4T12o4l3I,UCxfDVRNK6SoN59v_t3ZJ33A,2,0,0,0,0,0.0,5.62,5.0
cPCvtkF9HGA,UCNkelFxYeQTdVdBzl3yaliw,1,0,0,0,0,0.0,0.0,0.0
cPpycsEWGig,UCIg97fCjw1HnS8vPqwiHLGA,16,0,0,0,0,0.002,70.16,23.88
cQGt7kOdApc,UCT7ZxKrKqxBvAODr8h_ODkA,3,0,0,0,0,0.0,54.97,26.0
cQM_u0jnUlk,UC82nFsZOjs5Tr96upPPq9Ww,10,0,0,0,0,0.0,103.1,72.0
cQZ6-VIkyWo,UCxxl4xdZZqRSSz2VfnFBhwA,24,0,0,0,0,0.002,41.23,20.88
cTAuuEdZGoA,UC8gDq5ENmiVuJZIVsiZbQ8g,1371,9,0,0,3,0.831,2.6,177.88
cTdWWPnho68,UCxxl4xdZZqRSSz2VfnFBhwA,38,0,0,0,0,0.007,66.57,27.11
cW0EvXRQovk,UCm3RYOItKT_P0-oRCkkSMZw,1,0,0,0,0,0.0,0.56,6.0
cWaM0ll1kk4,UCctSzoeee7KCnR84dZ6IO7w,13,0,0,0,0,0.023,8.05,114.0
cXbo2D7CTxg,UCEFB0gMdnD1NyiZaedHg2hQ,288,5,0,0,0,0.328,18.39,109.46
cY7FXI1a7cA,UCxhHKduxLRNAOC_GUHPPf1Q,0,0,0,0,0,0.0,0.0,0.0
cYAfRIce03s,UCJw9px5fOp-nwJG6g4gN1ng,76,1,0,0,0,0.007,75.51,19.58
cZixqJERrGM,UC82nFsZOjs5Tr96upPPq9Ww,1,0,0,0,0,0.0,8.41,188.0
c_66L3jWwE0,UCctSzoeee7KCnR84dZ6IO7w,0,0,0,0,0,0.0,0.0,0.0
c_XK8yLysCI,UCNkelFxYeQTdVdBzl3yaliw,262,1,0,0,0,0.06,14.36,208.51
c_giVntGMVY,UC77WdDKy6cbCxZkC46eaudA,4,0,0,0,0,0.003,7.41,101.0
c_u6Z0Be0Mk,UCdtOFTQ1GVPKzvOYsi1ApIw,159,0,0,0,0,0.0,0.0,0.0
c_y-1CKy6UY,UC80LfoIH6FrzHTm6lXTWCKQ,8,0,0,0,0,0.018,6.2,24.0
caF9DPucsjo,UCIg97fCjw1HnS8vPqwiHLGA,78,0,0,0,0,0.097,10.88,85.08
caIe2uFHJV0,UC2IjY1Gm6b7pYp-vMJ2R9ig,297,0,0,0,1,0.08,15.15,165.73
cb4LmZU4IgQ,UCSlOhfr5f-RPRP50yRri1uA,157,-1,0,0,0,0.007,54.77,31.71
cbm50pG0x4I,UC8gDq5ENmiVuJZIVsiZbQ8g,352,1,0,0,0,0.016,57.18,20.96
cdicUvG44hY,UCxhHKduxLRNAOC_GUHPPf1Q,98,0,0,0,1,0.508,4.73,231.59
ceAUQloWo7E,UCqbTAXnwXspcNb7l3UqrOHQ,91,0,0,0,0,0.01,71.16,24.73
cfh-rstBqig,UCdtOFTQ1GVPKzvOYsi1ApIw,3,0,0,0,0,0.0,0.95,36.0
cfiAuEmX8Wg,UC2jHP3YhgMucr6UlgFzRhbA,7785,16,2,7,13,16.729,1.86,152.0
cgafMrptI5U,UCTGoaBFABIBLXcqXzCM5D3A,107,0,0,0,0,0.0,65.83,22.62
che5zyvJYDI,UCk2O5vfW3c_W5YWQ_BoD1Ug,273,2,0,0,0,0.023,53.77,24.07
chf9S36QiPc,UCsbnInDepLdq6o781WVZ-5g,3,0,0,0,0,0.0,3.07,18.0
cj9d3kBXZug,UCvfQU0Npb-ve-LxUlaAN1GA,6,0,0,0,0,0.0,0.55,6.67
cjuNYDqWYeQ,UCl_Nqhf2SGNwv4uvbvs3upg,60,0,0,0,0,0.002,52.49,17.0
cl-5qGq7-Ck,UC82nFsZOjs5Tr96upPPq9Ww,3,0,0,0,0,0.0,11.58,4.0
cl5e1Q3E9wo,UCT7ZxKrKqxBvAODr8h_ODkA,2292,31,0,2,8,0.791,18.24,237.19
clIfwUH_sXk,UC0GVHmLgrxE2SS8F0C19JVg,3,0,0,0,0,0.0,38.71,26.67
clQJq0POSN8,UCZFs3JqsRIqtqYgo4HahDUQ,14,0,0,0,0,0.0,46.28,18.43
clfyS6kViAM,UCy_zcQwyTyQG6bpwfpHfffw,5935,84,0,0,11,0.0,71.33,42.96
cmQ_0dG7JuY,UCAkSxwl8Lbk2hBXAAfsEFTA,770,3,0,0,3,0.356,2.73,188.83
cpqUQ9PAoqA,UCZem4a64VnhfA4CBw9vM2bg,173,2,0,0,0,0.452,11.86,119.35
cqKm5Q4qBIU,UCT7ZxKrKqxBvAODr8h_ODkA,145,2,0,0,0,0.147,10.86,261.31
cqSYCHTaOUo,UCZem4a64VnhfA4CBw9vM2bg,496,5,0,0,0,0.056,94.72,28.71
crI12U00mag,UCqbTAXnwXspcNb7l3UqrOHQ,163,1,0,0,0,0.018,60.88,18.3
crNjH9e2cSc,UCEFB0gMdnD1NyiZaedHg2hQ,394,5,1,0,0,0.51,9.68,169.78
crcnpNEkMDQ,UCSlOhfr5f-RPRP50yRri1uA,1416,13,0,0,0,0.057,56.49,18.95
csyFXTGefKA,UCSlOhfr5f-RPRP50yRri1uA,1043,0,0,0,0,0.008,14.31,14.48
ct6JuT-CO44,UCT7ZxKrKqxBvAODr8h_ODkA,68,4,0,0,0,0.023,6.37,99.59
ctqQ1GqFe38,UCT7ZxKrKqxBvAODr8h_ODkA,21,0,0,0,0,0.0,12.54,129.57
cuIRB_JRuwg,UCLQ4NoTptaCDG4nUvDLtUoQ,94,0,0,0,0,0.079,6.25,36.0
cuXgu2hjmBQ,UCT7ZxKrKqxBvAODr8h_ODkA,29,0,0,0,0,0.0,54.8,14.66
cv4kTzA0p4s,UCnwjt6PgkKuZC4S1A0yTOFQ,4865,38,2,24,21,8.345,8.88,559.13
cva_VJbDsNo,UC0GVHmLgrxE2SS8F0C19JVg,30,0,0,0,0,0.15,10.41,124.4
cvlkFr43h08,UC2jHP3YhgMucr6UlgFzRhbA,1864,10,0,0,0,0.011,53.02,13.0
cw3Fj3dFab4,UCSlOhfr5f-RPRP50yRri1uA,11,0,0,0,0,0.0,0.0,0.0
cwnF2nlEQUU,UCT7ZxKrKqxBvAODr8h_ODkA,25,1,0,0,0,0.0,46.26,44.24
cxn4BVSneys,UCP4STX85lq_fpEtvQcq_5fw,97,1,0,0,0,0.017,12.39,40.46
cyYvogj1dws,UCdtOFTQ1GVPKzvOYsi1ApIw,6,1,0,0,0,0.001,100.8,43.0
cyvh_ceyIpg,UCJw9px5fOp-nwJG6g4gN1ng,1668,5,0,0,1,0.027,55.92,16.46
czALCI79sQI,UCxxl4xdZZqRSSz2VfnFBhwA,15,0,0,0,0,0.002,31.86,21.0
czvTeAp8txw,UCbnCFV5_c-nGiEQN1anEO5A,2,0,0,0,0,0.0,0.0,0.0
d-FswTDZAZw,UCl_Nqhf2SGNwv4uvbvs3upg,1080,2,0,0,1,1.928,2.82,186.0
d-acBYzsYNk,UCdtOFTQ1GVPKzvOYsi1ApIw,8,0,0,0,0,0.008,16.09,613.0
d01fg89z8so,UCT7ZxKrKqxBvAODr8h_ODkA,5,0,0,0,0,0.0,36.73,32.0
d0Rb25bw-tE,UCnKHDbf4TM65HyT2XdQaT6Q,0,0,0,0,0,0.0,0.0,0.0
d1WLgDBXsuA,UC82nFsZOjs5Tr96upPPq9Ww,7,0,0,0,0,0.0,3.12,50.29
d2605TS16RU,UCT7ZxKrKqxBvAODr8h_ODkA,9,0,0,0,0,0.0,4.35,89.33
d2MG-yw0ItY,UC2IjY1Gm6b7pYp-vMJ2R9ig,2,0,0,0,0,0.0,3.67,44.0
d3cqz-WFEEs,UCeVTtB1kN607CxFrFkiqjgQ,6,0,0,0,0,0.001,21.03,19.17
d3g6NYr8uJQ,UCxxl4xdZZqRSSz2VfnFBhwA,12,0,0,0,0,0.002,21.2,20.0
d5_tqSEUXWg,UC2jHP3YhgMucr6UlgFzRhbA,43,0,0,0,1,0.09,25.35,335.0
d5gD73Odjvk,UCT7ZxKrKqxBvAODr8h_ODkA,2,0,0,0,0,0.0,0.52,7.5
d7Dx8fmc3W4,UCEFB0gMdnD1NyiZaedHg2hQ,226,4,0,0,0,0.015,50.14,17.45
d7TMg9V2UGQ,UCL_RZ1IidYQkVQxfimfnPSQ,329,4,0,0,0,0.015,77.45,12.0
d8InBNDATQ0,UCIg97fCjw1HnS8vPqwiHLGA,72,0,0,0,0,0.076,13.25,214.83
d8SIocfmYJo,UCxhHKduxLRNAOC_GUHPPf1Q,2,0,0,0,0,0.0,81.16,45.0
dAIdBCr8toY,UCxxl4xdZZqRSSz2VfnFBhwA,1,0,0,0,0,0.0,0.0,0.0
dBTiKEK7ceo,UCxhHKduxLRNAOC_GUHPPf1Q,19,0,0,0,0,0.027,6.96,103.89
dBoeSyTXsAQ,UCnwjt6PgkKuZC4S1A0yTOFQ,14,0,0,0,0,0.0,12.95,260.07
dBu-FsyiQ7g,UCk2O5vfW3c_W5YWQ_BoD1Ug,18,1,0,0,0,0.026,13.04,168.44
dC-zibZbtFM,UCHONLLEtQ4f9yoqa1BWlhSg,8,0,0,0,0,0.001,80.19,22.25
dCG6xMJRpMw,UCSlOhfr5f-RPRP50yRri1uA,1633,15,0,0,3,0.058,43.55,22.48
dCw0RRc09n0,UCf3lAEw_WPtcgHMUVAunzSw,10,0,0,0,0,0.0,148.93,3.6
dDKJd-cbk7Y,UCnwjt6PgkKuZC4S1A0yTOFQ,94,0,0,0,0,0.0,3.11,2.17
dDoKtAMYIDo,UCXJiqB85OD4gnutvJ-gKHsg,6319,46,2,6,21,7.203,6.97,254.01
dFXdeczPoWQ,UC77WdDKy6cbCxZkC46eaudA,138,1,0,0,0,0.092,7.14,91.72
dFazlVUWasM,UCx08xHWVSQIiujaTJb8HWYg,1097,-1,0,1,1,1.888,2.47,190.38
dGikdB8ZINA,UCbnCFV5_c-nGiEQN1anEO5A,5,0,0,0,0,0.002,2.56,34.6
dHD-frQD67M,UCdtOFTQ1GVPKzvOYsi1ApIw,1,0,0,0,0,0.0,0.63,9.0
dHFEGpzcLmM,UCkIOcyGqKTJMIIyFHJunYDA,231,5,0,0,0,0.013,42.99,13.53
dIm5rlvdJiQ,UCy_zcQwyTyQG6bpwfpHfffw,422,7,0,0,1,0.0,48.37,22.82
dJROdI6uqhg,UCdtOFTQ1GVPKzvOYsi1ApIw,36,0,0,0,0,0.037,2.83,225.0
dJonEITCVSo,UCk2O5vfW3c_W5YWQ_BoD1Ug,137,1,0,0,1,0.403,20.79,367.29
dL83MkULMqI,UCc-V01UlW1n8eGLpATLA5gw,2,0,0,0,0,0.036,4.36,332.0
dLqiif-BMlw,UC77WdDKy6cbCxZkC46eaudA,1,0,0,0,0,0.0,2.84,26.0
dMGSUfmc3RI,UCJw9px5fOp-nwJG6g4gN1ng,41,2,0,0,0,0.035,3.41,199.54
dMzUQNDUQK4,UCAkSxwl8Lbk2hBXAAfsEFTA,0,0,0,0,0,0.001,0.0,0.0
dNKmchqN8xc,UC8gDq5ENmiVuJZIVsiZbQ8g,0,0,0,0,0,0.0,0.0,0.0
dO4voCpqUR4,UC2jHP3YhgMucr6UlgFzRhbA,1905,12,0,5,8,5.389,5.99,145.0
dO95zM8qebM,UC8gDq5ENmiVuJZIVsiZbQ8g,36,0,0,0,0,0.001,19.16,5.0
dPZpU0tvpkk,UCSlOhfr5f-RPRP50yRri1uA,500,6,0,0,0,0.041,39.46,22.18
dQeLinh2ROk,UCHONLLEtQ4f9yoqa1BWlhSg,1,0,0,0,0,0.001,84.05,77.0
dRg3usnqSXE,UC0GVHmLgrxE2SS8F0C19JVg,21,0,0,0,0,0.018,18.91,387.52
dTSdNguKcSA,UCxfDVRNK6SoN59v_t3ZJ33A,5,0,0,0,0,0.008,16.74,824.8
dTjLNUWnwn0,UCZFs3JqsRIqtqYgo4HahDUQ,373,1,0,0,1,0.01,66.08,16.57
dTmRwY_OF1s,UCLQ4NoTptaCDG4nUvDLtUoQ,1,0,0,0,0,0.0,19.64,11.0
dU2zbXNu2GE,UCLQ4NoTptaCDG4nUvDLtUoQ,42,1,0,0,0,0.051,10.36,137.1
dUGOKaqRR-M,UCk2O5vfW3c_W5YWQ_BoD1Ug,896,8,0,0,1,0.068,50.92,34.52
dW9mHK7W-QA,UCAkSxwl8Lbk2hBXAAfsEFTA,2,0,0,0,0,0.001,6.49,232.5
dWl_y-lBesc,UCXJiqB85OD4gnutvJ-gKHsg,80,0,0,0,1,0.177,8.56,311.23
dXWx7oIIVMo,UCkIOcyGqKTJMIIyFHJunYDA,639,2,0,2,1,0.015,48.7,14.0
dYKcxbtNzV0,UC8gDq5ENmiVuJZIVsiZbQ8g,4,0,0,0,0,0.003,2.37,35.25
dYoyqEpfISE,UC0GVHmLgrxE2SS8F0C19JVg,209,0,0,0,0,0.518,9.95,158.93
dZs7T84yJPQ,UCXJiqB85OD4gnutvJ-gKHsg,12,0,0,0,0,0.0,5.68,55.33
dbrTvywixnw,UCEFB0gMdnD1NyiZaedHg2hQ,409,4,0,0,0,0.031,99.02,19.52
dbxXUXjVS7U,UC8gDq5ENmiVuJZIVsiZbQ8g,2,1,0,0,0,0.0,47.81,30.0
dcibtSzIsFI,UC2jHP3YhgMucr6UlgFzRhbA,298,2,0,0,2,0.006,72.48,21.0
dd4wmtfXBBI,UCxfDVRNK6SoN59v_t3ZJ33A,2,0,0,0,0,0.0,0.0,0.0
ddGVkmuGXPk,UCdtOFTQ1GVPKzvOYsi1ApIw,3,0,0,0,0,0.0,31.79,33.0
deaQX2IpC2A,UC77WdDKy6cbCxZkC46eaudA,1,0,0,0,0,0.0,4.32,56.0
dfeTELwATuY,UCZem4a64VnhfA4CBw9vM2bg,133,4,0,0,0,0.012,68.05,22.35
dfiLcAbR6LU,UCIg97fCjw1HnS8vPqwiHLGA,60,0,0,0,0,0.006,108.37,12.43
dgNJ4603bqQ,UCxfDVRNK6SoN59v_t3ZJ33A,4,0,0,0,0,0.0,35.64,54.0
dgVfgb9n1UY,UC8gDq5ENmiVuJZIVsiZbQ8g,1,0,0,0,0,0.0,1.09,13.0
dhDxUGEdxF0,UC77WdDKy6cbCxZkC46eaudA,1,0,0,0,0,0.01,13.86,155.0
dhcw2RBdeSk,UCIg97fCjw1HnS8vPqwiHLGA,8,0,0,0,0,0.011,22.11,130.0
dhl80YRwOI0,UC2IjY1Gm6b7pYp-vMJ2R9ig,5,0,0,0,0,0.004,7.23,36.0
dj7mB-33Iko,UCf3lAEw_WPtcgHMUVAunzSw,0,0,0,0,0,0.0,0.0,0.0
djhiCJtY7ec,UCpUrAXv2lzGxM4plYB7CE-A,10,0,0,0,0,0.028,4.9,278.0
dkXQtVNGyZw,UC8gDq5ENmiVuJZIVsiZbQ8g,265,1,0,0,0,0.006,56.62,19.28
dlrAHKKhAf8,UCnwjt6PgkKuZC4S1A0yTOFQ,2,0,0,0,0,0.013,50.06,699.0
dlytPsy5b3k,UCAkSxwl8Lbk2hBXAAfsEFTA,1,0,0,0,0,0.0,1.18,23.0
dnssDHSC0WE,UCHONLLEtQ4f9yoqa1BWlhSg,3,0,0,0,0,0.0,40.23,23.33
do205v_5HHY,UCxfDVRNK6SoN59v_t3ZJ33A,8,0,0,0,0,0.001,4.32,22.25
do9FA2SgmEk,UCqbTAXnwXspcNb7l3UqrOHQ,83,1,0,0,0,0.008,60.04,22.0
doc4FL40VD8,UC2jHP3YhgMucr6UlgFzRhbA,102,1,0,0,0,0.085,3.19,210.0
dol8RuEniyA,UCSlOhfr5f-RPRP50yRri1uA,5,0,0,0,0,0.0,0.25,10.4
dp2aMidSPr4,UCSlOhfr5f-RPRP50yRri1uA,302,3,0,0,0,0.011,37.87,16.35
dpykUEQg7Lo,UCSlOhfr5f-RPRP50yRri1uA,1640,18,0,0,1,0.098,56.84,26.03
dq8hsduN7Og,UCJw9px5fOp-nwJG6g4gN1ng,193,3,0,0,0,0.017,85.62,26.39
dqI6-gcq9w4,UCnwjt6PgkKuZC4S1A0yTOFQ,4338,32,2,2,15,4.309,20.89,215.9
dqvAEsAkjmk,UCZem4a64VnhfA4CBw9vM2bg,49,1,1,1,0,0.038,5.99,50.67
dt6ucmxRUAQ,UCx08xHWVSQIiujaTJb8HWYg,13,0,0,0,0,0.035,2.63,97.23
dtaZyB-_ytM,UCbnCFV5_c-nGiEQN1anEO5A,1,0,0,0,0,0.0,3.16,18.0
dtt46vJFQfk,UCbnCFV5_c-nGiEQN1anEO5A,7,0,0,0,0,0.075,0.39,5.86
dvE0yq4jDco,UC0GVHmLgrxE2SS8F0C19JVg,8,0,0,0,0,0.019,5.61,85.5
dyKCIsUX3f0,UCp013Ih_EWf3SXO8F4ftIwQ,58,0,0,0,0,0.097,0.67,54.0
dyYkqscNow8,UCdtOFTQ1GVPKzvOYsi1ApIw,21276,1,0,0,0,12.519,9.85,171.95
e-sTtCc55Yk,UC2IjY1Gm6b7pYp-vMJ2R9ig,2,0,0,0,0,0.0,30.09,3.5
e06pnxngCIQ,UCxhHKduxLRNAOC_GUHPPf1Q,81,1,0,0,0,0.45,6.03,242.11
e0bm9OMsMas,UCsbnInDepLdq6o781WVZ-5g,6,0,0,0,0,0.0,2.8,0.83
e0hNrlrQv_4,UCk2O5vfW3c_W5YWQ_BoD1Ug,352,1,0,0,0,0.027,49.05,25.39
e2OAgn4anxo,UCT7ZxKrKqxBvAODr8h_ODkA,119,0,0,0,0,0.002,54.35,40.87
e2qxIWCWJM0,UC8gDq5ENmiVuJZIVsiZbQ8g,561,1,0,0,1,0.014,54.59,36.57
e3Ddo9qVp_k,UCT7ZxKrKqxBvAODr8h_ODkA,15,0,0,0,0,0.0,5.09,88.0
e3I6owshFAg,UCZem4a64VnhfA4CBw9vM2bg,136,2,0,0,0,0.014,81.2,37.18
e3i920_rx50,UCdtOFTQ1GVPKzvOYsi1ApIw,24,1,0,1,0,0.007,2.28,114.0
e44s1LOp0wY,UCf3lAEw_WPtcgHMUVAunzSw,8,0,0,0,0,0.0,45.96,17.0
e4ROBDq2VA4,UC2IjY1Gm6b7pYp-vMJ2R9ig,2,0,0,0,0,0.0,0.43,1.0
e4izBUS5jWs,UCXJiqB85OD4gnutvJ-gKHsg,2,0,0,0,0,0.0,0.39,12.0
e4yUFXxbH9I,UC2IjY1Gm6b7pYp-vMJ2R9ig,233,2,0,0,0,0.337,12.76,191.64
e7N9rXbDVmA,UCk2O5vfW3c_W5YWQ_BoD1Ug,112,2,0,0,0,0.008,46.24,29.54
e7Z6GMqyt3k,UCdtOFTQ1GVPKzvOYsi1ApIw,60323,182,90,0,452,37.026,9.89,173.88
e7ZfWC7kAyo,UCXJiqB85OD4gnutvJ-gKHsg,3502,11,0,2,6,2.742,3.8,139.49
e8OutoK-QEk,UCxfDVRNK6SoN59v_t3ZJ33A,1,0,0,0,0,0.0,0.94,11.0
e8PCP8Kcy0o,UCXJiqB85OD4gnutvJ-gKHsg,120,2,0,0,0,0.1,11.3,156.53
e8T9R1kgYrQ,UCf3lAEw_WPtcgHMUVAunzSw,3,0,0,0,0,0.0,19.07,10.33
e8hgZnvyFkw,UCeVTtB1kN607CxFrFkiqjgQ,508,8,0,0,0,0.043,114.57,15.86
e9fLklASaTA,UCxxl4xdZZqRSSz2VfnFBhwA,183,0,0,0,0,0.527,8.56,136.49
e9j0zwYCtSA,UCIg97fCjw1HnS8vPqwiHLGA,7,0,0,0,0,0.001,39.79,62.57
eAg3Sj1xia4,UCTGoaBFABIBLXcqXzCM5D3A,13717,104,1,0,15,0.0,68.27,22.11
eBzk1OUd95s,UCHONLLEtQ4f9yoqa1BWlhSg,10,1,0,0,0,0.002,45.09,16.0
eCwZL14hRHA,UCL_RZ1IidYQkVQxfimfnPSQ,4,0,0,0,0,0.001,5.49,35.0
eCz0g4_WQs8,UCf3lAEw_WPtcgHMUVAunzSw,2,0,0,0,0,0.0,0.31,16.0
eDfOtgvC5Ok,UCVRU0wQxaEQdq0CKQHfifZg,61,1,0,0,0,0.011,16.03,147.9
eEVQ880Put0,UCpUrAXv2lzGxM4plYB7CE-A,156,0,0,0,0,0.012,49.45,32.0
eErrI-GSUh8,UCZem4a64VnhfA4CBw9vM2bg,30,0,0,0,0,0.041,20.18,100.2
eG8FPUDkxhs,UCm3RYOItKT_P0-oRCkkSMZw,325,1,0,0,0,0.19,6.18,98.76
eGl4e87FCs4,UCbnCFV5_c-nGiEQN1anEO5A,4,0,0,0,0,0.003,3.46,58.0
eHANUz_MDp4,UC8gDq5ENmiVuJZIVsiZbQ8g,2,0,0,0,0,0.0,15.43,234.0
eJ0LBXqrWRk,UCpUrAXv2lzGxM4plYB7CE-A,221382,2082,0,0,0,7.513,79.56,23.03
eKZBoirACzY,UCZem4a64VnhfA4CBw9vM2bg,21,0,0,0,0,0.01,8.2,43.14
eLvwjFAsUrQ,UCIg97fCjw1HnS8vPqwiHLGA,11,0,0,0,0,0.001,42.53,36.64
eMAhJ59S3E0,UCxhHKduxLRNAOC_GUHPPf1Q,5,0,0,0,0,0.009,0.95,12.8
eN0-gIPBH1g,UCP4STX85lq_fpEtvQcq_5fw,1369,9,0,0,3,3.599,14.2,266.15
eNhSaWtna1M,UCLQ4NoTptaCDG4nUvDLtUoQ,1,0,0,0,0,0.0,51.13,58.0
eO9xAlAWLdo,UCAkSxwl8Lbk2hBXAAfsEFTA,1424,7,0,0,5,4.633,3.2,219.0
ePglmTdkUKA,UCAkSxwl8Lbk2hBXAAfsEFTA,5,0,0,0,0,0.006,0.2,4.8
eQ9FvcUR8lc,UCEFB0gMdnD1NyiZaedHg2hQ,6141,75,1,0,6,0.498,119.34,17.45
eRHJQZG5gVg,UCJw9px5fOp-nwJG6g4gN1ng,1037,8,0,4,0,0.849,16.85,205.17
eRvXLh_E5CY,UCxfDVRNK6SoN59v_t3ZJ33A,2,0,0,0,0,0.0,47.71,586.5
eT9_XadS6A8,UCSlOhfr5f-RPRP50yRri1uA,167,1,0,0,0,0.001,48.1,26.04
eTed0Rw9h8Q,UCEFB0gMdnD1NyiZaedHg2hQ,353,5,0,1,0,0.027,83.34,28.0
eU7sHtSPDio,UCEFB0gMdnD1NyiZaedHg2hQ,935,10,0,4,1,1.846,15.45,151.64
eUuFuz1kM-s,UCl_Nqhf2SGNwv4uvbvs3upg,185,1,0,0,0,0.004,70.44,23.0
eUuYkno90Xo,UCZem4a64VnhfA4CBw9vM2bg,37,0,0,0,0,0.006,67.86,29.32
eVybndrxlmA,UCT7ZxKrKqxBvAODr8h_ODkA,28,0,0,0,0,0.0,80.32,14.14
eWjkPai4ixk,UCxxl4xdZZqRSSz2VfnFBhwA,32,1,0,0,0,0.006,81.22,25.44
eXRgj-xqOFo,UCxfDVRNK6SoN59v_t3ZJ33A,1,0,0,0,0,0.0,3.11,4.0
eXnSWLfyP7U,UCZem4a64VnhfA4CBw9vM2bg,205,7,0,1,0,0.026,103.63,22.15
eXsqcCnfYS4,UCZem4a64VnhfA4CBw9vM2bg,5982,76,1,2,2,0.747,70.55,28.42
eY6mDiCoygs,UC0GVHmLgrxE2SS8F0C19JVg,1,0,0,0,0,0.0,0.0,0.0
eZajyBtKGXM,UCZFs3JqsRIqtqYgo4HahDUQ,5587,32,0,1,4,0.296,77.19,18.95
eZvF2-8Klz4,UC0GVHmLgrxE2SS8F0C19JVg,10,0,0,0,0,0.006,3.79,57.6
eaShVnEkSEw,UCctSzoeee7KCnR84dZ6IO7w,2,0,0,0,0,0.0,98.83,59.0
eb-qAN-aR0w,UCSlOhfr5f-RPRP50yRri1uA,311,0,0,0,0,0.01,58.44,21.73
ebCv1pwmjwY,UCl_Nqhf2SGNwv4uvbvs3upg,26,0,0,0,0,0.001,44.95,15.0
ec1v3W1N--4,UCnKHDbf4TM65HyT2XdQaT6Q,767,21,1,6,5,1.201,3.46,176.0
edz9Q3fxOlo,UCpUrAXv2lzGxM4plYB7CE-A,2,0,0,0,0,0.06,0.34,13.0
efJDzM6SX60,UCxhHKduxLRNAOC_GUHPPf1Q,18,0,0,0,0,0.0,27.81,16.67
efZrkPt0mvk,UCOfo1ycUYYsMkBRS56TSo3Q,1283,0,0,0,0,0.001,48.01,13.13
eg0YDr6NDU4,UCdtOFTQ1GVPKzvOYsi1ApIw,1,0,0,0,0,0.0,1.43,72.0
eg0jOoaH3os,UCIg97fCjw1HnS8vPqwiHLGA,12,0,0,0,0,0.004,20.37,37.83
eg4S4gBLD-E,UCnwjt6PgkKuZC4S1A0yTOFQ,5,0,0,0,0,0.005,4.35,86.4
egJBlyCD6CA,UCZem4a64VnhfA4CBw9vM2bg,20,0,0,0,0,0.016,13.19,71.4
egkqAebCagE,UCJw9px5fOp-nwJG6g4gN1ng,2488,36,0,2,1,0.193,107.11,11.0
egnhG-LLFbc,UCsbnInDepLdq6o781WVZ-5g,71,0,0,0,0,0.088,10.09,180.15
ehyj1qQjFhY,UCdtOFTQ1GVPKzvOYsi1ApIw,1,-1,0,0,0,0.0,6.47,11.0
ei9jODbe47c,UCIg97fCjw1HnS8vPqwiHLGA,2,0,0,0,0,0.013,22.99,289.0
ej2_n9waIwk,UCZFs3JqsRIqtqYgo4HahDUQ,2490,13,0,0,0,0.164,52.3,16.05
ejlxH2zxSsA,UCsbnInDepLdq6o781WVZ-5g,5,0,0,0,0,0.0,4.54,2.0
elGXjwQ7qTk,UCT7ZxKrKqxBvAODr8h_ODkA,56,0,0,0,0,0.022,6.73,90.82
elZ3diU4U6c,UC2IjY1Gm6b7pYp-vMJ2R9ig,1,0,0,0,0,0.0,0.28,5.0
em7127Pe16s,UCeVTtB1kN607CxFrFkiqjgQ,81,0,0,0,0,0.005,56.92,14.67
emljCSmuByg,UCf3lAEw_WPtcgHMUVAunzSw,8,0,0,0,0,0.001,76.22,14.88
en9cWqgt8sM,UCSlOhfr5f-RPRP50yRri1uA,2,0,0,0,0,0.0,6.07,27.0
enL2HLARKlI,UCOfo1ycUYYsMkBRS56TSo3Q,2720,13,0,0,2,0.141,64.33,17.48
enPS2JehdsQ,UCVRU0wQxaEQdq0CKQHfifZg,0,0,0,0,0,0.0,0.0,0.0
eo9NPm4wsP8,UCTGoaBFABIBLXcqXzCM5D3A,44,0,0,0,0,0.0,56.05,18.16
eodzty2Dcsk,UC77WdDKy6cbCxZkC46eaudA,11,0,0,0,0,0.0,3.26,46.36
ep6o6GLvAOY,UCMGKZD9ggu_Pfo4dkL47cXQ,8,0,0,0,0,0.002,47.07,42.5
epdVh9aViMM,UCT7ZxKrKqxBvAODr8h_ODkA,4,0,0,0,0,0.001,2.39,33.5
epqGVJfvAE0,UCJw9px5fOp-nwJG6g4gN1ng,5557,227,3,5,5,0.562,108.16,25.0
eprLfRIiemM,UCpUrAXv2lzGxM4plYB7CE-A,60,0,0,0,0,0.096,1.06,84.0
erHt00hvyBo,UCSlOhfr5f-RPRP50yRri1uA,8,0,0,0,0,0.0,65.4,26.88
etgGb09DaBQ,UCxfDVRNK6SoN59v_t3ZJ33A,6,0,0,0,0,0.0,42.12,26.0
ewXgPZG5Jds,UCsbnInDepLdq6o781WVZ-5g,2818,18,0,2,4,4.109,13.01,254.55
ex56gxbYRU8,UCLQ4NoTptaCDG4nUvDLtUoQ,25,0,0,0,0,0.001,42.68,22.4
exUUsiVjPGw,UC2jHP3YhgMucr6UlgFzRhbA,270,0,0,0,0,0.001,11.65,20.0
exaCTsrEg7s,UCp013Ih_EWf3SXO8F4ftIwQ,16,0,0,0,1,0.036,1.35,75.0
ey59A38G_YQ,UCEFB0gMdnD1NyiZaedHg2hQ,3,0,0,0,0,0.0,6.02,80.0
eyhf2C7MFSI,UC77WdDKy6cbCxZkC46eaudA,5,0,0,0,0,0.0,5.7,5.6
eywudrvJKYk,UCeVTtB1kN607CxFrFkiqjgQ,38,2,0,0,0,0.004,108.46,32.95
ezoENgb2K9s,UC77WdDKy6cbCxZkC46eaudA,3,0,0,0,0,0.0,25.37,144.0
f-R-hmCk7lo,UC2IjY1Gm6b7pYp-vMJ2R9ig,2,0,0,0,0,0.013,17.41,213.0
f05H0i3ALj4,UCT7ZxKrKqxBvAODr8h_ODkA,1355,5,0,2,2,0.584,12.08,158.68
f0RujiBBA0A,UCJw9px5fOp-nwJG6g4gN1ng,180,4,0,0,0,0.02,73.63,22.0
f1YRJBZrsVw,UCf3lAEw_WPtcgHMUVAunzSw,39,0,0,0,0,0.003,4.56,58.23
f1uTAdE-jpM,UC2jHP3YhgMucr6UlgFzRhbA,3791,42,0,0,9,0.18,77.27,19.0
f1vsZyKp1vc,UC77WdDKy6cbCxZkC46eaudA,1,0,0,0,0,0.001,2.78,11.0
f2JtQS9MsHk,UCMGKZD9ggu_Pfo4dkL47cXQ,15,0,0,0,0,0.003,49.53,11.2
f3Np3IhAdfg,UCmhHN34V-dphAOk3RXxjb0g,1919,0,0,0,0,0.211,1.87,78.24
f3qShG3kcWs,UCXJiqB85OD4gnutvJ-gKHsg,0,0,0,0,0,0.0,0.0,0.0
f3wwz7_6vDY,UCXJiqB85OD4gnutvJ-gKHsg,3,0,0,0,0,0.0,0.32,4.67
f5rjtpIk6es,UCxxl4xdZZqRSSz2VfnFBhwA,66,0,0,0,0,0.23,14.08,167.76
f7cnLpaQeQE,UCSlOhfr5f-RPRP50yRri1uA,74,0,0,0,0,0.004,20.45,16.78
f8qmfX9yNi0,UCpUrAXv2lzGxM4plYB7CE-A,7,0,0,0,0,0.0,0.27,20.0
f99MYxdH4ws,UCJw9px5fOp-nwJG6g4gN1ng,69,2,0,0,0,0.005,67.72,19.01
f9LsvjkZhjM,UCpUrAXv2lzGxM4plYB7CE-A,8,0,0,0,0,0.0,0.0,0.0
fAaGWceI6DA,UCSlOhfr5f-RPRP50yRri1uA,17,0,0,0,0,0.0,83.32,70.82
fB2DQFP7jz8,UCZem4a64VnhfA4CBw9vM2bg,788,11,0,0,1,0.086,67.36,28.57
fBbgkODngQA,UCXJiqB85OD4gnutvJ-gKHsg,2,0,0,0,0,0.0,1.37,22.0
fC--w7WdnAY,UCxxl4xdZZqRSSz2VfnFBhwA,428,2,0,0,1,0.253,15.14,204.84
fCAddECY1Fo,UCk2O5vfW3c_W5YWQ_BoD1Ug,554,4,0,0,1,0.042,52.24,27.0
fCHOSSddjbo,UCkIOcyGqKTJMIIyFHJunYDA,13,0,0,0,0,0.002,13.98,4.62
fCpJIN8LtQ4,UCpUrAXv2lzGxM4plYB7CE-A,14,0,0,0,0,0.002,0.62,31.0
fEDsTXvHoMA,UCJw9px5fOp-nwJG6g4gN1ng,68,0,0,0,1,0.032,0.67,57.76
fEPJ9cEmSRo,UC77WdDKy6cbCxZkC46eaudA,4,0,0,0,0,0.0,27.13,162.25
fEyuths8W64,UC2jHP3YhgMucr6UlgFzRhbA,441,1,0,1,0,0.007,43.96,13.0
fGFPvgBBkVc,UCeVTtB1kN607CxFrFkiqjgQ,26,0,0,0,0,0.003,16.25,17.54
fKXhjXdTGCk,UCmhHN34V-dphAOk3RXxjb0g,646,1,0,0,0,0.019,5.28,41.52
fKdSyrXy1Og,UCqbTAXnwXspcNb7l3UqrOHQ,39,0,0,0,0,0.006,61.56,48.0
fLDJS4IaK64,UCnwjt6PgkKuZC4S1A0yTOFQ,5,0,0,0,0,0.0,10.77,107.0
fMZqoeEcjCc,UCLQ4NoTptaCDG4nUvDLtUoQ,83,0,0,0,0,0.218,0.66,46.14
fNA9jZhK4Nw,UCctSzoeee7KCnR84dZ6IO7w,3,0,0,0,0,0.003,5.17,68.0
fNqnbquA2wQ,UCXJiqB85OD4gnutvJ-gKHsg,22,0,0,0,0,0.001,1.36,23.32
fNx8qXKi370,UCSlOhfr5f-RPRP50yRri1uA,3854,38,0,0,3,0.219,55.85,31.38
fOpy0kTkBWk,UCMGKZD9ggu_Pfo4dkL47cXQ,21,0,0,0,0,0.003,67.6,26.67
fOsRUUhIIxY,UCf3lAEw_WPtcgHMUVAunzSw,655,6,0,0,1,0.014,74.14,18.44
fQSw-xWoDvw,UC8Fm-ogvMehvbgF0BJjKiuQ,18,0,0,0,0,0.023,14.55,282.33
fRB65ZDq7-k,UC2jHP3YhgMucr6UlgFzRhbA,160,0,0,0,0,0.001,57.1,17.0
fSwMpd6Ip0A,UCJw9px5fOp-nwJG6g4gN1ng,176,2,0,0,0,0.02,73.19,21.45
fT1NnPJoYb8,UCxhHKduxLRNAOC_GUHPPf1Q,55,0,0,0,1,0.119,4.53,114.36
fT6NN-dNFMM,UCl_Nqhf2SGNwv4uvbvs3upg,57,0,0,0,0,0.067,2.73,196.0
fTqpSud9vhs,UC80LfoIH6FrzHTm6lXTWCKQ,2,0,0,0,0,0.0,1.34,8.0
fWbNRE3HJ4E,UCm3RYOItKT_P0-oRCkkSMZw,424,1,0,0,2,0.925,12.87,228.93
fX37z2VcZao,UCOfo1ycUYYsMkBRS56TSo3Q,968,1,0,0,0,0.629,3.98,154.46
fXOrobEvmQw,UCIg97fCjw1HnS8vPqwiHLGA,57555,172,3,18,57,126.771,2.24,96.52
fXTwmWWJ514,UCIg97fCjw1HnS8vPqwiHLGA,104,-1,0,0,0,0.207,9.69,164.61
fYF_D5YI2qg,UCL_RZ1IidYQkVQxfimfnPSQ,25,1,0,0,0,0.016,8.35,171.0
f_N7d8YR-3g,UCy_zcQwyTyQG6bpwfpHfffw,1324,10,0,1,3,0.0,38.6,21.89
fa0fT2FxbHQ,UCp013Ih_EWf3SXO8F4ftIwQ,66,0,0,0,0,0.002,52.26,13.0
faK1rgRBGBE,UCMGKZD9ggu_Pfo4dkL47cXQ,56876,156,0,28,118,8.529,10.08,141.69
fae0pbpQWcE,UCZem4a64VnhfA4CBw9vM2bg,222,6,0,0,0,0.019,91.29,13.91
fbIZr-XyEK4,UCJw9px5fOp-nwJG6g4gN1ng,87,0,0,0,0,0.0,58.42,24.34
fbzR3EcsfqA,UCT7ZxKrKqxBvAODr8h_ODkA,1,0,0,0,0,0.0,0.0,0.0
fdMLyYGaba8,UCEFB0gMdnD1NyiZaedHg2hQ,408,6,0,0,0,0.035,87.53,14.51
fdU3huxTW0A,UCIg97fCjw1HnS8vPqwiHLGA,2,0,0,0,0,0.002,4.58,73.0
feGSA6lgCoU,UCk2O5vfW3c_W5YWQ_BoD1Ug,2605,7,0,2,2,0.255,65.35,40.07
fezuJmFznEU,UCMGKZD9ggu_Pfo4dkL47cXQ,918,7,0,0,1,0.175,60.46,18.37
fg1OVtgn0cI,UCl_Nqhf2SGNwv4uvbvs3upg,566,4,1,0,2,0.012,75.45,24.0
fhCSPuwx0N0,UCT7ZxKrKqxBvAODr8h_ODkA,4,0,0,0,0,0.0,15.32,12.0
fjDUzQCcp4o,UCf3lAEw_WPtcgHMUVAunzSw,1,0,0,0,0,0.0,0.0,0.0
fjmRLeHdZso,UCAkSxwl8Lbk2hBXAAfsEFTA,3,0,0,0,0,0.0,58.25,34.0
fjyygoXbhAs,UC0GVHmLgrxE2SS8F0C19JVg,179,1,0,0,0,0.475,10.07,160.86
fkHW10_EfR0,UC2jHP3YhgMucr6UlgFzRhbA,374,1,0,0,0,0.001,19.03,19.0
fkoE7de_M7o,UCf3lAEw_WPtcgHMUVAunzSw,7,0,0,0,0,0.0,52.24,15.14
fkxf3UA9Qx4,UCSlOhfr5f-RPRP50yRri1uA,68,0,0,0,0,0.002,41.56,21.25
flMZSkxJEic,UCxxl4xdZZqRSSz2VfnFBhwA,10,0,0,0,0,0.002,8.97,8.0
fmNeDrSOc7E,UC8gDq5ENmiVuJZIVsiZbQ8g,10040,21,0,3,6,24.398,1.37,107.92
fnjBNd4o3sg,UC0GVHmLgrxE2SS8F0C19JVg,4,0,0,0,0,0.0,78.24,38.25
fpzMAv2lozU,UCl_Nqhf2SGNwv4uvbvs3upg,5,0,0,0,0,0.02,0.61,39.0
fr3SGBcrq44,UCdtOFTQ1GVPKzvOYsi1ApIw,479,159,0,0,0,5.406,96.57,1338.39
frQU2uFDL7s,UCmhHN34V-dphAOk3RXxjb0g,103,0,0,0,0,0.173,1.39,56.0
frpiu_TV84A,UC80LfoIH6FrzHTm6lXTWCKQ,1,0,0,0,0,0.0,0.22,3.0
fsQnuFGn9Dg,UCEFB0gMdnD1NyiZaedHg2hQ,225,4,0,0,1,0.163,12.02,145.03
fty_01jgbfw,UCHONLLEtQ4f9yoqa1BWlhSg,1,-2,0,0,0,0.0,99.36,109.0
fu1ShJX5zSw,UCZFs3JqsRIqtqYgo4HahDUQ,1887,15,0,0,1,0.116,55.93,15.5
fuw6Mc-G_AA,UCAkSxwl8Lbk2hBXAAfsEFTA,1,0,0,0,0,0.0,0.06,0.0
fvpe0sYIDiU,UC01rTYtA_UsuZ5wzxnyHFcg,6,0,0,0,0,0.024,5.43,351.5
fxEtrcjfIjg,UC82nFsZOjs5Tr96upPPq9Ww,3,0,0,0,0,0.0,85.29,54.0
fxHsB6RnJEQ,UC2jHP3YhgMucr6UlgFzRhbA,540,2,0,0,1,0.001,14.85,17.0
fy6tl9mrmyw,UCxhHKduxLRNAOC_GUHPPf1Q,1,0,0,0,0,0.0,0.05,1.0
fy8K0YTILxU,UCLQ4NoTptaCDG4nUvDLtUoQ,20,0,0,0,0,0.001,5.37,7.8
fyIs0lBZmdo,UCxxl4xdZZqRSSz2VfnFBhwA,38,0,0,0,0,0.036,15.31,298.05
fyM9lzNS2ws,UCm3RYOItKT_P0-oRCkkSMZw,10,0,0,0,0,0.004,17.16,52.2
fyWRAb7MZy8,UCmhHN34V-dphAOk3RXxjb0g,3437,34,0,2,5,0.051,54.6,18.0
g0_USnda7pY,UCJw9px5fOp-nwJG6g4gN1ng,20,1,0,0,0,0.0,0.9,75.6
g0fb_WzQ6rE,UC8Fm-ogvMehvbgF0BJjKiuQ,1,0,0,0,0,0.0,3.07,37.0
g1GlvmSyP14,UCOfo1ycUYYsMkBRS56TSo3Q,407,3,1,0,0,0.84,4.0,267.74
g1RCeWKkSxM,UCMGKZD9ggu_Pfo4dkL47cXQ,832,7,0,0,0,1.169,10.27,95.0
g4MRWR6Y6II,UCk2O5vfW3c_W5YWQ_BoD1Ug,182,1,0,0,0,0.011,67.87,34.0
g6ddGk6VhBU,UCxfDVRNK6SoN59v_t3ZJ33A,7,0,0,0,0,0.001,16.15,12.43
g6nZ-XO5kfo,UC8gDq5ENmiVuJZIVsiZbQ8g,4073,19,0,0,5,0.094,46.52,13.0
g7UAkya89Z4,UC8gDq5ENmiVuJZIVsiZbQ8g,396,7,0,0,0,0.017,82.59,24.42
g7aDdfT8ZqI,UCdtOFTQ1GVPKzvOYsi1ApIw,159,0,0,0,0,0.0,0.0,0.0
g7zJTwFnJyo,UC2IjY1Gm6b7pYp-vMJ2R9ig,0,0,0,0,0,0.0,0.0,0.0
g92rmVgxn6E,UCEFB0gMdnD1NyiZaedHg2hQ,489,11,0,0,0,1.144,11.91,214.9
g98IO4ExBnA,UCx08xHWVSQIiujaTJb8HWYg,12,0,0,0,0,0.01,2.19,79.0
gAHdcbkCbas,UCT7ZxKrKqxBvAODr8h_ODkA,11,0,0,0,0,0.001,39.33,15.64
gAUU8S7mG4I,UCSlOhfr5f-RPRP50yRri1uA,18,0,0,0,0,0.004,13.99,167.11
gAlk_TX-KJw,UChhBhc7qJ42rgzAIPe9z6Cg,1,0,0,0,0,0.0,0.0,0.0
gB1hMXCxEAs,UCk2O5vfW3c_W5YWQ_BoD1Ug,65,0,0,0,0,0.008,30.98,20.8
gDPdcrw32mQ,UCT7ZxKrKqxBvAODr8h_ODkA,113,3,0,0,0,0.036,5.73,63.35
gDeuCKmHhjQ,UCZFs3JqsRIqtqYgo4HahDUQ,42,0,0,0,0,0.0,12.71,16.14
gDm9dy7Fd0k,UCEFB0gMdnD1NyiZaedHg2hQ,133,0,0,0,1,0.007,45.64,15.22
gEcLeLznqko,UC80LfoIH6FrzHTm6lXTWCKQ,87,2,0,0,0,0.125,15.63,191.0
gFOlXXssQ64,UC80LfoIH6FrzHTm6lXTWCKQ,2,0,0,0,0,0.001,100.61,37.0
gGjuvBbunzs,UCxfDVRNK6SoN59v_t3ZJ33A,25,0,0,0,0,0.135,13.52,181.16
gHLtnMGuuuM,UC80LfoIH6FrzHTm6lXTWCKQ,2,0,0,0,0,0.0,0.69,8.0
gIh5MjGG9pQ,UCZem4a64VnhfA4CBw9vM2bg,161,0,0,0,0,0.292,8.91,156.69
gIumt0sTsA0,UCm3RYOItKT_P0-oRCkkSMZw,579,4,0,0,0,0.059,88.99,12.0
gIxLVyLcvN8,UCZFs3JqsRIqtqYgo4HahDUQ,74,0,0,0,0,0.001,40.7,17.38
gJAJW1nZrgU,UC77WdDKy6cbCxZkC46eaudA,2,0,0,0,0,0.0,3.09,40.0
gJEoL06kI9c,UCk2O5vfW3c_W5YWQ_BoD1Ug,372,0,1,0,1,0.695,9.8,159.37
gJRPng0Njas,UCHONLLEtQ4f9yoqa1BWlhSg,5,0,0,0,0,0.003,19.0,248.8
gJc-kaAd4p4,UCTGoaBFABIBLXcqXzCM5D3A,620,2,0,0,0,0.0,54.38,16.81
gJhacSPidAE,UCf3lAEw_WPtcgHMUVAunzSw,410,3,0,0,0,0.007,67.05,20.0
gJy8cqNBOoE,UCJw9px5fOp-nwJG6g4gN1ng,76,1,0,0,0,0.007,78.06,22.32
gKSo-xZyl7Y,UC0GVHmLgrxE2SS8F0C19JVg,13,0,0,0,0,0.044,19.81,728.62
gL7i9BwNcBc,UCpUrAXv2lzGxM4plYB7CE-A,8,0,0,0,0,0.004,0.1,6.0
gMCkrmrJO6Y,UCZem4a64VnhfA4CBw9vM2bg,5517,70,1,6,3,0.491,85.2,25.86
gPPGKPRgmcQ,UCL_RZ1IidYQkVQxfimfnPSQ,7,0,0,0,0,0.001,68.03,12.0
gPUjOvWNG9E,UCvfQU0Npb-ve-LxUlaAN1GA,1,0,0,0,0,0.0,0.0,0.0
gSDSrP8edIY,UC2IjY1Gm6b7pYp-vMJ2R9ig,1,0,0,0,0,0.0,11.97,39.0
gSHfUWnOa8I,UC0GVHmLgrxE2SS8F0C19JVg,33,0,0,0,0,0.013,14.35,163.09
gSlU56vvq_E,UCsbnInDepLdq6o781WVZ-5g,11,0,0,0,0,0.001,6.55,4.45
gTDtI6o_Ht0,UCJw9px5fOp-nwJG6g4gN1ng,3074,40,1,0,1,0.31,60.5,18.43
gTzzTlEg_UU,UCLQ4NoTptaCDG4nUvDLtUoQ,1,0,0,0,0,0.0,0.0,0.0
gUM9S8zDdFc,UCmhHN34V-dphAOk3RXxjb0g,153,3,0,0,1,0.0,23.38,33.0
gUzR5jMPgDk,UCL_RZ1IidYQkVQxfimfnPSQ,1,0,0,0,0,0.0,0.0,0.0
gVc_s2wNW5M,UCMGKZD9ggu_Pfo4dkL47cXQ,188,1,0,0,0,0.008,29.37,31.26
gWifXxwbLIs,UCnwjt6PgkKuZC4S1A0yTOFQ,177,0,0,0,1,0.166,6.4,112.63
gXAbpv54_B0,UCSlOhfr5f-RPRP50yRri1uA,79,0,0,0,0,0.0,39.31,34.0
gXFOGu8E_UU,UCm3RYOItKT_P0-oRCkkSMZw,3,0,0,0,0,0.0,7.94,28.67
gXa9cqOHNYk,UCVRU0wQxaEQdq0CKQHfifZg,1,0,0,0,0,0.0,0.0,0.0
gZeDlJuiuwQ,UCP4STX85lq_fpEtvQcq_5fw,6338,26,0,1,11,1.601,9.09,155.32
g_CGeudYeF0,UCSlOhfr5f-RPRP50yRri1uA,18,0,0,0,0,0.0,76.01,60.67
g_VKpvVaLzI,UCXJiqB85OD4gnutvJ-gKHsg,165,1,0,0,0,0.206,6.48,420.39
g_WnN3hFLEA,UCeVTtB1kN607CxFrFkiqjgQ,88,1,0,0,0,0.009,45.95,12.91
g_eoup9-j6M,UCxxl4xdZZqRSSz2VfnFBhwA,78,0,0,0,0,0.011,42.4,10.79
gavkWBl0Y2E,UCZFs3JqsRIqtqYgo4HahDUQ,648,30,0,0,1,0.094,53.31,54.73
gax7he2x3as,UCJyOxDvifY5Xw18aNm_I8YQ,14,0,0,0,0,0.0,11.56,9.0
gc1x4uZN2Go,UCp013Ih_EWf3SXO8F4ftIwQ,2096,5,2,0,3,4.15,1.96,96.0
gccCOrIYSAU,UCm3RYOItKT_P0-oRCkkSMZw,1,0,0,0,0,0.0,1.68,20.0
gcocvJIdfxw,UCdtOFTQ1GVPKzvOYsi1ApIw,6,0,0,0,0,0.011,1.22,50.0
gcsDhuSiWEU,UCm3RYOItKT_P0-oRCkkSMZw,10,0,0,0,0,0.002,36.14,29.1
gfe5KN2-Nyw,UCm3RYOItKT_P0-oRCkkSMZw,3,0,0,0,0,0.006,3.36,54.67
gg77oBj69YQ,UC8gDq5ENmiVuJZIVsiZbQ8g,185,1,0,1,0,0.005,78.67,24.91
ggKaSiMbjZc,UCAkSxwl8Lbk2hBXAAfsEFTA,1,0,0,0,0,0.001,25.45,14.0
ggVvheRvQyU,UCxhHKduxLRNAOC_GUHPPf1Q,6,0,0,0,0,0.001,97.22,34.0
ggYrqQcK4iU,UCSlOhfr5f-RPRP50yRri1uA,6,0,0,0,0,0.0,6.0,53.0
ggrawE_xdAc,UCp013Ih_EWf3SXO8F4ftIwQ,730,2,0,0,0,0.02,51.61,9.0
ghK-QsK3ClA,UCdtOFTQ1GVPKzvOYsi1ApIw,2,0,0,0,0,0.0,4.9,328.0
giGRl5VH73s,UCnwjt6PgkKuZC4S1A0yTOFQ,10,0,0,0,0,0.013,3.55,68.0
giLnCNp2IrU,UCk2O5vfW3c_W5YWQ_BoD1Ug,196,3,0,0,0,0.018,37.57,35.41
gj2IXivNmsQ,UCJyOxDvifY5Xw18aNm_I8YQ,4,0,0,0,0,0.0,0.0,0.0
glCeyXxI1yw,UCnwjt6PgkKuZC4S1A0yTOFQ,17,1,0,0,0,0.001,68.39,21.65
glmPj1fdAdQ,UCOfo1ycUYYsMkBRS56TSo3Q,230,0,0,0,0,0.533,1.89,125.75
gm-3N5EjKEU,UCAkSxwl8Lbk2hBXAAfsEFTA,1,0,0,0,0,0.0,0.0,0.0
gnvCG-7NSZM,UC82nFsZOjs5Tr96upPPq9Ww,94,3,0,0,0,0.109,9.7,180.7
gpYwDMmycvo,UCm3RYOItKT_P0-oRCkkSMZw,5,0,0,0,0,0.0,44.27,32.0
gqs3Uh4b6GU,UCkIOcyGqKTJMIIyFHJunYDA,13,0,0,0,0,0.001,26.19,11.08
grW-gc6c-I8,UCxfDVRNK6SoN59v_t3ZJ33A,7,0,0,0,0,0.001,54.7,50.0
grbUL169DhA,UC0GVHmLgrxE2SS8F0C19JVg,2,0,0,0,0,0.0,14.23,9.0
guG6-W4IFG4,UCsbnInDepLdq6o781WVZ-5g,3,0,0,0,0,0.001,0.92,9.0
gurQJCSkkOQ,UCnwjt6PgkKuZC4S1A0yTOFQ,4,0,0,0,0,0.0,17.87,70.0
gvMDtaQ_DmY,UCAkSxwl8Lbk2hBXAAfsEFTA,0,0,0,0,0,0.001,0.0,0.0
gvqqXVqp5aI,UCMGKZD9ggu_Pfo4dkL47cXQ,60,1,0,0,0,0.008,61.09,11.6
gvtKcpkUU-8,UCJw9px5fOp-nwJG6g4gN1ng,180,1,0,0,0,0.018,67.74,26.12
gvzm9gKbFUw,UCm3RYOItKT_P0-oRCkkSMZw,289,3,0,1,0,0.457,12.66,167.41
gwVqEILBY5U,UCm3RYOItKT_P0-oRCkkSMZw,234,0,0,0,1,0.703,12.21,189.09
gyAb3sWeRK4,UC2IjY1Gm6b7pYp-vMJ2R9ig,11795,16,0,1,4,74.037,0.93,77.26
gz1I4xV8Ozg,UCLQ4NoTptaCDG4nUvDLtUoQ,14,0,0,0,0,0.0,7.12,4.29
gzgqmeZXSTQ,UCAkSxwl8Lbk2hBXAAfsEFTA,114,0,0,0,0,0.233,2.14,83.0
h-loOjYd1Vg,UC8gDq5ENmiVuJZIVsiZbQ8g,3,0,0,0,0,0.0,0.41,7.0
h2ASd3BEwaE,UCbnCFV5_c-nGiEQN1anEO5A,1,0,0,0,0,0.0,1.69,25.0
h2uN4pu_Ni8,UCVRU0wQxaEQdq0CKQHfifZg,20,0,0,0,0,0.008,12.87,159.2
h601DWD1_wo,UCl_Nqhf2SGNwv4uvbvs3upg,5,0,0,0,0,0.007,0.18,11.0
h63CIts5_yI,UCnwjt6PgkKuZC4S1A0yTOFQ,94,0,0,0,0,0.001,19.21,21.7
h6KygUYhObU,UCT7ZxKrKqxBvAODr8h_ODkA,74,1,0,0,0,0.127,15.71,187.64
h85sWbB6cWY,UC2IjY1Gm6b7pYp-vMJ2R9ig,3,0,0,0,0,0.0,21.23,273.0
h86C8wShfv4,UC8gDq5ENmiVuJZIVsiZbQ8g,4023,31,0,0,4,0.113,60.23,17.49
h9962HTnvx8,UCk2O5vfW3c_W5YWQ_BoD1Ug,14,0,0,0,0,0.009,3.37,50.71
h9Nn66gPERA,UC77WdDKy6cbCxZkC46eaudA,19,0,0,0,0,0.001,13.89,157.79
h9nYzFwl8Rw,UCXJiqB85OD4gnutvJ-gKHsg,12,0,0,0,0,0.002,97.69,7.67
hA0u-kw-RNg,UCTqUiADoXl9Cq74vCP4FJCQ,22,0,0,0,0,0.0,3.81,220.73
hAC4oima5vg,UCJw9px5fOp-nwJG6g4gN1ng,70,1,0,0,0,0.004,87.52,12.76
hAUR8Ylu-Kc,UCxxl4xdZZqRSSz2VfnFBhwA,10,0,0,0,0,0.007,13.75,199.0
hAgHv56mUoc,UC80LfoIH6FrzHTm6lXTWCKQ,206,2,0,0,0,0.026,74.69,31.0
hCRUMdFrse8,UCMGKZD9ggu_Pfo4dkL47cXQ,1981,14,1,4,7,3.604,9.51,429.0
hCoEFpLr6E0,UCxxl4xdZZqRSSz2VfnFBhwA,41,0,0,0,0,0.01,42.23,16.76
hCtisp7mFw8,UCxxl4xdZZqRSSz2VfnFBhwA,28,0,0,0,0,0.003,88.45,6.64
hDVxn9exPmY,UC8gDq5ENmiVuJZIVsiZbQ8g,5,0,0,0,0,0.0,0.0,0.0
hF-mvhxAHPU,UCkIOcyGqKTJMIIyFHJunYDA,161,4,0,0,0,0.007,69.44,21.78
hHA6h1e1ms4,UCXJiqB85OD4gnutvJ-gKHsg,4,0,0,0,0,0.0,7.02,98.0
hHft5DWNmrM,UC80LfoIH6FrzHTm6lXTWCKQ,2,0,0,0,0,0.0,1.08,15.0
hIR92yDbekw,UCIg97fCjw1HnS8vPqwiHLGA,67,0,0,0,0,0.125,14.34,188.49
hIxZbpG8whc,UCk2O5vfW3c_W5YWQ_BoD1Ug,5822,31,1,3,20,3.637,18.22,289.8
hIy-K3wpIPw,UCSlOhfr5f-RPRP50yRri1uA,202,-1,0,0,0,0.532,5.55,393.19
hK0Qmr2ugM4,UCAkSxwl8Lbk2hBXAAfsEFTA,0,0,0,0,0,0.001,0.0,0.0
hK0l8nEWhHo,UCeVTtB1kN607CxFrFkiqjgQ,12,0,0,0,0,0.06,11.09,362.33
hKExQA-4s0w,UC2IjY1Gm6b7pYp-vMJ2R9ig,5,0,0,0,0,0.001,80.73,19.0
hKPybT_TEOE,UCXJiqB85OD4gnutvJ-gKHsg,5,0,0,0,0,0.0,0.57,20.8
hKfUCX1wgLw,UC2IjY1Gm6b7pYp-vMJ2R9ig,369,0,0,0,0,0.579,2.04,143.93
hKkZUqdlLFQ,UC77WdDKy6cbCxZkC46eaudA,22,0,0,0,0,0.01,14.7,229.45
hL6XAfbo6XI,UCl_Nqhf2SGNwv4uvbvs3upg,0,0,0,0,0,0.0,0.0,0.0
hLxQ_NqM5CE,UC82nFsZOjs5Tr96upPPq9Ww,295,7,0,0,2,0.039,49.22,20.54
hM7OgeSapT4,UCAkSxwl8Lbk2hBXAAfsEFTA,0,0,0,0,0,0.0,0.0,0.0
hMCBhzQHYoA,UCT7ZxKrKqxBvAODr8h_ODkA,11,0,0,0,0,0.0,105.11,46.0
hMN9r9lLJNs,UCxxl4xdZZqRSSz2VfnFBhwA,21,0,0,0,0,0.006,29.74,49.71
hMzTJ_Z9n4k,UCTGoaBFABIBLXcqXzCM5D3A,9,0,0,0,0,0.0,58.95,18.0
hNGTbnWwGiA,UC2IjY1Gm6b7pYp-vMJ2R9ig,0,0,0,0,0,0.0,0.0,0.0
hNV1u0EV7kA,UCsbnInDepLdq6o781WVZ-5g,82,1,0,0,0,0.069,11.35,186.17
hOyMOHjLpkg,UC0GVHmLgrxE2SS8F0C19JVg,6,0,0,0,0,0.001,17.82,12.5
hPbkGk-4uN8,UCl_Nqhf2SGNwv4uvbvs3upg,9,0,0,0,0,0.0,47.13,13.0
hQ8AebTSioU,UCLQ4NoTptaCDG4nUvDLtUoQ,13128,30,0,12,14,26.237,1.93,141.03
hQQziWBHbXo,UCnwjt6PgkKuZC4S1A0yTOFQ,1,0,0,0,0,0.0,27.16,27.0
hRhXNYSKO1Q,UCTqUiADoXl9Cq74vCP4FJCQ,78,0,0,0,0,0.001,25.62,16.56
hTD9CsBqvL0,UCeVTtB1kN607CxFrFkiqjgQ,2046,41,1,0,7,0.201,91.04,24.97
hU5Scv_ahsI,UChhBhc7qJ42rgzAIPe9z6Cg,0,0,0,0,0,0.0,0.0,0.0
hUIXQGG6bY0,UCdtOFTQ1GVPKzvOYsi1ApIw,2246,0,0,0,0,3.735,1.24,23.99
hUhwQ72Ju7o,UCpUrAXv2lzGxM4plYB7CE-A,13,0,0,0,0,0.0,19.68,6.0
hUqGULbMA68,UCSlOhfr5f-RPRP50yRri1uA,13,0,0,0,0,0.0,78.57,65.38
hWXPUETyeik,UCnKHDbf4TM65HyT2XdQaT6Q,88,-1,0,1,0,0.106,14.34,94.0
hWtaoIvHm1c,UCk2O5vfW3c_W5YWQ_BoD1Ug,461,4,0,0,0,0.033,72.47,19.06
hX1sctPVyLg,UCZFs3JqsRIqtqYgo4HahDUQ,573,3,0,0,0,0.827,2.12,132.07
hYDK_kCL0zA,UCL_RZ1IidYQkVQxfimfnPSQ,19,1,0,0,0,0.001,78.16,14.0
hY_TdVKv5Lc,UCxfDVRNK6SoN59v_t3ZJ33A,13,0,0,0,0,0.001,74.3,40.69
hZDSCRznKsU,UCXJiqB85OD4gnutvJ-gKHsg,15,0,0,0,0,0.001,17.66,388.6
h_mj-Osn9kg,UCxhHKduxLRNAOC_GUHPPf1Q,7,0,0,0,0,0.0,32.25,20.71
ha0EYs03isQ,UCxxl4xdZZqRSSz2VfnFBhwA,1,0,0,0,0,0.0,0.84,16.0
hbtXH3bqsIc,UCJw9px5fOp-nwJG6g4gN1ng,421,5,0,0,2,0.017,69.31,20.91
hcLQ-vjPNxo,UCSlOhfr5f-RPRP50yRri1uA,583,6,0,0,0,0.028,57.38,28.0
hcPY49lN2eU,UCSlOhfr5f-RPRP50yRri1uA,30,0,0,0,0,0.067,5.13,47.77
hdb-H7Of9Cc,UC77WdDKy6cbCxZkC46eaudA,448,3,0,0,0,1.121,19.33,295.2
hdeKqqFgQDc,UCOfo1ycUYYsMkBRS56TSo3Q,3981,90,0,0,0,0.181,61.15,18.03
heCPgAJ5VzM,UCkIOcyGqKTJMIIyFHJunYDA,230,3,0,0,1,0.008,45.92,22.69
hfbqHrE3MVk,UCSlOhfr5f-RPRP50yRri1uA,7,0,0,0,0,0.0,10.92,12.29
hfc7Yn0UHq0,UCZem4a64VnhfA4CBw9vM2bg,22,1,0,0,0,0.002,80.42,19.36
hfhVuuyK5II,UC80LfoIH6FrzHTm6lXTWCKQ,3,0,0,0,0,0.001,6.86,7.0
hfmeVOKQwNQ,UCTGoaBFABIBLXcqXzCM5D3A,6251,34,0,0,2,0.0,59.48,18.59
hiqH0gkb_o0,UCxfDVRNK6SoN59v_t3ZJ33A,53,0,0,0,0,0.019,12.62,34.75
hmAwtt_r6Ag,UCxhHKduxLRNAOC_GUHPPf1Q,24,0,0,0,0,0.031,4.95,357.25
hn2eXqAkfoI,UCSlOhfr5f-RPRP50yRri1uA,9,0,0,0,0,0.021,6.45,266.89
hovOXGJA4zk,UC2jHP3YhgMucr6UlgFzRhbA,661,2,0,0,0,0.001,21.65,9.0
hpCgIt4EOhk,UC82nFsZOjs5Tr96upPPq9Ww,5,0,0,0,0,0.001,76.77,45.0
hpIGMIwUmkg,UCpUrAXv2lzGxM4plYB7CE-A,7,0,0,0,0,0.01,2.12,101.0
hphpllKxyQg,UCxxl4xdZZqRSSz2VfnFBhwA,145,-1,0,0,1,0.175,15.66,239.17
hpo8O8TQtzQ,UCctSzoeee7KCnR84dZ6IO7w,3,0,0,0,0,0.0,0.34,9.0
hpo9HUIhDc0,UCx08xHWVSQIiujaTJb8HWYg,990,0,0,0,0,0.55,1.58,115.25
hqCv3tJct9o,UCEFB0gMdnD1NyiZaedHg2hQ,55,2,0,0,0,0.004,48.57,25.55
hryiPTkXqGE,UC0GVHmLgrxE2SS8F0C19JVg,1382,6,0,0,3,2.929,24.24,146.61
hs2DPKKnYqs,UC8gDq5ENmiVuJZIVsiZbQ8g,4,0,0,0,0,0.0,20.45,15.0
hs6OjSDoEn8,UCT7ZxKrKqxBvAODr8h_ODkA,10,0,0,0,0,0.003,15.86,200.9
hs_sknkkQKU,UCL_RZ1IidYQkVQxfimfnPSQ,4,0,0,0,0,0.0,0.0,0.0
htGqYxl1zrU,UCP4STX85lq_fpEtvQcq_5fw,18,0,0,0,0,0.006,13.49,79.5
htxGzkd2Ge0,UCEFB0gMdnD1NyiZaedHg2hQ,109,2,0,0,0,0.154,14.76,70.46
hu9_gK8hIcU,UCqbTAXnwXspcNb7l3UqrOHQ,302,7,0,0,0,0.034,66.21,18.27
huh-lwJrenc,UC0GVHmLgrxE2SS8F0C19JVg,12,1,0,0,0,0.019,10.42,224.0
hvu50tMcAZY,UCxhHKduxLRNAOC_GUHPPf1Q,4,0,0,0,0,0.0,6.13,4.5
hw35mkvtHOY,UCnwjt6PgkKuZC4S1A0yTOFQ,2,0,0,0,0,0.003,0.05,2.0
hwdgX_1rzqI,UCVRU0wQxaEQdq0CKQHfifZg,19,0,0,0,0,0.0,23.12,16.79
hz77PIU1kaw,UCxxl4xdZZqRSSz2VfnFBhwA,34,0,0,0,0,0.006,78.51,35.71
hzX5J-b2BaM,UCxxl4xdZZqRSSz2VfnFBhwA,118,0,0,1,0,0.287,15.46,205.97
hzj2is-Lcu4,UChhBhc7qJ42rgzAIPe9z6Cg,1,0,0,0,0,0.0,0.0,0.0
i-WlHPmAbOs,UCnwjt6PgkKuZC4S1A0yTOFQ,2,0,0,0,0,0.004,5.83,70.0
i1BnhHheJ90,UCk2O5vfW3c_W5YWQ_BoD1Ug,1379,9,0,1,0,0.09,94.71,19.5
i1WPZO-R6r8,UCxfDVRNK6SoN59v_t3ZJ33A,37,1,0,0,0,0.038,13.49,189.46
i1qJpyllJ6Q,UC2jHP3YhgMucr6UlgFzRhbA,8,0,0,0,0,0.001,68.99,24.0
i20wlGui_bY,UC77WdDKy6cbCxZkC46eaudA,721,5,0,0,0,0.74,14.8,251.67
i5Cene3eVbM,UC82nFsZOjs5Tr96upPPq9Ww,6,0,0,0,0,0.001,63.38,27.83
i5Wf2sbRTS4,UCxfDVRNK6SoN59v_t3ZJ33A,43,1,0,0,0,0.004,50.86,30.09
i7lBLPk-6sw,UCAkSxwl8Lbk2hBXAAfsEFTA,8,0,0,0,0,0.014,2.71,104.0
i8cA6oWxwlU,UCAkSxwl8Lbk2hBXAAfsEFTA,0,0,0,0,0,0.0,0.0,0.0
iA5_0mGEnsk,UCxhHKduxLRNAOC_GUHPPf1Q,2,0,0,0,0,0.0,61.13,45.0
iBU_qdqeBcI,UCnwjt6PgkKuZC4S1A0yTOFQ,3,0,0,0,0,0.011,7.39,124.0
iDb2gVzm2Es,UCf3lAEw_WPtcgHMUVAunzSw,10,0,0,0,0,0.0,243.33,70.3
iGo20zz8cKs,UCk2O5vfW3c_W5YWQ_BoD1Ug,21,0,0,0,0,0.046,7.13,123.62
iHME4e0Q6Gg,UCJw9px5fOp-nwJG6g4gN1ng,2102,10,0,3,1,1.371,6.19,159.23
iImPWQssAHM,UCl_Nqhf2SGNwv4uvbvs3upg,2728,2,0,0,0,0.124,1.5,98.0
iJ8-m-brPMI,UCHONLLEtQ4f9yoqa1BWlhSg,3,0,0,0,0,0.0,20.76,10.67
iJkVEyEiorE,UCZem4a64VnhfA4CBw9vM2bg,363,9,1,0,0,1.336,13.99,150.26
iJpiRphzu_0,UCSlOhfr5f-RPRP50yRri1uA,9,0,0,0,0,0.0,2.16,96.89
iKvuTFvMVto,UCT7ZxKrKqxBvAODr8h_ODkA,6,0,0,0,0,0.008,2.46,44.33
iLKqOJY3IQk,UCJw9px5fOp-nwJG6g4gN1ng,328,8,0,0,0,0.025,90.59,29.49
iMSDBtwaLus,UC80LfoIH6FrzHTm6lXTWCKQ,5,0,0,0,0,0.001,59.39,43.0
iOE69y4f9fY,UCxfDVRNK6SoN59v_t3ZJ33A,4,0,0,0,0,0.0,34.98,479.5
iOXFvhg9wAQ,UCeVTtB1kN607CxFrFkiqjgQ,10,0,0,0,0,0.198,4.37,65.9
iOuhPFTZbWY,UCLQ4NoTptaCDG4nUvDLtUoQ,10,0,0,0,0,0.001,10.09,5.5
iP2Gynewmdk,UC2IjY1Gm6b7pYp-vMJ2R9ig,4,0,0,0,0,0.001,27.46,15.5
iPBOXUCzh5g,UC49-b-BhbYoG54YNkwmzg8w,19,1,0,0,0,0.008,8.09,158.84
iPS1t-p1FCE,UCT7ZxKrKqxBvAODr8h_ODkA,1,0,0,0,0,0.0,10.23,84.0
iPiPBUTo-ng,UCZem4a64VnhfA4CBw9vM2bg,141,2,0,0,0,0.011,50.62,14.48
iQZklDZrplk,UCZFs3JqsRIqtqYgo4HahDUQ,128,0,0,0,0,0.707,2.32,180.84
iQhmHBNbXVs,UCk2O5vfW3c_W5YWQ_BoD1Ug,231,3,0,0,0,0.47,13.17,232.78
iQxHe50ve08,UCMGKZD9ggu_Pfo4dkL47cXQ,139,1,0,0,0,0.003,65.02,12.01
iR3H70YUlTU,UCbnCFV5_c-nGiEQN1anEO5A,19,0,0,3,0,0.001,11.0,177.21
iS1hPYiLFDo,UC8gDq5ENmiVuJZIVsiZbQ8g,1150,6,0,0,1,0.032,46.76,15.0
iUYEPgH2Ops,UCxhHKduxLRNAOC_GUHPPf1Q,10,0,0,0,0,0.055,1.01,79.3
iVDxbhXcKtY,UCZem4a64VnhfA4CBw9vM2bg,1463,21,0,0,3,0.126,107.55,24.06
iVOqL4ONDGU,UCxfDVRNK6SoN59v_t3ZJ33A,8,0,0,0,0,0.001,32.43,17.75
iWn185aas5Q,UC2jHP3YhgMucr6UlgFzRhbA,18,0,0,0,0,0.001,43.65,13.0
iahGmx5ThWw,UCVRU0wQxaEQdq0CKQHfifZg,85,2,0,2,1,0.249,3.57,153.0
ibO38t9lAuM,UCAkSxwl8Lbk2hBXAAfsEFTA,21,1,0,1,0,0.243,14.59,246.0
ibzuM55IZY0,UCSlOhfr5f-RPRP50yRri1uA,13,0,0,0,0,0.0,21.65,12.69
ide0ojg4_kI,UCxhHKduxLRNAOC_GUHPPf1Q,30,0,0,0,0,0.02,0.5,23.93
idr08MDeZAI,UCmhHN34V-dphAOk3RXxjb0g,3990,0,0,0,0,1.757,2.45,35.21
ieVLLzmSrH0,UCZFs3JqsRIqtqYgo4HahDUQ,14,0,0,0,0,0.0,60.77,23.5
ifkqNQdXwqQ,UCsbnInDepLdq6o781WVZ-5g,23,3,0,0,0,0.0,58.7,34.78
igMcC1Eqit0,UCdtOFTQ1GVPKzvOYsi1ApIw,4,0,0,0,0,0.0,1.57,65.0
igQeJQrJQOI,UCZFs3JqsRIqtqYgo4HahDUQ,61,2,0,0,0,0.001,13.06,16.66
igSbdLcV9kg,UCLQ4NoTptaCDG4nUvDLtUoQ,302,1,0,0,1,0.242,0.89,73.66
ihUr2nEKsoA,UC0GVHmLgrxE2SS8F0C19JVg,44,0,0,0,0,0.129,14.5,200.82
ihh7fmALOpY,UC2IjY1Gm6b7pYp-vMJ2R9ig,0,0,0,0,0,0.0,0.0,0.0
iijcxbL2pm4,UCctSzoeee7KCnR84dZ6IO7w,1,0,0,0,0,0.0,0.79,12.0
ijXcCnY3D0M,UCxhHKduxLRNAOC_GUHPPf1Q,1,0,0,0,0,0.0,40.39,20.0
inJTwjYbZmQ,UCf3lAEw_WPtcgHMUVAunzSw,382,1,0,0,0,0.006,41.84,12.62
io0WIhZ6hkI,UCp013Ih_EWf3SXO8F4ftIwQ,51,0,0,0,0,0.001,34.53,9.0
iqKFSeWvaDA,UC77WdDKy6cbCxZkC46eaudA,41,-1,0,0,0,0.13,15.64,174.63
iqjJKM2G2bo,UCkIOcyGqKTJMIIyFHJunYDA,201,2,0,0,0,0.233,1.77,58.56
irAMVLZ2BLI,UCxhHKduxLRNAOC_GUHPPf1Q,4,0,0,0,0,0.001,6.77,4.0
isJxZ-sdvDw,UCZem4a64VnhfA4CBw9vM2bg,18,0,0,0,0,0.002,35.64,25.0
ise0wC0xLE8,UCkIOcyGqKTJMIIyFHJunYDA,137,1,0,0,0,0.007,30.45,17.15
iuB5adCQKzM,UCAkSxwl8Lbk2hBXAAfsEFTA,5,0,0,0,0,0.001,43.96,22.0
ivkZEQWOM40,UCx08xHWVSQIiujaTJb8HWYg,5,1,0,0,0,0.035,18.18,662.8
iwglvmaLGqc,UCpUrAXv2lzGxM4plYB7CE-A,4150923,3995,1,999,2495,4131.552,0.85,55.01
ixRGT7swKkg,UCSlOhfr5f-RPRP50yRri1uA,12,0,0,0,0,0.0,0.0,0.0
ixyWVYdzLUM,UCeVTtB1kN607CxFrFkiqjgQ,48,1,0,0,0,0.007,73.92,21.88
iyu-ktiDxlY,UCxxl4xdZZqRSSz2VfnFBhwA,259,2,0,0,0,0.012,46.44,17.0
izNF9hBm3mU,UChhBhc7qJ42rgzAIPe9z6Cg,1,0,0,0,0,0.0,3.29,27.0
j-E3K2gteoE,UCxhHKduxLRNAOC_GUHPPf1Q,3,0,0,0,0,0.001,3.38,59.0
j-YHxUSCDcY,UC77WdDKy6cbCxZkC46eaudA,4,0,0,0,0,0.0,0.0,0.0
j-eZ9sXwYYw,UCLQ4NoTptaCDG4nUvDLtUoQ,25,0,0,0,0,0.058,1.48,107.56
j0EvmKLLWaQ,UCTqUiADoXl9Cq74vCP4FJCQ,5,0,0,0,0,0.0,7.67,2.4
j0TCsOwkmBg,UCk2O5vfW3c_W5YWQ_BoD1Ug,19289,112,2,5,25,1.157,50.9,35.0
j0mtCZFwNkc,UC0GVHmLgrxE2SS8F0C19JVg,21,0,0,0,0,0.014,14.12,189.81
j1j-izSFSBY,UCxxl4xdZZqRSSz2VfnFBhwA,152,0,0,0,0,0.139,10.98,154.14
j1wThIqDoF8,UCl_Nqhf2SGNwv4uvbvs3upg,19,0,0,0,0,0.0,36.36,21.0
j2Jya1r6B70,UCZFs3JqsRIqtqYgo4HahDUQ,66,0,0,0,0,0.001,30.84,7.79
j355T6cmyGM,UCc-V01UlW1n8eGLpATLA5gw,301,1,0,0,0,0.102,6.93,238.0
j42N8uWhwAA,UC2IjY1Gm6b7pYp-vMJ2R9ig,0,0,0,0,0,0.0,0.0,0.0
j4eO-pUAPng,UCxfDVRNK6SoN59v_t3ZJ33A,3,0,0,0,0,0.001,7.55,126.33
j69lSklyyLI,UCdtOFTQ1GVPKzvOYsi1ApIw,795,0,0,0,0,0.318,48.82,53.0
j6Waqr70duY,UC01rTYtA_UsuZ5wzxnyHFcg,3,0,0,0,0,0.002,8.02,336.33
j6nl_x9rBLc,UC2IjY1Gm6b7pYp-vMJ2R9ig,7,0,0,0,0,0.0,67.53,35.86
j7K2zD4mmf4,UCk2O5vfW3c_W5YWQ_BoD1Ug,2783,21,1,1,9,4.081,16.55,223.39
j7nYOWqYH4U,UCIg97fCjw1HnS8vPqwiHLGA,8,0,0,0,0,0.001,58.19,65.5
j7zblLpw70Y,UCxhHKduxLRNAOC_GUHPPf1Q,8,0,0,0,0,0.0,73.44,26.75
j9zY1g46LvQ,UCbnCFV5_c-nGiEQN1anEO5A,3,0,0,0,0,0.001,3.93,54.0
jAztWinDfx4,UCp013Ih_EWf3SXO8F4ftIwQ,3974,12,0,1,4,0.241,64.93,13.0
jBBX2Dt6ZOk,UCxhHKduxLRNAOC_GUHPPf1Q,1449,9,0,0,0,0.081,62.21,16.0
jC-DQ4t6mMo,UCAkSxwl8Lbk2hBXAAfsEFTA,4,0,0,0,0,0.023,2.23,42.0
jDBl-CIDwKA,UCLQ4NoTptaCDG4nUvDLtUoQ,152,0,0,0,0,0.089,8.63,55.27
jHOniPz2E4w,UCLQ4NoTptaCDG4nUvDLtUoQ,0,0,0,0,0,0.0,0.0,0.0
jI91nPkWQCc,UC82nFsZOjs5Tr96upPPq9Ww,536,6,0,0,0,0.189,1.06,75.04
jIH1YEfMJ2Y,UCdtOFTQ1GVPKzvOYsi1ApIw,16,0,0,0,0,0.002,50.82,24.0
jIzuOWNCW7E,UC8Fm-ogvMehvbgF0BJjKiuQ,1,0,0,0,0,0.0,33.59,36.0
jLkKo6z7b9c,UCJw9px5fOp-nwJG6g4gN1ng,232,4,0,0,0,0.823,2.39,159.5
jOM5HrGyri4,UCxxl4xdZZqRSSz2VfnFBhwA,21,1,0,0,1,0.002,23.4,116.52
jOVXx2z-drc,UC82nFsZOjs5Tr96upPPq9Ww,3,0,0,0,0,0.0,10.23,6.0
jOaDUg18Kgc,UC8Fm-ogvMehvbgF0BJjKiuQ,1,0,0,0,0,0.0,14.29,5.0
jOknMn2wj60,UCkIOcyGqKTJMIIyFHJunYDA,2561,32,0,2,5,0.097,64.98,23.0
jQLfENiu9QU,UCHONLLEtQ4f9yoqa1BWlhSg,1,0,0,0,0,0.0,6.74,5.0
jQMhu6Ecbo0,UCSlOhfr5f-RPRP50yRri1uA,22,0,0,0,0,0.0,36.9,37.09
jQgi3ZRmMQA,UC80LfoIH6FrzHTm6lXTWCKQ,6,0,0,0,0,0.0,5.2,78.0
jRPGm4SRRJ8,UC0GVHmLgrxE2SS8F0C19JVg,29,0,0,0,1,0.002,46.74,26.45
jRZN2cOrqk8,UCxfDVRNK6SoN59v_t3ZJ33A,24,1,0,0,0,0.003,21.23,21.38
jRZXfid1x04,UCLQ4NoTptaCDG4nUvDLtUoQ,12414,25,1,5,12,16.365,1.74,125.46
jRmlkw-JFbc,UCMGKZD9ggu_Pfo4dkL47cXQ,426,5,0,2,1,0.568,12.66,173.92
jSuK1F0qnTg,UC80LfoIH6FrzHTm6lXTWCKQ,116,2,0,0,0,0.214,11.42,118.0
jV0L_PZWIF8,UCSlOhfr5f-RPRP50yRri1uA,91,2,0,0,0,0.001,49.5,34.2
jVtcD036L4Q,UCsbnInDepLdq6o781WVZ-5g,28,0,0,0,0,0.0,10.81,56.11
jWb3KlXLhDc,UCl_Nqhf2SGNwv4uvbvs3upg,0,0,0,0,0,0.0,0.0,0.0
jWgUCYSEnYg,UChhBhc7qJ42rgzAIPe9z6Cg,1,0,0,0,0,0.0,0.07,1.0
jXUpNuq38Y0,UCIg97fCjw1HnS8vPqwiHLGA,27,1,0,0,0,0.003,92.33,18.37
jYScAdQtuhs,UCxfDVRNK6SoN59v_t3ZJ33A,3,0,0,0,0,0.071,47.56,1163.0
jYdNF6jFb7Q,UC82nFsZOjs5Tr96upPPq9Ww,2216,12,0,0,7,3.655,6.57,272.06
j_6bnVwHeHk,UCm3RYOItKT_P0-oRCkkSMZw,3,0,0,0,0,0.0,105.0,14.0
jc4_RXJGNog,UCnwjt6PgkKuZC4S1A0yTOFQ,3,0,0,0,0,0.0,14.36,302.0
jcLIXn0Zw7g,UC0GVHmLgrxE2SS8F0C19JVg,56,0,0,0,0,0.126,9.59,131.21
jefBLxQ0Zw8,UCdtOFTQ1GVPKzvOYsi1ApIw,5,1,0,0,0,0.001,102.8,28.0
jgOSSwRh0gc,UCSlOhfr5f-RPRP50yRri1uA,137,0,0,0,0,0.003,27.48,24.12
jhNiH_UyPag,UCT7ZxKrKqxBvAODr8h_ODkA,24,1,0,0,0,0.001,57.53,22.21
jiznkTWcPms,UCL_RZ1IidYQkVQxfimfnPSQ,4,0,0,0,0,0.016,20.44,297.0
jkVD_zcbhdI,UCy_zcQwyTyQG6bpwfpHfffw,121,0,0,0,1,0.0,6.06,243.42
jleZN8BwT5Q,UCxfDVRNK6SoN59v_t3ZJ33A,47,1,0,0,0,0.003,40.66,27.51
jlgemNi_e24,UCf3lAEw_WPtcgHMUVAunzSw,19,-1,0,0,0,0.0,58.5,2.89
jmGC7GFqAzM,UCmhHN34V-dphAOk3RXxjb0g,91,1,0,0,0,0.0,15.87,16.0
jmKvlHMr_3s,UCxxl4xdZZqRSSz2VfnFBhwA,29441,671,1,0,53,5.162,84.12,20.59
jmgxfvBTf2k,UC82nFsZOjs5Tr96upPPq9Ww,4,0,0,0,0,0.0,3.04,2.0
jo5xCSbi5bA,UCxxl4xdZZqRSSz2VfnFBhwA,111,3,0,0,0,0.015,81.1,17.7
jr42o7Ixu78,UCAkSxwl8Lbk2hBXAAfsEFTA,2,0,0,0,0,0.001,0.39,17.0
jrHWji9QLrE,UCxfDVRNK6SoN59v_t3ZJ33A,30,0,0,0,0,0.004,63.64,34.0
jrLZFiZBOt0,UC77WdDKy6cbCxZkC46eaudA,192,2,0,0,0,0.052,6.02,84.92
jsAxvlUtE1c,UCSlOhfr5f-RPRP50yRri1uA,21,0,0,0,0,0.0,14.24,8.67
jsuToj1vC1U,UC8Fm-ogvMehvbgF0BJjKiuQ,6,0,0,0,0,0.009,0.62,26.33
jvECgWCfU6s,UCm3RYOItKT_P0-oRCkkSMZw,50,0,0,0,0,0.002,42.09,7.2
jwMPC5rQ5JU,UC77WdDKy6cbCxZkC46eaudA,2,0,0,0,0,0.0,5.18,84.0
jwX6Y-RgBPA,UC3WZLJlwYaCEurdUywF8ibg,1248,0,0,0,0,0.0,17.56,54.21
jy94r2BBcHQ,UCZem4a64VnhfA4CBw9vM2bg,33,0,0,0,0,0.006,69.39,18.94
jyEIgAuZPzI,UCZFs3JqsRIqtqYgo4HahDUQ,82,0,0,0,0,0.05,2.07,113.95
jy_108SRgms,UC8Fm-ogvMehvbgF0BJjKiuQ,1,0,0,0,0,0.0,0.24,2.0
jyjPmyjU2jg,UCZem4a64VnhfA4CBw9vM2bg,161,0,0,0,0,0.224,8.85,142.7
jz1Lwc_GiEw,UC77WdDKy6cbCxZkC46eaudA,12,0,0,0,0,0.01,10.19,167.5
k-3Ltlv825A,UCxxl4xdZZqRSSz2VfnFBhwA,415,8,0,0,0,0.049,69.5,21.17
k-NQUO3A9H4,UCSlOhfr5f-RPRP50yRri1uA,64,1,0,0,0,0.144,1.81,146.91
k-yl4jEpSXU,UC77WdDKy6cbCxZkC46eaudA,2,0,0,0,0,0.001,10.2,85.0
k0WWxrpzIqA,UC2IjY1Gm6b7pYp-vMJ2R9ig,1,0,0,0,0,0.0,24.12,12.0
k0panenbS_E,UCxxl4xdZZqRSSz2VfnFBhwA,1,0,0,0,0,0.002,0.17,8.0
k1eoChhypsU,UCMGKZD9ggu_Pfo4dkL47cXQ,16,0,0,0,0,0.001,45.58,12.56
k1ggFvcoMHg,UCMGKZD9ggu_Pfo4dkL47cXQ,99,0,0,0,0,0.094,6.21,98.56
k2CILSJxpU4,UCVRU0wQxaEQdq0CKQHfifZg,507,5,0,4,3,0.324,6.69,297.97
k3GhYPsRhzg,UCxfDVRNK6SoN59v_t3ZJ33A,3,0,0,0,0,0.0,18.25,66.0
k3V8tf2RyiA,UCZem4a64VnhfA4CBw9vM2bg,279,3,0,0,0,0.029,103.76,13.74
k4wLNlbdnwo,UCZem4a64VnhfA4CBw9vM2bg,390,6,0,0,1,0.499,10.25,152.29
k5pWVx1A5DQ,UCnwjt6PgkKuZC4S1A0yTOFQ,37,0,0,0,0,0.031,2.44,81.0
k6yQcIExqyM,UCLQ4NoTptaCDG4nUvDLtUoQ,94,0,0,0,0,0.037,4.43,61.38
k9Kkh8rcjqc,UCEFB0gMdnD1NyiZaedHg2hQ,23368,188,2,9,25,1.35,88.11,29.0
k9XxKL9OG_E,UCf3lAEw_WPtcgHMUVAunzSw,13,0,0,0,0,0.002,36.55,21.62
k9lFFCa-LgY,UCnwjt6PgkKuZC4S1A0yTOFQ,10,0,0,0,0,0.045,22.47,376.4
k9tJula0x_0,UCxhHKduxLRNAOC_GUHPPf1Q,15,0,0,0,1,0.001,56.35,51.33
k9ugEPgJCtk,UCJyOxDvifY5Xw18aNm_I8YQ,188,1,0,0,0,0.0,27.4,21.0
kBzZjU4LLRc,UCxfDVRNK6SoN59v_t3ZJ33A,4,0,0,0,0,0.001,74.36,45.5
kCV3yURhwAQ,UCVRU0wQxaEQdq0CKQHfifZg,47,0,0,0,0,0.011,1.17,37.72
kDS5qlRmM2Q,UCdtOFTQ1GVPKzvOYsi1ApIw,4,0,0,0,0,0.008,0.4,16.0
kDeaWA2QkS4,UCxxl4xdZZqRSSz2VfnFBhwA,26,1,1,0,0,0.003,68.92,19.46
kEhi95jHExs,UCxfDVRNK6SoN59v_t3ZJ33A,1,0,0,0,0,0.001,1.2,12.0
kFmtTGwj0W8,UCp013Ih_EWf3SXO8F4ftIwQ,1431,5,0,0,0,0.069,69.04,12.0
kFvnOb9JAv4,UC77WdDKy6cbCxZkC46eaudA,160,1,0,0,0,0.156,14.51,181.9
kG8NxhvB7B0,UCf3lAEw_WPtcgHMUVAunzSw,118,0,0,0,0,0.001,67.58,19.41
kGqC2ryVp4g,UCAkSxwl8Lbk2hBXAAfsEFTA,1,0,0,0,0,0.001,56.38,38.0
kIIHUhDRNLY,UCVRU0wQxaEQdq0CKQHfifZg,134,0,0,0,1,0.001,26.15,15.0
kIbLxH6uOAc,UCbnCFV5_c-nGiEQN1anEO5A,1,0,0,0,0,0.001,1.22,22.0
kJYHUQORNn8,UC77WdDKy6cbCxZkC46eaudA,9,0,0,0,0,0.004,3.35,33.11
kKtHzBqSNZA,UCxfDVRNK6SoN59v_t3ZJ33A,13,0,0,0,0,0.001,70.16,48.46
kKx7zHHLN5A,UC82nFsZOjs5Tr96upPPq9Ww,1990,15,1,3,4,2.091,12.92,248.77
kM47emKePi0,UCJw9px5fOp-nwJG6g4gN1ng,127,3,0,0,0,0.012,68.73,20.29
kMK2dVj-_ZU,UCnKHDbf4TM65HyT2XdQaT6Q,23,0,0,0,0,0.015,16.51,170.0
kMifIoA-LdU,UCxfDVRNK6SoN59v_t3ZJ33A,3,0,0,0,0,0.0,2.91,28.67
kOATqsI1aYs,UCxxl4xdZZqRSSz2VfnFBhwA,90,0,0,0,0,0.014,31.27,15.43
kQhdNShGj08,UC8Fm-ogvMehvbgF0BJjKiuQ,4,0,0,0,0,0.016,0.29,10.25
kR2oezMMaVM,UChhBhc7qJ42rgzAIPe9z6Cg,4,0,0,0,0,0.0,3.88,49.0
kRGBpCoe3UA,UC2IjY1Gm6b7pYp-vMJ2R9ig,4,0,0,0,0,0.0,5.69,5.25
kSSwBZJkOcI,UCHONLLEtQ4f9yoqa1BWlhSg,1,0,0,0,0,0.0,0.0,0.0
kSUAAnTHPJM,UCkIOcyGqKTJMIIyFHJunYDA,5254,29,0,0,2,0.164,48.6,16.62
kU0jYSVKYbQ,UCm3RYOItKT_P0-oRCkkSMZw,240,0,0,0,0,0.544,13.61,217.35
kVI5JeQHw7Y,UCAkSxwl8Lbk2hBXAAfsEFTA,5,0,0,0,0,0.014,0.85,21.0
kXC9lIX3TJ0,UC2IjY1Gm6b7pYp-vMJ2R9ig,2,0,0,0,0,0.006,17.95,57.5
kXF7I2iR-zo,UCLQ4NoTptaCDG4nUvDLtUoQ,161,0,0,0,0,0.053,0.97,67.17
kY31TUSp9dw,UCTGoaBFABIBLXcqXzCM5D3A,106,0,0,0,0,0.0,60.24,18.6
kYVcFBUAe2E,UCdtOFTQ1GVPKzvOYsi1ApIw,2,0,0,0,0,0.01,0.0,0.0
kYXjGwL9QFo,UC77WdDKy6cbCxZkC46eaudA,4,0,0,0,0,0.0,2.27,20.5
kYdPKmRW_Zs,UC2IjY1Gm6b7pYp-vMJ2R9ig,62,1,0,0,0,0.068,7.07,118.85
k_Q90yA5Yts,UC0GVHmLgrxE2SS8F0C19JVg,2,0,0,0,0,0.0,40.65,7.0
kaMPfimtb1k,UCZem4a64VnhfA4CBw9vM2bg,370,8,0,0,0,0.043,73.86,24.73
kc-OLCX92eo,UCT7ZxKrKqxBvAODr8h_ODkA,3,0,0,0,0,0.0,23.23,7.0
kcFePoNX4_g,UCqbTAXnwXspcNb7l3UqrOHQ,194,1,0,0,1,0.026,105.9,12.0
kdBZGGbxKRI,UC2IjY1Gm6b7pYp-vMJ2R9ig,3,0,0,0,0,0.0,0.0,0.0
kdWh1fepWKg,UC80LfoIH6FrzHTm6lXTWCKQ,16,0,0,0,0,0.001,11.25,74.0
kdXr6YVFI2o,UCdtOFTQ1GVPKzvOYsi1ApIw,2,0,0,0,0,0.0,0.9,34.0
kecA5dsQAOk,UCLQ4NoTptaCDG4nUvDLtUoQ,130,2,0,0,0,0.125,2.3,174.78
kf8S3QlpdO0,UCf3lAEw_WPtcgHMUVAunzSw,928,4,0,0,2,0.011,113.92,36.8
kfNdnmSXT3E,UC2IjY1Gm6b7pYp-vMJ2R9ig,1,-1,0,0,0,0.0,0.47,5.0
kfZsxGB9PM8,UCTGoaBFABIBLXcqXzCM5D3A,11,0,0,0,0,0.0,88.26,31.09
khJFJoOApHk,UCMGKZD9ggu_Pfo4dkL47cXQ,4,0,0,0,0,0.0,3.13,24.75
khkbidBkSXo,UC77WdDKy6cbCxZkC46eaudA,48,1,0,0,0,0.017,2.58,42.5
khwQ0yEiQ_g,UCTqUiADoXl9Cq74vCP4FJCQ,86,1,0,0,0,0.105,18.47,110.0
kjEJHdmajp4,UCm3RYOItKT_P0-oRCkkSMZw,16,0,0,0,0,0.065,3.82,84.94
kjaK5PxWclQ,UC77WdDKy6cbCxZkC46eaudA,232,4,0,1,0,0.152,7.51,125.1
kjnmZqlxeIk,UCVRU0wQxaEQdq0CKQHfifZg,21,0,0,0,0,0.0,66.27,18.67
kkDU1TcwLG4,UCf3lAEw_WPtcgHMUVAunzSw,1,0,0,0,0,0.0,0.0,0.0
klD63yoRITA,UCLQ4NoTptaCDG4nUvDLtUoQ,6,0,0,0,0,0.004,1.62,99.5
kmsYuFG30Fc,UCSlOhfr5f-RPRP50yRri1uA,29,1,0,0,0,0.0,73.68,38.41
koIEAxErLqI,UCL_RZ1IidYQkVQxfimfnPSQ,0,0,0,0,0,0.0,0.0,0.0
kpJ0mTgI87w,UC80LfoIH6FrzHTm6lXTWCKQ,3,0,0,0,0,0.001,13.02,10.0
kr23HPc0cb4,UC0GVHmLgrxE2SS8F0C19JVg,2,0,0,0,0,0.0,17.69,7.0
ks17BBb8eWo,UCkIOcyGqKTJMIIyFHJunYDA,30,0,0,0,0,0.002,42.2,15.6
ks9btT83QxU,UC77WdDKy6cbCxZkC46eaudA,1,0,0,0,0,0.0,4.78,39.0
ktfKgJaz4bs,UCVRU0wQxaEQdq0CKQHfifZg,414,3,0,0,1,0.171,6.31,85.93
kuRY3Jc8v9I,UCnwjt6PgkKuZC4S1A0yTOFQ,271,0,0,0,0,0.09,56.81,16.94
kuZ42CpnerU,UCpUrAXv2lzGxM4plYB7CE-A,7,0,0,0,0,0.0,0.0,0.0
kwBnUmm-Q4M,UCMGKZD9ggu_Pfo4dkL47cXQ,16,0,0,0,0,0.001,108.73,39.5
kwOzwIUkXKo,UC2IjY1Gm6b7pYp-vMJ2R9ig,1,0,0,0,0,0.0,17.73,7.0
kxTlv0sMtWA,UCnwjt6PgkKuZC4S1A0yTOFQ,90,0,0,0,0,0.0,46.77,34.0
kx_-7Hsm2Vk,UCxfDVRNK6SoN59v_t3ZJ33A,10,0,0,0,0,0.005,16.76,162.0
kz_bRJZAwUc,UCSlOhfr5f-RPRP50yRri1uA,8,0,0,0,0,0.0,0.0,0.0
kzrgCq0L8T8,UC77WdDKy6cbCxZkC46eaudA,454,6,0,2,1,0.839,11.73,155.35
l-6JPBRGejo,UCsbnInDepLdq6o781WVZ-5g,176,3,0,0,1,0.103,6.97,117.37
l-SYR3mg_cg,UC3WZLJlwYaCEurdUywF8ibg,851623,2001,2,2,749,0.0,3.96,125.03
l0CITtpetkI,UCOfo1ycUYYsMkBRS56TSo3Q,1724,0,0,0,0,1.002,2.69,137.92
l1iqr6qxYKM,UC8gDq5ENmiVuJZIVsiZbQ8g,154,0,0,0,0,0.205,3.22,172.68
l2bWt330XUA,UCmhHN34V-dphAOk3RXxjb0g,4622,0,0,0,0,9.71,7.21,128.07
l2r5qVMU6gI,UCIg97fCjw1HnS8vPqwiHLGA,10,0,0,0,0,0.001,79.36,45.8
l3D-tmID4YE,UCSlOhfr5f-RPRP50yRri1uA,19,0,0,0,0,0.0,44.05,43.58
l3U8vBKULq8,UCJw9px5fOp-nwJG6g4gN1ng,137,4,0,0,0,0.015,82.39,18.66
l46eU8eqxHM,UCm3RYOItKT_P0-oRCkkSMZw,42,0,0,0,0,0.044,10.65,209.5
l4BUe3kRfmg,UC82nFsZOjs5Tr96upPPq9Ww,1,0,0,0,0,0.0,3.6,2.0
l4uSorbG_6g,UCf3lAEw_WPtcgHMUVAunzSw,15801,22,1,1,3,21.552,4.05,77.09
l8Eh74xA0Rc,UCeVTtB1kN607CxFrFkiqjgQ,8,0,0,0,0,0.001,79.71,42.5
l8ykXbhwDMU,UCSlOhfr5f-RPRP50yRri1uA,23,0,0,0,0,0.0,64.62,59.39
l9eAyE02ukU,UCAkSxwl8Lbk2hBXAAfsEFTA,4,0,0,0,0,0.011,1.7,93.0
lBbKQQSExtQ,UCnKHDbf4TM65HyT2XdQaT6Q,69,-1,0,3,0,0.031,12.9,65.0
lC1i0lzaoiw,UCm3RYOItKT_P0-oRCkkSMZw,11,0,0,0,0,0.001,39.29,8.55
lDdk0FGj8xI,UCMGKZD9ggu_Pfo4dkL47cXQ,10,0,0,0,0,0.001,5.84,50.4
lF3-sbfmcWU,UCf3lAEw_WPtcgHMUVAunzSw,1,0,0,0,0,0.0,9.59,4.0
lFudeZL-jIY,UCLQ4NoTptaCDG4nUvDLtUoQ,1,0,0,0,0,0.0,0.0,0.0
lGzpNujKc9o,UCeVTtB1kN607CxFrFkiqjgQ,35,1,0,0,0,0.003,28.1,25.4
lH1abVDzyOg,UCT7ZxKrKqxBvAODr8h_ODkA,369,6,0,0,4,0.358,15.97,223.1
lHCRe2NoPzM,UCnwjt6PgkKuZC4S1A0yTOFQ,37,0,0,0,0,0.036,11.37,176.22
lIY-X6r6HWE,UCctSzoeee7KCnR84dZ6IO7w,2,0,0,0,0,0.0,2.19,36.0
lK0EWUTwm_I,UCVRU0wQxaEQdq0CKQHfifZg,19,0,0,0,0,0.059,2.68,102.0
lK6zWhbhoYU,UC49-b-BhbYoG54YNkwmzg8w,194,0,0,0,0,0.113,0.71,43.13
lN1u2sWyE-g,UCJw9px5fOp-nwJG6g4gN1ng,3701,32,0,0,1,0.175,58.4,17.5
lNxJs2Pkufo,UCTGoaBFABIBLXcqXzCM5D3A,20905,115,0,0,12,0.0,70.25,23.0
lOemcjBY7BY,UCf3lAEw_WPtcgHMUVAunzSw,2176,2,0,1,0,2.521,1.18,67.87
lPB1OE7xb0M,UCkIOcyGqKTJMIIyFHJunYDA,157,1,0,0,0,0.013,46.7,15.47
lPT73Z2Y4v4,UCZFs3JqsRIqtqYgo4HahDUQ,2060,5,0,0,1,0.079,67.31,17.05
lRZvUSMpUEY,UCxxl4xdZZqRSSz2VfnFBhwA,5,0,0,0,0,0.0,0.73,11.2
lSJbLUQYUyQ,UCAkSxwl8Lbk2hBXAAfsEFTA,28,0,0,0,0,0.006,2.18,85.0
lSsTXMb8GWU,UCp013Ih_EWf3SXO8F4ftIwQ,19,0,0,0,0,0.0,0.23,17.0
lT1Albc5MvY,UCXJiqB85OD4gnutvJ-gKHsg,76,0,0,0,0,0.209,3.74,73.63
lTQsQDDnzIU,UC0GVHmLgrxE2SS8F0C19JVg,10,0,0,0,0,0.001,65.64,25.4
lU0Ee9r4gfI,UC2IjY1Gm6b7pYp-vMJ2R9ig,7,0,0,0,0,0.004,12.83,73.0
lUaE-bObuac,UCTqUiADoXl9Cq74vCP4FJCQ,11,0,0,0,0,0.0,35.55,19.09
lV8EBnDu-LM,UCT7ZxKrKqxBvAODr8h_ODkA,5,0,0,0,0,0.0,64.4,18.0
lWAUvMNXXSo,UCJw9px5fOp-nwJG6g4gN1ng,82,1,0,0,0,0.01,54.02,19.54
lWRz-Wzwqxk,UCHONLLEtQ4f9yoqa1BWlhSg,2,0,0,0,0,0.0,0.24,4.0
lWYfMClow00,UChhBhc7qJ42rgzAIPe9z6Cg,1,0,0,0,0,0.001,21.33,324.0
lWggsJvhg4k,UCMGKZD9ggu_Pfo4dkL47cXQ,19,1,0,0,0,0.002,76.45,25.84
lWs2Cj7nCqs,UCSlOhfr5f-RPRP50yRri1uA,5,0,0,0,0,0.0,0.0,0.0
lX5YfeM9c_o,UCJyOxDvifY5Xw18aNm_I8YQ,12,0,0,0,0,0.0,28.4,16.0
lX8HUxO5bSk,UCZFs3JqsRIqtqYgo4HahDUQ,165,0,0,0,0,0.009,45.53,13.0
lXERbEX06lo,UCMGKZD9ggu_Pfo4dkL47cXQ,31,-1,0,0,0,0.004,96.29,29.26
lXmuepL8Gpc,UCnwjt6PgkKuZC4S1A0yTOFQ,27,0,0,0,0,0.002,64.13,8.48
lYEzdokVtN4,UCNkelFxYeQTdVdBzl3yaliw,1059,3,1,0,1,0.465,5.6,91.06
lZHvcMPHpXA,UCxhHKduxLRNAOC_GUHPPf1Q,46,0,0,0,0,0.004,54.5,31.91
l_jmHPzuC0I,UCxxl4xdZZqRSSz2VfnFBhwA,1,0,0,0,0,0.0,2.74,27.0
lbu1CSkuvq8,UCZem4a64VnhfA4CBw9vM2bg,31,0,0,0,0,0.001,125.1,54.68
lcQs5L5E1MU,UCctSzoeee7KCnR84dZ6IO7w,56,0,0,0,0,0.001,27.17,30.0
ldCiGOb2ivE,UCLQ4NoTptaCDG4nUvDLtUoQ,115,3,0,0,0,0.007,18.58,13.99
le2CXKdeqD0,UCSlOhfr5f-RPRP50yRri1uA,52,1,0,0,0,0.001,20.59,15.08
lfWi8wFC85A,UCf3lAEw_WPtcgHMUVAunzSw,2,0,0,0,0,0.0,0.0,0.0
lgMhNskSZTE,UCeVTtB1kN607CxFrFkiqjgQ,7,1,0,0,0,0.001,82.97,28.14
li0gQj764UY,UCT7ZxKrKqxBvAODr8h_ODkA,3,0,0,0,0,0.0,3.06,42.0
ljJW5hQ7GK4,UCHONLLEtQ4f9yoqa1BWlhSg,6,0,0,0,0,0.001,94.66,8.0
lk9NUGM1zfc,UCT7ZxKrKqxBvAODr8h_ODkA,14,0,0,0,0,0.0,25.51,21.07
lkAViwdRr4o,UCm3RYOItKT_P0-oRCkkSMZw,2,0,0,0,0,0.0,4.89,59.0
lm3rq7rxW0Y,UC77WdDKy6cbCxZkC46eaudA,2,0,0,0,0,0.0,0.17,1.0
lmYCk9Nux5k,UCk2O5vfW3c_W5YWQ_BoD1Ug,629,3,0,0,0,0.046,51.61,24.49
lpUwYuhBfzI,UCT7ZxKrKqxBvAODr8h_ODkA,2082,12,0,5,6,2.768,13.63,497.56
lrO0MggHzx4,UCT7ZxKrKqxBvAODr8h_ODkA,55,0,0,0,0,0.001,87.61,14.31
lsVZ_R_M6NM,UCx08xHWVSQIiujaTJb8HWYg,3339,16,0,8,7,5.064,4.92,336.67
ltW6KFBRQ0g,UCXJiqB85OD4gnutvJ-gKHsg,4,0,0,0,0,0.002,3.94,51.0
lthP-ox6z_k,UCJw9px5fOp-nwJG6g4gN1ng,75,0,0,0,0,0.009,52.34,20.69
lw7OXZTSldI,UCnwjt6PgkKuZC4S1A0yTOFQ,4,0,0,0,0,0.0,1.01,18.0
lwPsGahXqfo,UC82nFsZOjs5Tr96upPPq9Ww,379,6,0,0,3,0.211,14.07,241.92
lw_d6IjpHfE,UCIg97fCjw1HnS8vPqwiHLGA,24,0,0,0,0,0.004,0.54,25.5
lx5AnIQVR8s,UCp013Ih_EWf3SXO8F4ftIwQ,12,0,0,0,0,0.031,0.89,56.0
lxDJ_MrOPSM,UCAkSxwl8Lbk2hBXAAfsEFTA,138,2,0,0,0,1.08,12.91,491.0
lxTTPAzyMfg,UCxxl4xdZZqRSSz2VfnFBhwA,24,0,0,0,0,0.003,50.1,43.33
lxwlphVRc-4,UCMGKZD9ggu_Pfo4dkL47cXQ,12603,64,2,13,26,7.971,19.24,98.9
lyN3z8GgZAU,UC0GVHmLgrxE2SS8F0C19JVg,277,1,0,1,0,1.033,12.91,259.77
m-U9iOjz6Bs,UCk2O5vfW3c_W5YWQ_BoD1Ug,30,0,0,0,0,0.067,16.79,233.4
m-Yau8z8pFk,UC8gDq5ENmiVuJZIVsiZbQ8g,25,0,0,0,0,0.0,29.59,9.2
m0sPYdPmePY,UCnwjt6PgkKuZC4S1A0yTOFQ,6,1,0,0,0,0.0,17.95,344.0
m5WhPlkIelU,UCkIOcyGqKTJMIIyFHJunYDA,5159,3,0,2,0,6.986,0.95,68.47
m5YWhunXXFQ,UC2IjY1Gm6b7pYp-vMJ2R9ig,9,0,0,0,0,0.001,14.86,134.67
m76_8OxjT4s,UCMGKZD9ggu_Pfo4dkL47cXQ,20,0,0,0,0,0.004,77.28,24.75
m84uiM5WCtI,UCT7ZxKrKqxBvAODr8h_ODkA,10,0,0,0,0,0.002,18.11,320.8
m8fqe9ISZKc,UCZem4a64VnhfA4CBw9vM2bg,37,0,0,1,0,0.004,56.74,14.46
m9nCaTkJ51I,UCbnCFV5_c-nGiEQN1anEO5A,21,0,0,0,1,0.005,6.28,79.05
m9x7y_TQaM4,UCNkelFxYeQTdVdBzl3yaliw,80,2,0,0,0,0.037,1.55,70.42
mBvElF4RsYw,UCZem4a64VnhfA4CBw9vM2bg,434,1,0,3,1,0.052,87.44,17.56
mDTcd1OKg9w,UC0GVHmLgrxE2SS8F0C19JVg,2,0,0,0,0,0.0,6.98,5.0
mGL8-FduX4Q,UC77WdDKy6cbCxZkC46eaudA,6,0,0,0,0,0.005,2.26,40.5
mGpPyL6Rc7c,UCm3RYOItKT_P0-oRCkkSMZw,5,0,0,0,0,0.011,10.33,121.4
mGumL1fJuTU,UCHONLLEtQ4f9yoqa1BWlhSg,1,0,0,0,0,0.0,0.49,6.0
mHSPR4d-mS8,UCTqUiADoXl9Cq74vCP4FJCQ,24,1,0,0,0,0.001,29.61,18.46
mH_JJzRC1_k,UCm3RYOItKT_P0-oRCkkSMZw,131,1,0,0,0,0.166,9.77,129.85
mInLPSAc_yM,UCMGKZD9ggu_Pfo4dkL47cXQ,65,1,0,0,0,0.01,65.46,19.25
mJuClOgAoxI,UCT7ZxKrKqxBvAODr8h_ODkA,62,1,0,0,0,0.011,6.43,203.55
mKWmCCph_3k,UCxfDVRNK6SoN59v_t3ZJ33A,7,0,0,0,0,0.001,106.87,82.29
mKbBHSEkH1w,UC82nFsZOjs5Tr96upPPq9Ww,1,0,0,0,0,0.0,0.75,42.0
mKxqQEcVisw,UCl_Nqhf2SGNwv4uvbvs3upg,0,0,0,0,0,0.0,0.0,0.0
mNU-lhFrtiA,UCp013Ih_EWf3SXO8F4ftIwQ,3040,12,0,0,1,0.132,69.39,11.0
mOe3OFEEkkw,UCAkSxwl8Lbk2hBXAAfsEFTA,1,0,0,0,0,0.001,0.09,1.0
mPsAUXcMJTk,UCHONLLEtQ4f9yoqa1BWlhSg,17,0,0,0,0,0.019,7.59,135.35
mQ7ZX7C0zMU,UCAkSxwl8Lbk2hBXAAfsEFTA,37,0,0,0,0,0.014,2.29,91.0
mQhGlVPxg8s,UCxxl4xdZZqRSSz2VfnFBhwA,59,0,0,0,0,0.007,53.83,15.41
mRqovCqf3cU,UCZem4a64VnhfA4CBw9vM2bg,120,1,0,0,0,0.007,65.53,20.52
mSEJhBmwSyU,UCZFs3JqsRIqtqYgo4HahDUQ,157,0,0,0,0,0.039,7.55,119.64
mSppLLuDzFM,UCMGKZD9ggu_Pfo4dkL47cXQ,3595,24,0,2,9,6.54,14.29,231.88
mTQN_YXHEyA,UC82nFsZOjs5Tr96upPPq9Ww,2,0,0,0,0,0.0,0.0,0.0
mUqcoIUJFMo,UCxfDVRNK6SoN59v_t3ZJ33A,17,0,0,0,0,0.004,25.86,236.41
mVsw-8JKgoc,UCxxl4xdZZqRSSz2VfnFBhwA,31,0,0,0,0,0.005,57.82,15.45
mWKLyxszyiI,UCl_Nqhf2SGNwv4uvbvs3upg,333,4,0,0,2,0.008,78.32,25.0
mXaubYjdCLE,UCZem4a64VnhfA4CBw9vM2bg,21,0,0,0,0,0.003,8.05,118.86
mXcbn0gxIs4,UC2jHP3YhgMucr6UlgFzRhbA,141,0,0,0,0,0.0,71.76,22.0
mYaW9kyHupc,UCxfDVRNK6SoN59v_t3ZJ33A,1,0,0,0,0,0.0,0.0,0.0
mYqtbxT0Nsk,UCkIOcyGqKTJMIIyFHJunYDA,135,1,0,0,0,0.008,38.37,22.26
m_fKjIQoAKc,UC2IjY1Gm6b7pYp-vMJ2R9ig,3,0,0,0,0,0.01,7.14,97.33
m_wQ12cchDg,UCT7ZxKrKqxBvAODr8h_ODkA,17,0,0,0,0,0.001,6.47,214.53
mcNxgkb2iGk,UCeVTtB1kN607CxFrFkiqjgQ,41,2,0,0,0,0.004,54.27,17.17
me5ooU6oYzg,UCIg97fCjw1HnS8vPqwiHLGA,14,0,0,0,0,0.047,15.85,53.29
medU4KddVS0,UCZem4a64VnhfA4CBw9vM2bg,25,-1,0,0,0,0.001,45.35,13.28
mfODmzVN3OI,UCkIOcyGqKTJMIIyFHJunYDA,32,0,0,0,0,0.0,59.45,11.25
mfrR60qgFuE,UCk2O5vfW3c_W5YWQ_BoD1Ug,172,2,0,0,0,0.016,61.42,28.0
mg-LSh_lDWQ,UC0GVHmLgrxE2SS8F0C19JVg,5,0,0,0,0,0.001,47.78,23.8
mgR1BEG1jCw,UC0GVHmLgrxE2SS8F0C19JVg,681,4,0,1,1,1.686,18.36,362.54
mgg9YziPtlI,UCnwjt6PgkKuZC4S1A0yTOFQ,217,3,0,0,0,0.277,11.06,175.3
mgniYP7dFc4,UCSlOhfr5f-RPRP50yRri1uA,0,0,0,0,0,0.0,0.0,0.0
mh5rnB3_tPw,UCJw9px5fOp-nwJG6g4gN1ng,3180,44,0,1,1,0.244,112.55,9.51
mhK9RPBRcXc,UCeVTtB1kN607CxFrFkiqjgQ,48,0,0,0,0,0.004,36.76,12.54
mhlD_ZPZfXA,UC2jHP3YhgMucr6UlgFzRhbA,1695,21,0,0,3,0.114,70.33,21.0
micEZtQQkEQ,UCSlOhfr5f-RPRP50yRri1uA,61,0,0,0,0,0.0,2.39,1.72
mkGRy8cI-Lk,UCnwjt6PgkKuZC4S1A0yTOFQ,35,1,0,0,0,0.002,51.59,12.43
mkYZsaKfZDE,UCJw9px5fOp-nwJG6g4gN1ng,108,1,0,0,0,0.016,58.77,20.7
mkwNlM74xq0,UCHONLLEtQ4f9yoqa1BWlhSg,3,0,0,0,0,0.0,2.31,1.33
ml2maRERWrQ,UCdtOFTQ1GVPKzvOYsi1ApIw,14,0,0,0,0,0.001,4.64,340.0
mlMF1G6mdi0,UCMGKZD9ggu_Pfo4dkL47cXQ,30,0,0,0,1,0.009,10.35,167.0
mmLOm02A8F8,UCl_Nqhf2SGNwv4uvbvs3upg,93,1,0,0,0,0.1,2.94,197.0
mmO_4irViNw,UCpUrAXv2lzGxM4plYB7CE-A,75,0,0,0,0,0.442,3.64,238.0
mmuuPuDokB4,UCf3lAEw_WPtcgHMUVAunzSw,3,0,0,0,0,0.0,24.57,11.0
mnTTvTzlI2g,UCxfDVRNK6SoN59v_t3ZJ33A,1,0,0,0,0,0.0,0.0,0.0
moTgDqG4gzg,UCeVTtB1kN607CxFrFkiqjgQ,205,3,0,0,0,0.012,49.86,43.85
mptcpjukSpU,UCP4STX85lq_fpEtvQcq_5fw,364,1,0,0,0,0.115,21.61,85.46
mqJSnjm5u1U,UCZem4a64VnhfA4CBw9vM2bg,33,1,0,0,0,0.004,70.54,10.55
mr-YVYKhukw,UCxfDVRNK6SoN59v_t3ZJ33A,3,0,0,0,0,0.0,4.49,16.67
mrJ3UyiDzyk,UCJw9px5fOp-nwJG6g4gN1ng,106,2,0,2,0,0.164,15.1,170.08
mspaQd4_BbQ,UCxxl4xdZZqRSSz2VfnFBhwA,16,0,0,0,0,0.002,70.31,34.0
mxM9DITQXa4,UCk2O5vfW3c_W5YWQ_BoD1Ug,868,4,0,0,0,0.058,48.71,27.48
n0CEDt0pow8,UCLQ4NoTptaCDG4nUvDLtUoQ,2,0,0,0,0,0.0,3.04,239.0
n1MhivpVPOM,UC80LfoIH6FrzHTm6lXTWCKQ,27,0,0,0,0,0.003,84.17,34.0
n1hP5HGpXVw,UCdtOFTQ1GVPKzvOYsi1ApIw,8,0,0,0,0,0.001,41.93,24.0
n2-1vXEnlXQ,UCnwjt6PgkKuZC4S1A0yTOFQ,61,0,0,0,0,0.027,7.33,93.56
n3UjA6WUTl4,UChhBhc7qJ42rgzAIPe9z6Cg,1,0,0,0,0,0.0,8.16,8.0
n4ZIuEvJQoo,UCSlOhfr5f-RPRP50yRri1uA,8,0,0,0,0,0.0,71.53,35.5
n5IkEaqsIfM,UC0GVHmLgrxE2SS8F0C19JVg,1380,4,0,0,6,1.672,26.44,171.08
n6VuQJ2Qedc,UCk2O5vfW3c_W5YWQ_BoD1Ug,1496,16,0,1,0,0.111,55.86,26.52
n7P3SGn4ZH8,UCSlOhfr5f-RPRP50yRri1uA,8530,19,3,1,1,22.119,1.08,83.32
n7U0yjVOy_8,UCXJiqB85OD4gnutvJ-gKHsg,3,0,0,0,0,0.001,3.72,44.67
n89eH2OTqhM,UCxfDVRNK6SoN59v_t3ZJ33A,3,0,0,0,0,0.0,2.65,20.0
n8UxFRWIt3E,UCl_Nqhf2SGNwv4uvbvs3upg,73,0,0,0,0,0.134,2.02,98.0
n8nkicTn2RU,UC8Fm-ogvMehvbgF0BJjKiuQ,7,0,0,0,0,0.0,60.95,6.86
n94nzM1TNMo,UCOfo1ycUYYsMkBRS56TSo3Q,2895,0,0,0,0,0.09,75.7,22.97
nA1M5ZInM4U,UCEFB0gMdnD1NyiZaedHg2hQ,23,0,0,0,0,0.01,4.1,68.91
nAGtoPcrTtk,UCxfDVRNK6SoN59v_t3ZJ33A,2,0,0,0,0,0.0,8.31,5.0
nBOAA0O935k,UC80LfoIH6FrzHTm6lXTWCKQ,15,0,0,0,0,0.006,4.38,144.0
nC0HKNN662s,UCZem4a64VnhfA4CBw9vM2bg,394,3,0,0,0,0.792,6.07,222.83
nDIiuLL-ZQw,UCm3RYOItKT_P0-oRCkkSMZw,4,0,0,0,0,0.005,7.09,86.0
nDNdp2xvUKA,UCIg97fCjw1HnS8vPqwiHLGA,13,0,0,0,0,0.021,25.59,350.85
nED91JrtXOU,UCJyOxDvifY5Xw18aNm_I8YQ,3,0,0,0,0,0.0,106.43,14.0
nFGMFjot3qk,UC82nFsZOjs5Tr96upPPq9Ww,32,0,0,0,0,0.044,6.56,104.31
nFLFMRYNSnM,UC2jHP3YhgMucr6UlgFzRhbA,61,1,0,0,0,0.05,1.05,88.0
nG0PPnCdadI,UCLQ4NoTptaCDG4nUvDLtUoQ,507,4,0,0,0,0.023,54.29,32.65
nGIBwFwsUA8,UC0GVHmLgrxE2SS8F0C19JVg,419,3,0,0,1,1.189,16.92,258.17
nGgDgM6yknw,UCl_Nqhf2SGNwv4uvbvs3upg,25,0,0,0,0,0.0,65.52,21.0
nJ2WBbRulU0,UC2IjY1Gm6b7pYp-vMJ2R9ig,4,0,0,0,0,0.0,0.0,0.0
nJeBob4lj2s,UCxfDVRNK6SoN59v_t3ZJ33A,5,0,0,0,0,0.0,1.32,1.2
nLfzZXqqWX0,UCL_RZ1IidYQkVQxfimfnPSQ,66,0,0,0,0,0.022,8.55,64.0
nMOpmlsIvIs,UCIg97fCjw1HnS8vPqwiHLGA,3,0,0,0,0,0.001,0.02,0.0
nPvPwGaSrAk,UCHONLLEtQ4f9yoqa1BWlhSg,10,0,0,0,0,0.001,1.56,11.0
nQC60ORkkj4,UC2IjY1Gm6b7pYp-vMJ2R9ig,545,4,0,0,0,0.76,10.75,175.07
nTzsnddmYiQ,UCSlOhfr5f-RPRP50yRri1uA,8,0,0,0,0,0.0,10.67,260.62
nVITDu-A-1w,UCp013Ih_EWf3SXO8F4ftIwQ,43,0,0,0,0,0.002,53.86,22.0
nW5x0ECNFW8,UC49-b-BhbYoG54YNkwmzg8w,1,0,0,0,0,0.0,16.83,116.0
nWuVKpR-N6M,UCnwjt6PgkKuZC4S1A0yTOFQ,3,0,0,0,0,0.0,0.66,9.67
nXEttZDAcKs,UCmhHN34V-dphAOk3RXxjb0g,3037,0,0,0,0,0.0,0.04,0.03
nXRaAqukraw,UCAkSxwl8Lbk2hBXAAfsEFTA,0,0,0,0,0,0.0,0.0,0.0
nXZvWBcZRZM,UCk2O5vfW3c_W5YWQ_BoD1Ug,685,4,0,0,0,0.001,102.25,26.92
nYmKnLEdelA,UCNkelFxYeQTdVdBzl3yaliw,11,0,0,0,0,0.0,0.28,1.64
nYq8q_ZUtCQ,UCSlOhfr5f-RPRP50yRri1uA,190,0,0,0,0,0.139,1.54,94.51
nZcLIfe4HBI,UCxfDVRNK6SoN59v_t3ZJ33A,874,7,0,1,5,1.142,9.36,435.01
n_V7Gj5UCEc,UC0GVHmLgrxE2SS8F0C19JVg,23,0,0,0,0,0.001,59.28,20.96
naoEfV_dkMU,UCxxl4xdZZqRSSz2VfnFBhwA,41,0,0,0,0,0.008,59.01,19.05
naqxM1tE2WI,UC2IjY1Gm6b7pYp-vMJ2R9ig,196,1,0,0,0,0.026,9.08,105.62
nbDZAyUt4EQ,UCxxl4xdZZqRSSz2VfnFBhwA,52,0,0,0,0,0.006,46.76,13.77
nbg5smnvY_g,UC2IjY1Gm6b7pYp-vMJ2R9ig,353,0,0,0,0,0.952,16.99,265.86
ndg2pX3TYug,UC77WdDKy6cbCxZkC46eaudA,2,0,0,0,0,0.0,2.79,35.0
neWBiAZZMCs,UCSlOhfr5f-RPRP50yRri1uA,11,0,0,0,0,0.0,2.9,40.0
nh2jy6Nn0_s,UCqbTAXnwXspcNb7l3UqrOHQ,167,5,0,0,0,0.023,70.58,22.19
niQk4j1VW_U,UCc-V01UlW1n8eGLpATLA5gw,4,0,0,0,0,0.0,14.94,12.0
nj_4V8YmY7I,UCHONLLEtQ4f9yoqa1BWlhSg,8,0,0,0,0,0.0,2.96,39.0
njzNLwnFL-c,UCEFB0gMdnD1NyiZaedHg2hQ,96,2,0,0,0,0.219,15.3,165.4
nk43TVG_OEI,UCTqUiADoXl9Cq74vCP4FJCQ,2,0,0,0,0,0.0,0.0,0.0
nkPBPoQamYw,UCpUrAXv2lzGxM4plYB7CE-A,16,0,0,0,0,0.0,0.56,44.0
nkWsX-ZKaiM,UChhBhc7qJ42rgzAIPe9z6Cg,171,0,0,0,0,0.23,16.86,136.51
nkq1_cOWUpA,UCkIOcyGqKTJMIIyFHJunYDA,45,0,0,0,0,0.137,1.75,116.11
nlpYPfxzS7c,UCZFs3JqsRIqtqYgo4HahDUQ,1420,12,0,1,2,0.063,42.66,40.1
no--CQb1dKA,UC2IjY1Gm6b7pYp-vMJ2R9ig,11,0,0,0,0,0.0,3.72,26.64
npC-KLjoAwM,UCc-V01UlW1n8eGLpATLA5gw,29,0,0,0,0,0.01,2.3,28.0
nq9hiEHDZCk,UCp013Ih_EWf3SXO8F4ftIwQ,62,1,0,0,1,0.062,1.78,100.0
nrFr_nTqTjg,UCT7ZxKrKqxBvAODr8h_ODkA,16,0,0,0,1,0.0,53.44,9.75
nrZYxtY6rnQ,UCZem4a64VnhfA4CBw9vM2bg,432,4,0,0,3,0.046,54.27,58.89
nriCRe1-ALw,UCT7ZxKrKqxBvAODr8h_ODkA,3,0,0,0,0,0.0,8.91,3.33
ns5aZOGBMGg,UCJw9px5fOp-nwJG6g4gN1ng,11666,337,0,4,14,1.567,82.35,25.0
nuDAGG-zwoI,UCT7ZxKrKqxBvAODr8h_ODkA,133,1,0,2,0,0.016,3.16,64.8
nuMhkKZpCgs,UCSlOhfr5f-RPRP50yRri1uA,24,1,0,0,0,0.0,122.91,50.0
nuOp1IBC4Zw,UCnwjt6PgkKuZC4S1A0yTOFQ,183,0,0,0,0,0.0,0.0,0.0
nuTuXwm51JU,UC0GVHmLgrxE2SS8F0C19JVg,1,0,0,0,0,0.0,22.97,366.0
nuow9B9MOUM,UCLQ4NoTptaCDG4nUvDLtUoQ,5,0,0,0,0,0.0,3.06,250.0
nv7Xm55VceI,UCbnCFV5_c-nGiEQN1anEO5A,1,0,0,0,0,0.0,99.95,1744.0
nwNL1TgWY7Q,UCk2O5vfW3c_W5YWQ_BoD1Ug,507,5,0,0,1,0.039,60.61,32.45
nwUB3nl7vKk,UCl_Nqhf2SGNwv4uvbvs3upg,2161,2,1,1,2,5.35,2.75,184.0
nwf4gqgZVm4,UCTqUiADoXl9Cq74vCP4FJCQ,8,0,0,0,0,0.0,5.65,3.38
nxVpujMXHM8,UCctSzoeee7KCnR84dZ6IO7w,1,0,0,0,0,0.0,0.0,0.0
ny42SQ0z7hc,UC2jHP3YhgMucr6UlgFzRhbA,370,2,0,0,1,0.196,2.51,150.0
nyBYlLj8W0U,UC8Fm-ogvMehvbgF0BJjKiuQ,2,0,0,0,0,0.0,5.44,279.0
nyJ2VepRG1I,UC0GVHmLgrxE2SS8F0C19JVg,2,0,0,0,0,0.0,29.6,7.0
nzZVVKdDQZ0,UCxfDVRNK6SoN59v_t3ZJ33A,40,0,0,0,0,0.006,67.63,34.95
o-pBccTXHDQ,UCdtOFTQ1GVPKzvOYsi1ApIw,1747,0,0,0,0,0.249,0.62,9.99
o-tslLp9328,UCT7ZxKrKqxBvAODr8h_ODkA,5,0,0,0,0,0.0,0.36,14.4
o0e66CiL4KY,UCf3lAEw_WPtcgHMUVAunzSw,7,0,0,0,0,0.0,9.61,2.29
o1CZEUZ3p8c,UC77WdDKy6cbCxZkC46eaudA,65,1,0,0,1,0.155,9.01,99.66
o1ZyRHmXbVg,UCAkSxwl8Lbk2hBXAAfsEFTA,2,0,0,0,0,0.023,39.57,661.0
o1iasfw0Qdg,UCT7ZxKrKqxBvAODr8h_ODkA,105,0,0,0,0,0.0,99.12,17.45
o1w5pGfHO8o,UCl_Nqhf2SGNwv4uvbvs3upg,7,0,0,0,0,0.0,58.13,18.0
o30FzHSUXPo,UC2IjY1Gm6b7pYp-vMJ2R9ig,6,0,0,0,0,0.007,14.54,185.0
o3PtS2IG02U,UCm3RYOItKT_P0-oRCkkSMZw,10,0,0,0,0,0.001,81.98,46.8
o3XdL8H241A,UCJw9px5fOp-nwJG6g4gN1ng,198,4,0,0,0,0.017,80.96,16.34
o4-PFtLfHfg,UC2IjY1Gm6b7pYp-vMJ2R9ig,68,1,0,0,0,0.101,13.01,205.94
o4CJsE4XeHQ,UCc-V01UlW1n8eGLpATLA5gw,3,0,0,0,0,0.0,30.43,17.0
o5wpCX4jxD0,UC0GVHmLgrxE2SS8F0C19JVg,102,0,0,0,0,0.155,29.57,141.76
o6-fE74Hh9w,UCMGKZD9ggu_Pfo4dkL47cXQ,31,0,0,0,0,0.005,56.98,26.45
o6S65xwH7rU,UCAkSxwl8Lbk2hBXAAfsEFTA,1,0,0,0,0,0.006,0.0,0.0
o7JONEUiDUg,UCSlOhfr5f-RPRP50yRri1uA,15,0,0,0,0,0.0,16.28,6.07
o7hc42C4iHg,UCbnCFV5_c-nGiEQN1anEO5A,4,0,0,0,0,0.0,0.81,14.0
o8jKpma4_Po,UCmhHN34V-dphAOk3RXxjb0g,51,0,0,0,0,0.0,29.68,15.0
o8jdP5X1TMU,UCeVTtB1kN607CxFrFkiqjgQ,74,1,0,0,0,0.007,18.46,18.09
o8oEtSv55MQ,UCctSzoeee7KCnR84dZ6IO7w,2,0,0,0,0,0.0,3.54,59.0
o9wuHx1yeiU,UC2IjY1Gm6b7pYp-vMJ2R9ig,3,0,0,0,0,0.0,0.31,5.0
oAuOEBBaTso,UC80LfoIH6FrzHTm6lXTWCKQ,17,0,0,0,0,0.001,46.09,13.0
oAwKSIZVpFI,UC77WdDKy6cbCxZkC46eaudA,7,0,0,0,0,0.021,20.71,311.0
oBYFzopRSIY,UCOfo1ycUYYsMkBRS56TSo3Q,982,9,0,0,4,0.043,74.99,23.0
oDcMlcQV-VU,UCSlOhfr5f-RPRP50yRri1uA,433,2,0,1,0,0.02,51.82,19.0
oDgtWs1vUS8,UCvfQU0Npb-ve-LxUlaAN1GA,1,0,0,0,0,0.0,0.73,7.0
oDp0KNCzLAg,UCkIOcyGqKTJMIIyFHJunYDA,52,1,0,0,0,0.001,65.38,19.88
oDyw521ofT8,UCEFB0gMdnD1NyiZaedHg2hQ,317,3,0,0,1,0.029,70.88,19.88
oE0inMFnW1o,UCxfDVRNK6SoN59v_t3ZJ33A,17,0,0,0,0,0.001,20.11,22.18
oFWKiox9tr4,UCL_RZ1IidYQkVQxfimfnPSQ,27,0,0,0,0,0.003,110.61,16.0
oF_LCacemLg,UC0GVHmLgrxE2SS8F0C19JVg,7,1,0,0,0,0.004,15.51,81.43
oGajJER5E_g,UC8Fm-ogvMehvbgF0BJjKiuQ,1,0,0,0,0,0.0,0.0,0.0
oGhidlqkd6o,UCl_Nqhf2SGNwv4uvbvs3upg,37,0,0,0,0,0.028,3.32,211.0
oGnohVzBc6U,UCJyOxDvifY5Xw18aNm_I8YQ,28,0,0,0,0,0.0,6.27,139.0
oHIRyDmA7V8,UCJw9px5fOp-nwJG6g4gN1ng,653,0,0,0,0,1.397,1.42,123.77
oJmfwCZc9SM,UC2IjY1Gm6b7pYp-vMJ2R9ig,2732,19,1,3,8,1.457,16.63,210.26
oJwt8QtQ7z8,UCMGKZD9ggu_Pfo4dkL47cXQ,9,0,0,0,0,0.001,39.36,9.22
oK8uIcZlZvU,UC0GVHmLgrxE2SS8F0C19JVg,568,2,0,0,0,1.424,21.68,270.27
oKiEpcaq0m0,UC49-b-BhbYoG54YNkwmzg8w,225,0,0,0,0,1.025,3.16,106.72
oL5zC5R9K4I,UC0GVHmLgrxE2SS8F0C19JVg,3,0,0,0,0,0.025,37.86,374.67
oLCVmhDjV64,UCIg97fCjw1HnS8vPqwiHLGA,24,0,0,0,0,0.004,12.87,196.75
oLKpSurYxMc,UC2IjY1Gm6b7pYp-vMJ2R9ig,4,1,0,0,0,0.005,13.66,147.0
oLy-f1AahU8,UCm3RYOItKT_P0-oRCkkSMZw,17,0,0,0,0,0.001,89.8,12.41
oMOrwb6SZ-s,UC80LfoIH6FrzHTm6lXTWCKQ,19,0,0,0,0,0.005,20.3,29.0
oMmSE8BRx0A,UCxhHKduxLRNAOC_GUHPPf1Q,20,2,0,0,1,0.001,64.89,45.4
oNrFMcc7HME,UCJyOxDvifY5Xw18aNm_I8YQ,2,0,0,0,0,0.0,14.95,15.0
oOSXKiN8daQ,UCxxl4xdZZqRSSz2VfnFBhwA,26598,205,1,3,26,3.232,78.05,22.77
oPzg8BYqSEM,UC49-b-BhbYoG54YNkwmzg8w,1,0,0,0,0,0.0,0.49,5.0
oR6ehNlBxLg,UCT7ZxKrKqxBvAODr8h_ODkA,3354,5,0,1,2,0.33,10.85,136.48
oRCnyV_EDrs,UCT7ZxKrKqxBvAODr8h_ODkA,10,0,0,0,0,0.0,64.77,27.0
oS6qCemU5B0,UCTGoaBFABIBLXcqXzCM5D3A,20,0,0,0,0,0.0,2.98,121.8
oSg3MaulhoA,UCLQ4NoTptaCDG4nUvDLtUoQ,64,0,0,0,0,0.833,1.56,126.78
oUF12JCHXIk,UCc-V01UlW1n8eGLpATLA5gw,24,0,0,0,0,0.0,33.89,12.0
oVMq7IyJqrg,UC8gDq5ENmiVuJZIVsiZbQ8g,49,1,0,0,0,0.001,41.17,12.69
oVvF5dW-jQw,UCxxl4xdZZqRSSz2VfnFBhwA,21,0,0,0,0,0.003,32.49,28.43
oVw5Gk0TgZM,UCTqUiADoXl9Cq74vCP4FJCQ,67,0,0,0,0,0.046,0.71,49.52
oWDn1vCbPAE,UCkIOcyGqKTJMIIyFHJunYDA,78,0,0,0,0,0.001,158.28,46.73
oXNh4u3f1ts,UCTqUiADoXl9Cq74vCP4FJCQ,512,1,0,0,1,0.025,30.0,14.46
oXwRxLXejLg,UCHONLLEtQ4f9yoqa1BWlhSg,8,0,0,0,0,0.008,9.41,168.62
oY3AUaXhGQY,UCIg97fCjw1HnS8vPqwiHLGA,8,0,0,0,0,0.001,85.61,47.5
oZ22Rh7R9-k,UCSlOhfr5f-RPRP50yRri1uA,26,0,0,0,0,0.0,44.48,49.92
oZhbXpa_u7k,UCl_Nqhf2SGNwv4uvbvs3upg,24,0,0,0,0,0.021,5.82,435.0
o_9bwyb6vhw,UCAkSxwl8Lbk2hBXAAfsEFTA,1,0,0,0,0,0.01,0.51,9.0
o_NYiR8saR8,UCnwjt6PgkKuZC4S1A0yTOFQ,1,0,0,0,0,0.0,9.4,191.0
oavnKQqXmhY,UCSlOhfr5f-RPRP50yRri1uA,8,0,0,0,0,0.0,4.74,6.5
ocHvBzgCyYk,UC8gDq5ENmiVuJZIVsiZbQ8g,1,0,0,0,0,0.0,0.0,0.0
ocoWG4_ON2k,UCNkelFxYeQTdVdBzl3yaliw,1,0,0,0,0,0.0,0.0,0.0
ododvGWyHfg,UCl_Nqhf2SGNwv4uvbvs3upg,179,2,0,6,0,0.567,3.42,234.0
oe0V-izPcPo,UC2jHP3YhgMucr6UlgFzRhbA,0,0,0,0,0,0.0,0.0,0.0
oeo0tDkOedM,UCsbnInDepLdq6o781WVZ-5g,6,0,0,0,0,0.004,2.61,61.67
of-OQPTLW4c,UCJw9px5fOp-nwJG6g4gN1ng,153,-1,0,0,0,0.526,9.98,367.16
ohTkzWQt0Io,UC80LfoIH6FrzHTm6lXTWCKQ,1,0,0,0,0,0.0,0.0,0.0
ohVZkKc-6Yo,UC2jHP3YhgMucr6UlgFzRhbA,997,1,0,0,0,0.002,14.6,14.0
ohmvbXWsZGM,UCTqUiADoXl9Cq74vCP4FJCQ,996,2,0,0,0,0.367,0.68,49.17
oiUn5dy_CtU,UCIg97fCjw1HnS8vPqwiHLGA,59,0,0,0,0,0.007,96.5,12.98
ojXhfFX5Kxk,UCT7ZxKrKqxBvAODr8h_ODkA,284,3,0,0,0,0.003,31.6,30.04
okmouFQ5gq4,UCf3lAEw_WPtcgHMUVAunzSw,61,0,0,0,0,0.002,52.36,17.0
om5CHrsolVk,UCm3RYOItKT_P0-oRCkkSMZw,7,0,0,0,0,0.043,3.11,44.86
onFFatopJXg,UC77WdDKy6cbCxZkC46eaudA,5,0,0,0,0,0.0,50.16,12.0
onu8QT9Oxfg,UCL_RZ1IidYQkVQxfimfnPSQ,23,0,0,0,0,0.079,28.73,159.0
oomekVljd3A,UC2jHP3YhgMucr6UlgFzRhbA,283,1,0,0,0,0.008,38.58,13.0
opC3v5iJ60s,UCm3RYOItKT_P0-oRCkkSMZw,10453,48,0,11,25,4.361,8.52,157.05
opH_lOASFis,UCnwjt6PgkKuZC4S1A0yTOFQ,3,0,0,0,0,0.0,3.36,35.0
opgOn41npGI,UC2jHP3YhgMucr6UlgFzRhbA,1375,8,0,0,1,0.026,47.26,16.0
oq5kjplD9EI,UCx08xHWVSQIiujaTJb8HWYg,7038,7,0,1,0,10.255,0.64,44.46
or3gmJ1PS50,UC80LfoIH6FrzHTm6lXTWCKQ,2,0,0,0,0,0.0,6.69,89.0
os4IY8gh-cc,UCNkelFxYeQTdVdBzl3yaliw,136,3,0,0,2,0.026,5.28,247.74
osX8TWI4oM8,UCAkSxwl8Lbk2hBXAAfsEFTA,0,0,0,0,0,0.001,0.0,0.0
ossyrYVC-uM,UCEFB0gMdnD1NyiZaedHg2hQ,211,2,0,0,0,0.193,8.7,87.05
out2vqcT1Rs,UCf3lAEw_WPtcgHMUVAunzSw,2370,10,0,2,5,2.998,3.2,221.02
ow4uEnAXaAA,UCSlOhfr5f-RPRP50yRri1uA,167,0,0,0,1,0.01,42.58,22.48
ow7NQ-Ndv88,UCctSzoeee7KCnR84dZ6IO7w,1,0,0,0,0,0.014,43.62,854.0
owRTgkKh9ZE,UCLQ4NoTptaCDG4nUvDLtUoQ,7,0,0,0,0,0.0,1.26,89.86
oxR-9POpWR8,UCT7ZxKrKqxBvAODr8h_ODkA,8,0,0,0,0,0.0,67.77,25.0
oxu7I6FyGs4,UCSlOhfr5f-RPRP50yRri1uA,7,0,0,0,0,0.0,2.82,19.57
p-NPsohkm34,UC77WdDKy6cbCxZkC46eaudA,25,0,0,0,0,0.003,91.33,17.0
p-wUk35jdjg,UCxxl4xdZZqRSSz2VfnFBhwA,57,2,0,0,0,0.011,80.46,21.0
p0-b4dNAoTA,UCMGKZD9ggu_Pfo4dkL47cXQ,31,0,0,0,0,0.005,44.85,27.68
p0APWn9Crag,UCf3lAEw_WPtcgHMUVAunzSw,4883,21,0,0,3,0.052,58.42,8.0
p0ZXhZYSQmE,UCxhHKduxLRNAOC_GUHPPf1Q,6,0,0,0,0,0.001,18.94,10.67
p1wyGGJ0ti4,UCAkSxwl8Lbk2hBXAAfsEFTA,91,1,0,0,0,0.014,22.11,21.0
p2ZRDE03QTM,UCm3RYOItKT_P0-oRCkkSMZw,7,0,0,0,0,0.0,95.88,33.29
p5LjlmN00b8,UCk2O5vfW3c_W5YWQ_BoD1Ug,172,1,0,0,0,0.009,43.77,30.88
p5k8PR-_SlE,UC77WdDKy6cbCxZkC46eaudA,7,0,0,0,0,0.0,13.87,33.71
p75nejlBf20,UCdtOFTQ1GVPKzvOYsi1ApIw,30,0,0,0,0,0.001,33.61,35.0
p78fQAq6CAk,UCLQ4NoTptaCDG4nUvDLtUoQ,1800,5,0,0,1,0.088,28.78,17.58
p7Onp-ZmvqI,UCTqUiADoXl9Cq74vCP4FJCQ,4491,9,0,1,7,20.973,1.72,125.73
p7aREoKHd94,UCp013Ih_EWf3SXO8F4ftIwQ,125,0,0,0,0,0.205,1.72,155.0
p8GLzlSotGI,UCZem4a64VnhfA4CBw9vM2bg,147,3,0,0,0,0.299,12.14,259.21
p8NzREy-tCs,UCOfo1ycUYYsMkBRS56TSo3Q,2080,0,0,0,0,1.12,0.71,39.42
p8qOkvxJrIw,UCZem4a64VnhfA4CBw9vM2bg,8,0,0,0,0,0.002,13.05,7.0
p9cqu1iS-Wk,UCm3RYOItKT_P0-oRCkkSMZw,46,0,0,0,0,0.001,40.51,14.87
p9jE8XnXshA,UCdtOFTQ1GVPKzvOYsi1ApIw,797,0,0,0,0,0.319,18.13,20.98
pAj6hv24SPM,UC2jHP3YhgMucr6UlgFzRhbA,5730,20,0,0,4,0.369,70.18,18.0
pBlL9a1LkcE,UC2jHP3YhgMucr6UlgFzRhbA,1074,5,0,0,2,0.045,53.42,16.0
pD6m2XaZJuw,UCc-V01UlW1n8eGLpATLA5gw,10,0,0,0,0,0.018,5.22,69.0
pDGlyhqT4l4,UCxfDVRNK6SoN59v_t3ZJ33A,10,1,0,0,0,0.001,68.45,60.0
pDPTI32NDEc,UCSlOhfr5f-RPRP50yRri1uA,12,0,0,0,0,0.067,16.27,684.83
pE1-YBTzR60,UCMGKZD9ggu_Pfo4dkL47cXQ,181,1,0,0,0,0.001,79.84,10.0
pEIkcJDhUpU,UCVRU0wQxaEQdq0CKQHfifZg,22,0,0,0,0,0.008,1.77,69.45
pETi48yor8M,UChhBhc7qJ42rgzAIPe9z6Cg,43,-1,0,0,0,0.009,5.48,72.91
pEkMHs4We-s,UCJw9px5fOp-nwJG6g4gN1ng,1652,7,0,1,1,1.759,1.45,128.49
pFSKKtjvsVY,UC82nFsZOjs5Tr96upPPq9Ww,2,0,0,0,0,0.0,0.0,0.0
pGZi-KwKWzw,UCIg97fCjw1HnS8vPqwiHLGA,14,0,0,0,0,0.001,79.56,47.36
pGgj5iZRm14,UCLQ4NoTptaCDG4nUvDLtUoQ,221,4,0,0,0,0.294,3.34,229.62
pHVXHMICgVg,UCf3lAEw_WPtcgHMUVAunzSw,30,0,0,0,0,0.05,4.29,259.67
pI3uiJQ5X5U,UC2IjY1Gm6b7pYp-vMJ2R9ig,1,0,0,0,0,0.0,0.56,5.0
pILChw6fvcE,UC77WdDKy6cbCxZkC46eaudA,2,0,0,0,0,0.0,2.64,41.0
pIjGRXtI3_w,UCk2O5vfW3c_W5YWQ_BoD1Ug,298,0,0,0,0,0.024,56.24,30.95
pMjU078nZks,UC01rTYtA_UsuZ5wzxnyHFcg,291,3,0,0,1,0.591,10.7,202.98
pO2Qi-6EU7Q,UCxfDVRNK6SoN59v_t3ZJ33A,100,2,0,0,0,0.011,39.79,68.64
pOD6PA1EaR4,UC80LfoIH6FrzHTm6lXTWCKQ,2,0,0,0,0,0.001,36.13,28.0
pOM-GnP-EBM,UCdtOFTQ1GVPKzvOYsi1ApIw,78081,456,0,0,454,71.867,7.53,377.99
pOoJt3yVljU,UCSlOhfr5f-RPRP50yRri1uA,39,0,0,0,0,0.002,67.39,43.03
pOsYF06Elg4,UCnwjt6PgkKuZC4S1A0yTOFQ,15,-1,0,0,0,0.003,52.64,23.0
pRHXQ8qEf7o,UCT7ZxKrKqxBvAODr8h_ODkA,7,0,0,0,0,0.0,1.62,31.57
pRaxjxqutjs,UCIg97fCjw1HnS8vPqwiHLGA,48,1,0,0,0,0.003,103.98,20.25
pS2XTnbIkVg,UCdtOFTQ1GVPKzvOYsi1ApIw,488,0,0,0,0,0.161,3.64,5.14
pSoKtniF6Mk,UCsbnInDepLdq6o781WVZ-5g,6,0,0,0,0,0.001,57.41,20.33
pT3BXT_mfbo,UCc-V01UlW1n8eGLpATLA5gw,5,0,0,0,0,0.011,1.49,48.0
pTP_yE1C_xE,UCpUrAXv2lzGxM4plYB7CE-A,363460,3841,0,0,797,9.286,72.97,24.0
pUd_vNs_p6Q,UCxxl4xdZZqRSSz2VfnFBhwA,480,9,0,0,0,0.088,62.83,19.54
pUkGi1O8ifI,UCVRU0wQxaEQdq0CKQHfifZg,455,1,0,0,1,0.423,4.68,185.95
pWScCsSdRUw,UCeVTtB1kN607CxFrFkiqjgQ,35,2,0,0,1,0.007,128.82,62.8
pX-YKTJh29g,UCZFs3JqsRIqtqYgo4HahDUQ,13,0,0,0,0,0.0,19.67,5.92
p_4FjpbSaLU,UCf3lAEw_WPtcgHMUVAunzSw,5,0,0,0,0,0.0,24.6,7.2
p_IDU-55cgs,UCL_RZ1IidYQkVQxfimfnPSQ,13,0,0,0,0,0.001,92.9,17.0
p_KfpYs8xxI,UCxfDVRNK6SoN59v_t3ZJ33A,201,0,0,0,0,0.016,1.3,50.24
pa1VIkqKzGA,UCSlOhfr5f-RPRP50yRri1uA,140,1,0,0,0,0.011,63.82,15.54
pbHGDapNF2c,UC8Fm-ogvMehvbgF0BJjKiuQ,7,0,0,0,0,0.0,37.95,10.86
pbRcfErfO0I,UC0GVHmLgrxE2SS8F0C19JVg,172,1,0,0,0,0.144,8.34,114.98
pbyCBX0SOnY,UCT7ZxKrKqxBvAODr8h_ODkA,1,0,0,0,0,0.0,4.51,59.0
pcFShK5Bh5U,UCMGKZD9ggu_Pfo4dkL47cXQ,76,1,0,0,1,0.061,6.01,29.68
pcJQFWp3Edo,UCxfDVRNK6SoN59v_t3ZJ33A,12,0,0,0,0,0.001,47.98,25.42
pcQJYMZd2Lg,UCpUrAXv2lzGxM4plYB7CE-A,34,0,0,0,0,0.028,1.29,96.0
pcsmIiuYhTU,UCLQ4NoTptaCDG4nUvDLtUoQ,22,0,0,0,0,0.172,4.97,383.55
pdXS5uEr_yc,UCxhHKduxLRNAOC_GUHPPf1Q,13,0,0,0,0,0.03,7.07,84.31
peAwDnRUG3s,UC8gDq5ENmiVuJZIVsiZbQ8g,561,6,0,0,2,0.02,62.18,20.26
peIlYS3EK8A,UCZem4a64VnhfA4CBw9vM2bg,64,0,1,0,0,0.048,8.01,91.3
pfuiZ3hSHec,UCJw9px5fOp-nwJG6g4gN1ng,165,2,0,0,1,0.017,89.91,22.15
pfyU6V8g9Hw,UCqbTAXnwXspcNb7l3UqrOHQ,145,0,0,0,0,0.017,70.47,22.97
ph7Ahcktcvs,UCXJiqB85OD4gnutvJ-gKHsg,354,0,0,0,0,0.853,2.08,68.04
phywWdY1Jpo,UCSlOhfr5f-RPRP50yRri1uA,60,0,0,0,0,0.001,38.77,34.5
pj5iEW4a81Y,UCSlOhfr5f-RPRP50yRri1uA,285,1,0,0,0,0.014,148.88,72.68
pjQkepUqa28,UCpUrAXv2lzGxM4plYB7CE-A,82,0,0,0,0,0.004,63.41,20.0
pkYaI75iKdk,UCxxl4xdZZqRSSz2VfnFBhwA,12,0,0,0,0,0.002,30.12,9.83
pkx5Ob20yL8,UCeVTtB1kN607CxFrFkiqjgQ,1035,15,0,0,1,0.058,60.18,19.51
plCSItbtbmQ,UC0GVHmLgrxE2SS8F0C19JVg,23,0,0,0,0,0.079,8.81,116.35
pliRaSbIwIo,UCSlOhfr5f-RPRP50yRri1uA,155,0,0,0,0,0.003,51.03,13.94
pnJmU1BXTAw,UCJw9px5fOp-nwJG6g4gN1ng,4405,221,2,3,2,0.424,89.03,29.0
pnWwVIHpxjA,UCP4STX85lq_fpEtvQcq_5fw,70,1,0,0,0,0.007,8.84,82.14
po6KjNes33g,UC0GVHmLgrxE2SS8F0C19JVg,3,0,0,0,0,0.0,96.11,23.0
pozuBSKezDk,UCxxl4xdZZqRSSz2VfnFBhwA,137,0,0,1,0,0.104,8.85,192.34
pqZKbH2nRwk,UCT7ZxKrKqxBvAODr8h_ODkA,10,0,0,0,0,0.0,25.11,13.0
pqs88_dv10I,UCdtOFTQ1GVPKzvOYsi1ApIw,159,0,0,0,0,0.0,0.0,0.0
prnJHo1VeR4,UC0GVHmLgrxE2SS8F0C19JVg,9,0,0,0,0,0.001,111.86,6.22
psANdINizRc,UC2IjY1Gm6b7pYp-vMJ2R9ig,4249,27,0,4,12,6.391,17.11,304.54
psCZObSYw1Y,UCZFs3JqsRIqtqYgo4HahDUQ,117,0,0,0,0,0.339,3.09,229.88
pspySESrRiU,UCpUrAXv2lzGxM4plYB7CE-A,0,0,0,0,0,0.0,0.0,0.0
ptErqmOh-Kk,UCSlOhfr5f-RPRP50yRri1uA,9,0,0,0,0,0.0,12.89,17.78
pvtPL8wQJM4,UCxxl4xdZZqRSSz2VfnFBhwA,2,0,0,0,0,0.002,41.1,317.5
pwbddyUo840,UCxfDVRNK6SoN59v_t3ZJ33A,10,0,0,0,0,0.0,27.65,98.4
pwq0_MFDguA,UC0GVHmLgrxE2SS8F0C19JVg,234,0,0,0,0,0.82,19.63,231.56
pxJBKKMdJ8A,UCMGKZD9ggu_Pfo4dkL47cXQ,7,0,0,0,0,0.001,67.44,29.14
pxnxhZRQjSI,UC2IjY1Gm6b7pYp-vMJ2R9ig,325,3,0,1,0,0.582,9.73,174.78
py2hEc1f0p0,UCMGKZD9ggu_Pfo4dkL47cXQ,48,0,0,0,0,0.029,6.41,99.19
pyHVKQ7_Ci8,UCsbnInDepLdq6o781WVZ-5g,3,0,0,0,0,0.0,0.0,0.0
q-0bR6ngGbU,UCIg97fCjw1HnS8vPqwiHLGA,9,0,0,0,0,0.002,1.37,17.67
q-CTS9Fmed0,UC77WdDKy6cbCxZkC46eaudA,4,0,0,0,0,0.0,14.76,12.0
q-LKi8r2nrM,UCTqUiADoXl9Cq74vCP4FJCQ,839,8,0,0,1,0.323,2.38,179.81
q-budnspnI8,UCm3RYOItKT_P0-oRCkkSMZw,274,2,0,0,0,0.047,17.32,42.03
q1_aHbCbwtk,UCSlOhfr5f-RPRP50yRri1uA,29,0,0,0,0,0.012,0.49,37.59
q1p-Y7EjxXU,UC82nFsZOjs5Tr96upPPq9Ww,3,0,0,1,0,0.004,0.65,48.33
q25GQ9FyEoA,UC0GVHmLgrxE2SS8F0C19JVg,237,0,0,0,0,0.603,15.99,90.46
q3uIaeDyUPM,UCP4STX85lq_fpEtvQcq_5fw,1150,3,0,2,1,1.559,14.22,139.13
q3zzGfYhggE,UCm3RYOItKT_P0-oRCkkSMZw,5,0,0,0,0,0.0,9.16,36.4
q4PxOVvwfl4,UCnwjt6PgkKuZC4S1A0yTOFQ,2,0,0,0,0,0.0,0.0,0.0
q5-4sj7pXa4,UCxfDVRNK6SoN59v_t3ZJ33A,1,0,0,0,0,0.0,42.99,28.0
q5lnQV-OQBk,UCOfo1ycUYYsMkBRS56TSo3Q,1739,0,0,0,0,0.091,20.64,6.22
q78BB-1L6dU,UCnwjt6PgkKuZC4S1A0yTOFQ,6,0,0,0,0,0.0,0.0,0.0
q8qNiTC6-ZY,UCT7ZxKrKqxBvAODr8h_ODkA,3,0,0,0,0,0.0,0.12,1.0
q8yfV51jwL8,UCxhHKduxLRNAOC_GUHPPf1Q,25,0,0,0,0,0.001,30.28,22.4
q9AZU6Q_smo,UCLQ4NoTptaCDG4nUvDLtUoQ,365,1,0,2,0,0.906,1.4,112.73
q9RGWylgC7Y,UCpUrAXv2lzGxM4plYB7CE-A,7,0,0,0,0,0.0,1.04,42.0
qA4gVd2ML10,UCxxl4xdZZqRSSz2VfnFBhwA,12,0,0,0,0,0.003,44.43,27.33
qA5cygIQzOw,UCZem4a64VnhfA4CBw9vM2bg,17,0,0,0,0,0.002,53.46,16.12
qB92qBbY1vg,UCXJiqB85OD4gnutvJ-gKHsg,35,0,0,0,0,0.008,5.14,209.57
qCH0TbWu86A,UCbnCFV5_c-nGiEQN1anEO5A,21,0,0,0,0,0.001,18.6,313.19
qClnJ3VshzY,UCxhHKduxLRNAOC_GUHPPf1Q,3,0,0,0,0,0.0,13.36,8.0
qDCp91FnwpE,UCdtOFTQ1GVPKzvOYsi1ApIw,7,0,0,0,0,0.0,0.15,7.0
qDLmQIju6UE,UCmhHN34V-dphAOk3RXxjb0g,2066,11,1,0,0,0.025,61.58,19.0
qFr0jXVXZYw,UC80LfoIH6FrzHTm6lXTWCKQ,1147,12,0,0,7,0.656,13.67,234.0
qI3X8Hlfa8E,UCxxl4xdZZqRSSz2VfnFBhwA,3,0,0,0,0,0.02,3.13,77.0
qIXFdENpYL4,UC2IjY1Gm6b7pYp-vMJ2R9ig,3,0,0,0,0,0.0,11.01,44.67
qJcoRaEIqOc,UCSlOhfr5f-RPRP50yRri1uA,93,0,0,0,0,0.0,29.74,30.13
qJnQxMbRPuY,UCT7ZxKrKqxBvAODr8h_ODkA,17,2,0,0,0,0.003,16.46,544.35
qK2_LUhIq8c,UCHONLLEtQ4f9yoqa1BWlhSg,1,0,0,0,0,0.0,0.0,0.0
qKPDoqJ23ZU,UCAkSxwl8Lbk2hBXAAfsEFTA,0,0,0,0,0,0.0,0.0,0.0
qKeaXN_S404,UC2IjY1Gm6b7pYp-vMJ2R9ig,7,0,0,0,0,0.001,59.2,19.57
qKvOZGEEork,UCEFB0gMdnD1NyiZaedHg2hQ,217,3,0,0,1,0.015,74.13,28.4
qLBlZnV6FSk,UCl_Nqhf2SGNwv4uvbvs3upg,76,0,0,0,0,0.004,52.92,17.0
qLOVnpwQxoI,UC01rTYtA_UsuZ5wzxnyHFcg,10,0,0,0,0,0.0,11.24,11.2
qLRojm0ezxE,UCnKHDbf4TM65HyT2XdQaT6Q,61,0,0,1,0,0.021,5.66,40.0
qMSyFGHB0Hg,UCdtOFTQ1GVPKzvOYsi1ApIw,2,0,0,0,0,0.0,0.0,0.0
qMeA7C2mgeg,UCMGKZD9ggu_Pfo4dkL47cXQ,19,0,0,0,0,0.003,77.61,22.53
qMqh4Ced27I,UCAkSxwl8Lbk2hBXAAfsEFTA,1,0,0,0,0,0.0,0.94,21.0
qN0pq87O0YE,UCxxl4xdZZqRSSz2VfnFBhwA,182,1,0,1,0,0.214,15.98,270.29
qNUzzqf2aB0,UC77WdDKy6cbCxZkC46eaudA,3979,25,1,4,10,4.14,14.18,216.11
qNXyYlcP584,UCJw9px5fOp-nwJG6g4gN1ng,70,0,0,0,0,0.06,10.75,130.36
qOYOeySGm6s,UCT7ZxKrKqxBvAODr8h_ODkA,7,0,0,0,0,0.0,36.66,21.0
qP5KjRmNLBI,UC82nFsZOjs5Tr96upPPq9Ww,2,0,0,0,0,0.0,120.0,99.0
qPkLY-vmD_I,UCdtOFTQ1GVPKzvOYsi1ApIw,2746,0,0,0,1,3.744,34.1,98.91
qQEaAZ8Mh4o,UCxfDVRNK6SoN59v_t3ZJ33A,26,0,0,0,0,0.002,53.32,28.85
qSawJwJURW0,UCnwjt6PgkKuZC4S1A0yTOFQ,2,0,0,0,0,0.008,4.15,47.0
qU42RawZuHQ,UCmhHN34V-dphAOk3RXxjb0g,1495,19,0,0,4,0.021,48.62,40.0
qV1M7kJxQyg,UCZem4a64VnhfA4CBw9vM2bg,94,0,0,0,0,0.237,9.09,105.11
qW68V9V86Hk,UCSlOhfr5f-RPRP50yRri1uA,108,3,0,0,0,0.01,9.37,30.44
qWPqZmlz2AY,UCk2O5vfW3c_W5YWQ_BoD1Ug,407,1,0,0,0,0.67,14.22,162.89
qWz5EtR7S9k,UCTqUiADoXl9Cq74vCP4FJCQ,226,0,0,0,0,0.007,36.97,20.18
qX-9ocLsWqI,UCJw9px5fOp-nwJG6g4gN1ng,201,4,0,0,0,0.02,68.59,19.7
qXjqxWD6BdY,UCHONLLEtQ4f9yoqa1BWlhSg,3,0,0,0,0,0.008,4.3,97.0
qYWvcYXWnU4,UCeVTtB1kN607CxFrFkiqjgQ,2,0,0,0,0,0.0,0.0,0.0
qY_7uz2oYA8,UCxxl4xdZZqRSSz2VfnFBhwA,287,-1,0,0,2,0.565,12.09,167.32
qb6p8g0CIDs,UC77WdDKy6cbCxZkC46eaudA,11,0,0,0,0,0.039,11.2,130.36
qbXsgL6g9Xw,UCeVTtB1kN607CxFrFkiqjgQ,79,1,0,0,0,0.008,72.54,20.62
qcFeVGtggzE,UCP4STX85lq_fpEtvQcq_5fw,88,0,0,0,0,0.121,6.5,118.31
qcY3udPnih8,UC0GVHmLgrxE2SS8F0C19JVg,4,0,0,0,0,0.0,79.59,49.5
qd1_LuvV6dA,UCIg97fCjw1HnS8vPqwiHLGA,58,0,0,0,0,0.006,51.58,51.93
qdMIiieQxbg,UCsbnInDepLdq6o781WVZ-5g,8,0,0,0,0,0.0,52.46,36.62
qeIpDiFhkjU,UCp013Ih_EWf3SXO8F4ftIwQ,35,0,0,0,0,0.017,4.01,239.0
qfwEusExTEs,UC0GVHmLgrxE2SS8F0C19JVg,67,0,0,0,0,0.022,8.16,129.52
qgH28Lj6hKw,UCbnCFV5_c-nGiEQN1anEO5A,1,0,0,0,0,0.0,0.0,0.0
qgW4dJOEAJA,UCqbTAXnwXspcNb7l3UqrOHQ,88,1,0,0,0,0.01,97.34,28.92
qh5WVwtbvnQ,UCk2O5vfW3c_W5YWQ_BoD1Ug,117,0,0,0,0,0.009,33.02,17.0
qh7XONsX2SM,UC0GVHmLgrxE2SS8F0C19JVg,2,0,0,0,0,0.0,7.08,9.0
qhVeefM5dtw,UCT7ZxKrKqxBvAODr8h_ODkA,2,0,0,0,0,0.0,0.15,2.0
qhwh9qwKA-4,UCdtOFTQ1GVPKzvOYsi1ApIw,1,0,0,0,0,0.0,2.21,14.0
qjLkPmmr1Qo,UC0GVHmLgrxE2SS8F0C19JVg,40,0,0,0,0,0.008,6.11,78.42
qk-0YigaH1c,UCmhHN34V-dphAOk3RXxjb0g,1437,0,0,0,0,0.001,3.02,41.03
qkPxKpiqygc,UCJw9px5fOp-nwJG6g4gN1ng,8058,107,2,2,0,0.593,84.42,19.62
qkYdNBE4P8c,UCHONLLEtQ4f9yoqa1BWlhSg,1,0,0,0,0,0.002,0.27,4.0
qlC3FToY5jM,UCxfDVRNK6SoN59v_t3ZJ33A,2,0,0,0,0,0.0,15.15,15.0
qlEn4qM7Cz8,UCm3RYOItKT_P0-oRCkkSMZw,1286,1,0,2,0,0.436,2.15,30.48
qmZdFsxaBL8,UCpUrAXv2lzGxM4plYB7CE-A,141,2,0,0,0,0.007,56.42,34.0
qmhI-sDbZek,UCSlOhfr5f-RPRP50yRri1uA,13,0,0,0,0,0.0,23.65,21.15
qn1570vurFU,UCc-V01UlW1n8eGLpATLA5gw,1,0,0,0,0,0.0,0.0,0.0
qnxrR-wc-RA,UCTqUiADoXl9Cq74vCP4FJCQ,11,0,0,0,0,0.0,0.0,0.0
qojIhV_-5M8,UCLQ4NoTptaCDG4nUvDLtUoQ,1641,7,0,2,0,0.754,3.53,245.89
qpoLQwIOe7I,UCJw9px5fOp-nwJG6g4gN1ng,282,4,0,0,0,0.017,64.67,19.35
qqKbujlBZjU,UCsbnInDepLdq6o781WVZ-5g,2,0,0,0,0,0.0,0.0,0.0
qr3jUR7pXqQ,UCZem4a64VnhfA4CBw9vM2bg,24,1,0,0,0,0.004,46.34,16.58
qrwZzsNajA0,UCl_Nqhf2SGNwv4uvbvs3upg,19,0,0,0,0,0.017,2.31,148.0
qs8Y7Yvk0ro,UC82nFsZOjs5Tr96upPPq9Ww,1,0,0,0,0,0.0,81.04,52.0
qszwu__75jY,UCJw9px5fOp-nwJG6g4gN1ng,321,6,0,0,2,0.021,82.38,24.14
qtnTKIXsJz0,UCxxl4xdZZqRSSz2VfnFBhwA,125,1,0,0,0,0.196,6.88,126.8
quQx-QdpXUc,UC8gDq5ENmiVuJZIVsiZbQ8g,2,0,0,0,0,0.0,4.49,3.0
quiJAJjfSQg,UCvfQU0Npb-ve-LxUlaAN1GA,120,2,0,0,0,0.96,1.62,122.0
qvFdw_IyH-U,UC80LfoIH6FrzHTm6lXTWCKQ,13,0,0,0,0,0.001,97.82,61.0
qwl8HzCO_Xw,UCk2O5vfW3c_W5YWQ_BoD1Ug,1155,5,0,0,2,1.328,12.02,190.54
qxR_uHf_xKk,UCZem4a64VnhfA4CBw9vM2bg,10,0,0,0,0,0.0,57.18,18.9
qxTydH6HrUE,UCIg97fCjw1HnS8vPqwiHLGA,23,1,0,0,0,0.024,11.81,131.17
qxt-nWFlzp8,UCpUrAXv2lzGxM4plYB7CE-A,209,1,0,0,2,0.17,2.14,111.0
qzDL4Ej-yhA,UChhBhc7qJ42rgzAIPe9z6Cg,1,0,0,0,0,0.0,0.0,0.0
r-eyWmQysig,UCkIOcyGqKTJMIIyFHJunYDA,294,2,0,0,0,0.026,48.62,15.45
r-kVRVvtIXc,UCT7ZxKrKqxBvAODr8h_ODkA,0,0,0,0,0,0.0,0.0,0.0
r-pGq9m7E9k,UC2IjY1Gm6b7pYp-vMJ2R9ig,5,0,0,0,0,0.0,12.43,4.2
r1DfH3jDm8Y,UCkIOcyGqKTJMIIyFHJunYDA,98,1,0,0,0,0.006,67.86,24.24
r1xw8CxVJgo,UCL_RZ1IidYQkVQxfimfnPSQ,1412,11,0,0,4,0.786,41.58,115.0
r2XUPngUuFk,UCT7ZxKrKqxBvAODr8h_ODkA,2,0,0,0,0,0.0,90.88,51.0
r3qAoaopuOE,UC2IjY1Gm6b7pYp-vMJ2R9ig,1,0,0,0,0,0.0,0.0,0.0
r4C4cf78hVo,UCSlOhfr5f-RPRP50yRri1uA,139,5,0,1,0,0.295,2.82,150.87
r4K7sEDciWM,UCpUrAXv2lzGxM4plYB7CE-A,26,0,0,0,0,0.002,69.99,23.0
r4kft2Y-Hkw,UCxfDVRNK6SoN59v_t3ZJ33A,1,0,0,0,0,0.0,0.0,0.0
r6hOn5YbmIQ,UC0GVHmLgrxE2SS8F0C19JVg,6,0,0,0,0,0.003,4.39,66.0
r6yJTNizbHc,UCT7ZxKrKqxBvAODr8h_ODkA,4,0,0,0,0,0.002,0.2,10.0
r7DTVnT1-Gg,UCk2O5vfW3c_W5YWQ_BoD1Ug,398,4,0,0,0,0.03,78.2,29.61
r7E6ii58Cnw,UCm3RYOItKT_P0-oRCkkSMZw,9,0,0,0,0,0.002,67.0,25.44
r7ZDTN9vKqs,UCnwjt6PgkKuZC4S1A0yTOFQ,5,0,0,0,0,0.002,0.51,11.2
r9Wx7SS9ZZ4,UC2jHP3YhgMucr6UlgFzRhbA,1201,2,0,0,1,0.054,51.55,15.0
rAa8Ab80kjw,UCdtOFTQ1GVPKzvOYsi1ApIw,184,1,0,5,1,0.502,5.68,312.0
rBMlwhSWkUM,UCxhHKduxLRNAOC_GUHPPf1Q,2,0,0,0,0,0.0,73.47,43.0
rBdUXsCCvtc,UCAkSxwl8Lbk2hBXAAfsEFTA,0,0,0,0,0,0.0,0.0,0.0
rBrxQFPCvSQ,UCZFs3JqsRIqtqYgo4HahDUQ,64,0,0,0,0,0.0,18.57,25.03
rCFsfMBXlio,UCf3lAEw_WPtcgHMUVAunzSw,701,5,0,0,2,0.327,12.97,182.71
rChuZImqa14,UCp013Ih_EWf3SXO8F4ftIwQ,15,0,0,0,0,0.0,0.8,49.0
rCqd6VZbOKI,UCAkSxwl8Lbk2hBXAAfsEFTA,12,0,0,0,0,0.002,65.82,34.0
rDCxGgwxWqk,UCXJiqB85OD4gnutvJ-gKHsg,11,0,0,0,0,0.011,16.63,187.09
rE9crU_1TIg,UCxxl4xdZZqRSSz2VfnFBhwA,2,0,0,0,0,0.019,0.64,8.5
rEFsk5qY2zI,UCnwjt6PgkKuZC4S1A0yTOFQ,5,0,0,0,0,0.063,8.33,150.4
rEQKkee_dbo,UC77WdDKy6cbCxZkC46eaudA,3,0,0,0,0,0.0,33.58,110.67
rFRSPiD0G0g,UC82nFsZOjs5Tr96upPPq9Ww,1,0,0,0,0,0.0,0.0,0.0
rHzASAJk5Uo,UCSlOhfr5f-RPRP50yRri1uA,12,0,0,0,0,0.001,50.64,17.83
rI0FRu5MPJ0,UC49-b-BhbYoG54YNkwmzg8w,0,0,0,0,0,0.0,0.0,0.0
rIQLgItr7N0,UCxhHKduxLRNAOC_GUHPPf1Q,7,0,0,0,0,0.0,104.1,25.71
rIrqS2kTqXM,UCZFs3JqsRIqtqYgo4HahDUQ,81,0,0,0,0,0.002,17.5,14.3
rJKnAg1IR70,UC80LfoIH6FrzHTm6lXTWCKQ,26,1,0,0,0,0.002,81.68,32.0
rKRgA-xp0Ho,UCNkelFxYeQTdVdBzl3yaliw,4,0,0,0,0,0.0,0.59,11.5
rLgPQs1X4gs,UCEFB0gMdnD1NyiZaedHg2hQ,752,4,0,0,0,0.071,76.78,17.53
rNY2qsC7G1o,UCf3lAEw_WPtcgHMUVAunzSw,62764,218,5,29,72,313.276,1.76,122.26
rOLxvfNX1LY,UCZFs3JqsRIqtqYgo4HahDUQ,136,0,0,0,0,0.004,27.24,13.96
rPHxfwqQXhM,UCxxl4xdZZqRSSz2VfnFBhwA,18,0,0,0,0,0.005,20.72,21.67
rPMAvTv1nR8,UCdtOFTQ1GVPKzvOYsi1ApIw,1247,0,0,0,0,0.78,7.07,93.62
rRHjTo0Dj0k,UCMGKZD9ggu_Pfo4dkL47cXQ,70,0,0,0,0,0.01,88.93,15.5
rSrPMAJkq14,UCk2O5vfW3c_W5YWQ_BoD1Ug,350,2,0,0,0,0.023,56.22,39.3
rU5IhbavjPk,UCNkelFxYeQTdVdBzl3yaliw,47,0,0,0,0,0.02,4.59,103.21
rUPTZtJOezA,UC0GVHmLgrxE2SS8F0C19JVg,36,0,0,0,0,0.038,4.75,61.67
rUvEpKv9_KY,UCHONLLEtQ4f9yoqa1BWlhSg,19,0,0,0,0,0.022,17.95,312.37
rV4IxRcw0G8,UCxfDVRNK6SoN59v_t3ZJ33A,68,0,0,0,0,0.043,1.28,58.26
rVNYvxCKHZs,UCxfDVRNK6SoN59v_t3ZJ33A,1,0,0,0,0,0.0,0.0,0.0
rVWtssbVcwE,UCeVTtB1kN607CxFrFkiqjgQ,8,2,0,0,0,0.001,44.03,42.5
rX19zlU_-XY,UCT7ZxKrKqxBvAODr8h_ODkA,39,1,0,0,0,0.025,6.1,81.38
rXZbcPNzKKk,UCxfDVRNK6SoN59v_t3ZJ33A,5,0,0,0,0,0.008,4.43,160.4
rY7xoYGR6HM,UCZem4a64VnhfA4CBw9vM2bg,17,1,0,0,0,0.002,58.78,17.65
rZCHcqshS1c,UCp013Ih_EWf3SXO8F4ftIwQ,923,3,0,0,0,0.036,54.95,13.0
rZuOVt0kBUU,UCT7ZxKrKqxBvAODr8h_ODkA,58,0,0,0,0,0.01,4.08,150.66
rabwe4c1VAw,UCVRU0wQxaEQdq0CKQHfifZg,1125,4,2,0,3,2.298,9.44,234.0
rbh3FjXLJEs,UCL_RZ1IidYQkVQxfimfnPSQ,5,1,0,0,0,0.0,0.0,0.0
rc_HtZWpX2I,UCm3RYOItKT_P0-oRCkkSMZw,2,0,0,0,0,0.0,0.3,5.0
rcawLfuqPtI,UCsbnInDepLdq6o781WVZ-5g,22,0,0,0,0,0.001,67.86,26.27
rdumc5xP8Ds,UCAkSxwl8Lbk2hBXAAfsEFTA,0,0,0,0,0,0.0,0.0,0.0
re6LEAbmXTs,UCAkSxwl8Lbk2hBXAAfsEFTA,1,0,0,0,0,0.0,69.33,41.0
reNgLrWJzu4,UC8gDq5ENmiVuJZIVsiZbQ8g,4,0,0,0,0,0.0,70.45,33.0
relAQYOj1_g,UCl_Nqhf2SGNwv4uvbvs3upg,676,1,0,0,0,1.85,3.59,235.0
rfHuVEEzj0E,UCc-V01UlW1n8eGLpATLA5gw,11,0,0,0,0,0.001,1.67,93.0
rgI_4eYUTMI,UCf3lAEw_WPtcgHMUVAunzSw,636,3,0,0,1,0.019,61.61,18.0
rgKoKhcdxO0,UCIg97fCjw1HnS8vPqwiHLGA,4325,22,0,13,8,6.214,3.26,164.0
rgt1OVIbxzg,UCxfDVRNK6SoN59v_t3ZJ33A,16,0,0,0,0,0.001,8.14,131.81
rhIxQDeki74,UCxfDVRNK6SoN59v_t3ZJ33A,217,3,0,0,0,0.02,55.53,36.14
rj3wRTgkdIM,UCm3RYOItKT_P0-oRCkkSMZw,913,4,0,0,0,0.063,72.35,10.49
rj5H4s0bwJ0,UCAkSxwl8Lbk2hBXAAfsEFTA,106,2,0,0,0,0.158,6.35,126.0
rjVK2D5UP8U,UCdtOFTQ1GVPKzvOYsi1ApIw,324,0,0,0,0,0.0,0.0,0.0
rk-yI68H2bc,UCZem4a64VnhfA4CBw9vM2bg,45,0,0,0,0,0.029,6.61,131.47
rkGtvYTHB0U,UCxfDVRNK6SoN59v_t3ZJ33A,91,0,0,0,0,0.139,17.49,145.82
rlyfp7wUzSo,UCbnCFV5_c-nGiEQN1anEO5A,47,0,0,0,0,0.0,6.13,145.87
rmsvNDk_MJQ,UCZem4a64VnhfA4CBw9vM2bg,391,8,0,0,0,0.037,77.88,26.0
rnDAfDCHS-o,UC2jHP3YhgMucr6UlgFzRhbA,286,2,0,0,0,0.0,16.45,14.0
rp-obVnoxXk,UCsbnInDepLdq6o781WVZ-5g,3,0,0,0,0,0.0,0.0,0.0
rpllgg_UlOA,UCJw9px5fOp-nwJG6g4gN1ng,4917,101,2,3,2,0.488,79.64,24.08
rpnIlNvGZmM,UCl_Nqhf2SGNwv4uvbvs3upg,72,0,0,0,0,0.003,55.11,20.0
rqSolWAgbOM,UC49-b-BhbYoG54YNkwmzg8w,7,1,0,0,0,0.004,0.96,10.86
rqh2u9FV_Uw,UCZFs3JqsRIqtqYgo4HahDUQ,12,0,0,0,0,0.0,38.83,14.5
rsXUFOBxSpQ,UC2IjY1Gm6b7pYp-vMJ2R9ig,2,0,0,0,0,0.0,101.75,44.0
rsdoYDTD43U,UCeVTtB1kN607CxFrFkiqjgQ,1,0,0,0,0,0.005,6.3,99.0
rtDvH8D4cZc,UCm3RYOItKT_P0-oRCkkSMZw,9,0,0,0,0,0.0,76.36,23.11
rtGPptz_ysk,UCSlOhfr5f-RPRP50yRri1uA,545,5,0,0,0,0.023,79.42,18.54
rtWVJ2jtzAQ,UC0GVHmLgrxE2SS8F0C19JVg,2,0,0,0,0,0.0,14.79,9.0
rthQBQ0MFnA,UCTGoaBFABIBLXcqXzCM5D3A,113,0,0,0,0,0.0,42.34,13.27
ruIq0EfgeCg,UCxxl4xdZZqRSSz2VfnFBhwA,22,0,0,0,0,0.003,54.85,25.0
ruXYkCpU8f0,UCOfo1ycUYYsMkBRS56TSo3Q,429,3,0,0,0,0.024,53.9,21.29
rvac2IG5PK8,UC82nFsZOjs5Tr96upPPq9Ww,2,0,0,0,0,0.0,0.32,23.0
rwPhpcRHSDU,UCZem4a64VnhfA4CBw9vM2bg,49,0,0,0,0,0.026,10.87,112.43
rwSd5H573t0,UCxhHKduxLRNAOC_GUHPPf1Q,5,0,0,0,0,0.001,48.71,31.8
rwgrJoVteVE,UCnwjt6PgkKuZC4S1A0yTOFQ,1,0,0,0,0,0.0,0.03,0.0
rzLVfj8K2e4,UCT7ZxKrKqxBvAODr8h_ODkA,6,0,0,0,0,0.0,6.75,138.33
rzOdyIsntYA,UCZem4a64VnhfA4CBw9vM2bg,11,0,0,0,0,0.0,11.5,11.73
s-OjjKsvPU0,UC2IjY1Gm6b7pYp-vMJ2R9ig,2,0,0,0,0,0.0,0.0,0.0
s03L_ZHVlqg,UC0GVHmLgrxE2SS8F0C19JVg,3,0,0,0,0,0.0,108.88,4.0
s0K-Q06TleM,UC80LfoIH6FrzHTm6lXTWCKQ,13,2,0,0,0,0.002,36.61,20.0
s1OHnPKcdxE,UC82nFsZOjs5Tr96upPPq9Ww,15,0,0,1,0,0.046,6.1,389.8
s2SBlMUDyVQ,UCT7ZxKrKqxBvAODr8h_ODkA,3029,39,0,1,3,0.084,88.55,19.0
s4-pwnzJctg,UC2IjY1Gm6b7pYp-vMJ2R9ig,5,0,0,0,0,0.001,64.13,24.0
s4A2skAgyFw,UCy_zcQwyTyQG6bpwfpHfffw,72,1,0,0,0,0.0,41.06,11.19
s4DJCqO6K4Y,UC82nFsZOjs5Tr96upPPq9Ww,5,0,0,0,0,0.0,104.69,53.0
s5Hhl155MJw,UCT7ZxKrKqxBvAODr8h_ODkA,829,5,0,0,3,0.787,7.36,289.94
s5dTEHsTbwg,UCqbTAXnwXspcNb7l3UqrOHQ,35,0,0,0,0,0.041,18.19,130.4
s6hXC8CZPvg,UCk2O5vfW3c_W5YWQ_BoD1Ug,3094,60,0,3,8,0.258,74.84,37.6
s7377MIs9ew,UCxxl4xdZZqRSSz2VfnFBhwA,9,0,0,0,0,0.0,4.42,69.22
s8UIxbJrwek,UCZem4a64VnhfA4CBw9vM2bg,1208,29,0,1,1,0.135,69.62,28.0
sCFJaFeBvIs,UCSlOhfr5f-RPRP50yRri1uA,358,0,0,0,1,0.012,25.23,22.02
sCU3ooZq1dA,UCsbnInDepLdq6o781WVZ-5g,20,0,0,0,0,0.0,39.17,11.5
sD3QcyWH0uI,UCm3RYOItKT_P0-oRCkkSMZw,1,0,0,0,0,0.01,9.06,99.0
sD5jsjsvkz4,UCeVTtB1kN607CxFrFkiqjgQ,135,2,1,0,1,0.017,74.95,14.73
sDPjQIdLD-I,UCL_RZ1IidYQkVQxfimfnPSQ,10,0,0,0,0,0.008,7.95,65.0
sDhqsl5ahPk,UCsbnInDepLdq6o781WVZ-5g,169,0,0,0,0,0.072,6.32,102.12
sDnrY56e6xk,UCP4STX85lq_fpEtvQcq_5fw,230,1,0,0,0,0.158,7.79,110.24
sFS-UkcoFc4,UC0GVHmLgrxE2SS8F0C19JVg,13,0,0,0,0,0.002,94.44,9.69
sFZmpeew5rw,UCxfDVRNK6SoN59v_t3ZJ33A,5,0,0,0,0,0.001,70.7,60.6
sFmw48NRNlI,UCEFB0gMdnD1NyiZaedHg2hQ,937,12,0,0,0,0.087,82.47,23.56
sHEM2FLYtUY,UCSlOhfr5f-RPRP50yRri1uA,146,1,0,0,0,0.005,42.63,11.05
sHPrPDVvick,UCbnCFV5_c-nGiEQN1anEO5A,2,0,0,0,0,0.0,5.8,76.0
sI1dX0jotdc,UChhBhc7qJ42rgzAIPe9z6Cg,2,0,0,0,0,0.0,11.27,124.0
sJJMmkUql8E,UC2IjY1Gm6b7pYp-vMJ2R9ig,5,-1,0,0,0,0.0,2.55,24.0
sJLHF9SoZFI,UCxxl4xdZZqRSSz2VfnFBhwA,36,2,0,0,0,0.007,38.67,33.42
sJNLf1IO9r4,UCkIOcyGqKTJMIIyFHJunYDA,385,3,0,0,0,0.01,49.04,18.0
sJ_8DGo4uDk,UCxfDVRNK6SoN59v_t3ZJ33A,2,0,0,0,0,0.0,29.21,20.0
sJfTRTlpMqs,UC82nFsZOjs5Tr96upPPq9Ww,3,0,0,0,0,0.016,31.53,633.0
sKOE9tO6k10,UCHONLLEtQ4f9yoqa1BWlhSg,546,2,0,0,1,0.43,14.65,190.24
sLb3kViZ75o,UCIg97fCjw1HnS8vPqwiHLGA,273,0,0,0,0,1.266,3.18,108.18
sNPoK_0ywJo,UC2jHP3YhgMucr6UlgFzRhbA,383,1,0,1,0,0.006,21.37,15.0
sNmkHMs0HIQ,UC82nFsZOjs5Tr96upPPq9Ww,3,0,0,0,0,0.0,65.99,275.0
sPIK78_Uojw,UCHONLLEtQ4f9yoqa1BWlhSg,7,0,0,0,0,0.002,84.6,12.86
sPLnTe2yPKk,UCJw9px5fOp-nwJG6g4gN1ng,235,5,0,0,0,0.019,66.81,20.6
sPzvM7JT_t4,UCSlOhfr5f-RPRP50yRri1uA,12,0,0,0,0,0.0,85.86,85.0
sQ-XaebTXVc,UCctSzoeee7KCnR84dZ6IO7w,1,0,0,0,0,0.0,1.34,21.0
sQCD0xJ-Cq8,UCmhHN34V-dphAOk3RXxjb0g,196,0,0,0,0,0.049,3.88,150.0
sR2lLgbXn6Y,UCT7ZxKrKqxBvAODr8h_ODkA,2,0,0,0,0,0.0,1.49,18.0
sSlTRTXBODo,UCAkSxwl8Lbk2hBXAAfsEFTA,6,0,0,0,0,0.0,83.5,34.0
sUCkG-wSAQk,UC0GVHmLgrxE2SS8F0C19JVg,265,0,0,0,0,0.39,7.85,147.1
sUHZ7Eg6p7Q,UCSlOhfr5f-RPRP50yRri1uA,28,0,0,0,0,0.0,9.7,8.57
sWdaRx6Q_Qg,UCbnCFV5_c-nGiEQN1anEO5A,17,0,0,0,0,0.003,6.31,84.47
sXB5y3nAnPA,UC77WdDKy6cbCxZkC46eaudA,2,0,0,0,0,0.0,1.6,19.5
sXL23mYPBFo,UCnwjt6PgkKuZC4S1A0yTOFQ,5509,45,1,5,17,8.288,17.1,325.79
sZ3aLSFK1CY,UCxxl4xdZZqRSSz2VfnFBhwA,2075,19,0,0,2,0.3,95.24,13.5
sZYQxIC0JxM,UCIg97fCjw1HnS8vPqwiHLGA,23,0,0,0,0,0.018,5.23,88.13
s_SQABNHBJU,UCdtOFTQ1GVPKzvOYsi1ApIw,159,0,0,0,0,0.0,0.33,5.0
s_j_fp4yrUI,UCpUrAXv2lzGxM4plYB7CE-A,19,0,0,0,0,0.0,34.97,11.0
sbVYx-bi3bo,UCIg97fCjw1HnS8vPqwiHLGA,4704,12,2,2,12,0.021,21.0,176.62
sbeudQ9J7G4,UCxfDVRNK6SoN59v_t3ZJ33A,7,1,0,0,0,0.001,74.52,60.71
sdArUpBPVhA,UCxhHKduxLRNAOC_GUHPPf1Q,16,0,0,0,0,0.0,70.56,20.38
sdWdeoHQJyk,UCEFB0gMdnD1NyiZaedHg2hQ,44,0,0,0,0,0.013,6.31,76.36
se8nT182N8o,UCm3RYOItKT_P0-oRCkkSMZw,5,0,0,0,0,0.003,0.69,11.4
sfPkKyqwMs4,UCxhHKduxLRNAOC_GUHPPf1Q,21,0,0,0,0,0.027,7.57,381.19
sfd-tQBO1Mg,UCSlOhfr5f-RPRP50yRri1uA,37,0,0,0,0,0.0,4.32,4.05
sgkl3JAaFyo,UCxxl4xdZZqRSSz2VfnFBhwA,18,0,0,0,0,0.004,61.9,17.5
shc9dKC_Jmw,UCT7ZxKrKqxBvAODr8h_ODkA,9,0,0,0,0,0.0,28.96,17.78
shtKqn_fZ_s,UCZem4a64VnhfA4CBw9vM2bg,271,5,0,1,0,0.263,26.38,109.1
siE90PrEe5w,UCxxl4xdZZqRSSz2VfnFBhwA,844,11,0,0,0,0.121,66.16,21.0
sivLFK0Vbrc,UChhBhc7qJ42rgzAIPe9z6Cg,2,0,0,0,0,0.001,10.86,7.0
sj7ldVs1sMU,UCkIOcyGqKTJMIIyFHJunYDA,383,3,0,0,0,0.03,56.03,16.0
sl3Ln49wWPM,UCpUrAXv2lzGxM4plYB7CE-A,33,0,0,0,0,0.024,1.18,66.0
slAkLwAu_NQ,UCXJiqB85OD4gnutvJ-gKHsg,52,0,0,0,0,0.012,8.63,109.27
slRm_PNDnFI,UCxfDVRNK6SoN59v_t3ZJ33A,1,0,0,0,0,0.0,0.02,0.0
smJxzanP3qo,UCm3RYOItKT_P0-oRCkkSMZw,7,0,0,0,0,0.0,2.63,13.0
so2_Vgmkje8,UCp013Ih_EWf3SXO8F4ftIwQ,40,0,0,0,0,0.002,51.7,16.0
so9tClfJDN8,UCxfDVRNK6SoN59v_t3ZJ33A,34,0,0,0,1,0.029,5.27,69.21
soTP1WVYJdo,UCnwjt6PgkKuZC4S1A0yTOFQ,6,0,0,0,0,0.0,1.02,11.0
spZywy1SW6c,UCxxl4xdZZqRSSz2VfnFBhwA,8,2,0,0,0,0.033,26.36,179.5
sqQ-s8w_AGE,UCnwjt6PgkKuZC4S1A0yTOFQ,2,0,0,0,0,0.004,0.66,10.0
sqfl3Rls1MM,UCp013Ih_EWf3SXO8F4ftIwQ,293,2,0,0,1,0.012,73.51,14.0
srtmnbpOUB8,UCT7ZxKrKqxBvAODr8h_ODkA,2,0,0,0,0,0.0,60.0,12.0
ssJHbHJaBxk,UCT7ZxKrKqxBvAODr8h_ODkA,2,0,0,0,0,0.0,14.49,43.0
ssn5gS0gIcY,UCSlOhfr5f-RPRP50yRri1uA,4950,27,0,0,5,0.161,58.44,42.09
sth5jf0U_AI,UC8gDq5ENmiVuJZIVsiZbQ8g,416,0,0,1,0,1.15,2.77,217.12
stwZDxoy_7U,UCxhHKduxLRNAOC_GUHPPf1Q,7,0,0,0,0,0.0,64.43,18.29
styOTlt-5YY,UCm3RYOItKT_P0-oRCkkSMZw,2,0,0,0,0,0.0,15.55,367.0
svhkCuELRmE,UCnwjt6PgkKuZC4S1A0yTOFQ,2,0,0,0,0,0.0,1.93,34.0
svwWgHcSbzw,UCL_RZ1IidYQkVQxfimfnPSQ,7,0,0,0,0,0.002,57.44,8.0
sxAvCrnmrJI,UC80LfoIH6FrzHTm6lXTWCKQ,58,1,0,0,0,0.017,10.38,143.0
sxV33MVtlrg,UCZFs3JqsRIqtqYgo4HahDUQ,7285,7,0,5,3,8.202,2.24,57.0
sz5drCBMiV4,UCZem4a64VnhfA4CBw9vM2bg,123,2,0,0,0,0.013,103.52,13.71
szy8fD7B5sc,UCqbTAXnwXspcNb7l3UqrOHQ,818,8,0,3,2,1.697,25.69,204.89
t-CGYlNNX58,UCIg97fCjw1HnS8vPqwiHLGA,45,0,0,0,0,0.09,9.17,114.56
t-oQx-2V8Vw,UC82nFsZOjs5Tr96upPPq9Ww,15,0,0,0,0,0.01,14.52,189.2
t2LrXWdZqFA,UC77WdDKy6cbCxZkC46eaudA,2,0,0,0,0,0.0,6.8,21.0
t2PU55U-Xr4,UCxfDVRNK6SoN59v_t3ZJ33A,1,0,0,0,0,0.023,90.99,733.0
t2qZ3WsJhuI,UC3WZLJlwYaCEurdUywF8ibg,1498,0,0,0,0,0.0,24.82,149.68
t5YoCKe9bCk,UCpUrAXv2lzGxM4plYB7CE-A,91,0,0,0,0,0.067,5.18,212.0
t6JYPCoGujo,UCMGKZD9ggu_Pfo4dkL47cXQ,23,1,0,0,0,0.003,80.72,14.13
t79_76aG5Oo,UCeVTtB1kN607CxFrFkiqjgQ,43,-2,0,0,0,0.004,74.47,22.53
t89VZ0wGEXQ,UCsbnInDepLdq6o781WVZ-5g,1,0,0,0,0,0.0,3.74,56.0
t8x0lfMkd1o,UCkIOcyGqKTJMIIyFHJunYDA,1206,21,0,0,0,0.047,53.6,18.0
t9Tkh1fskY0,UCSlOhfr5f-RPRP50yRri1uA,11,0,0,0,0,0.0,7.57,7.36
t9eF0w8PkwE,UCJyOxDvifY5Xw18aNm_I8YQ,4,0,0,0,0,0.0,0.0,0.0
tA4PnZy7MCM,UCf3lAEw_WPtcgHMUVAunzSw,2,0,0,0,0,0.0,46.78,430.0
tAJnos_dd5M,UCEFB0gMdnD1NyiZaedHg2hQ,148,1,0,0,0,0.103,12.4,61.86
tAzA-b4FlZY,UCHONLLEtQ4f9yoqa1BWlhSg,7,0,0,0,0,0.0,93.07,17.57
tEqPJaGlYEY,UC80LfoIH6FrzHTm6lXTWCKQ,2,0,0,0,0,0.001,105.5,77.0
tFcUd_boEPI,UC8gDq5ENmiVuJZIVsiZbQ8g,203,1,0,0,1,0.007,55.42,17.01
tFmLWO14emg,UCvfQU0Npb-ve-LxUlaAN1GA,2,0,0,0,0,0.0,0.34,1.0
tGI2_qxSWfs,UCAkSxwl8Lbk2hBXAAfsEFTA,1,0,0,0,0,0.0,0.0,0.0
tH0FjhUCsb8,UC82nFsZOjs5Tr96upPPq9Ww,1,0,0,0,0,0.0,3.78,85.0
tHUeIITpa_c,UCx08xHWVSQIiujaTJb8HWYg,493,4,0,1,1,0.513,1.93,150.8
tIgg6kWhPyE,UC0GVHmLgrxE2SS8F0C19JVg,10,0,0,1,0,0.003,13.57,224.5
tIlCub-z7kA,UCbnCFV5_c-nGiEQN1anEO5A,1,0,0,0,0,0.0,0.0,0.0
tJ3ekOOzh5U,UCT7ZxKrKqxBvAODr8h_ODkA,4,0,0,0,0,0.0,64.72,11.0
tJIeqtG0Dos,UCT7ZxKrKqxBvAODr8h_ODkA,11,0,0,0,0,0.0,100.5,29.36
tKwAt-QJHxg,UC77WdDKy6cbCxZkC46eaudA,54,0,0,1,0,0.03,6.73,119.41
tLSVWfvT_Mc,UC2IjY1Gm6b7pYp-vMJ2R9ig,2,0,0,0,0,0.0,73.85,9.0
tLepbggyPQs,UCf3lAEw_WPtcgHMUVAunzSw,4,0,0,0,0,0.034,32.57,565.5
tM_Jsevn2cE,UCx08xHWVSQIiujaTJb8HWYg,136,0,0,0,0,0.774,1.05,80.8
tN56tE4jpZQ,UCx08xHWVSQIiujaTJb8HWYg,2216,7,0,4,2,0.832,4.33,181.29
tNxX6xglTMI,UCkIOcyGqKTJMIIyFHJunYDA,5135,28,0,0,3,0.209,51.91,18.0
tOupobZ-uzs,UCLQ4NoTptaCDG4nUvDLtUoQ,3,0,0,0,0,0.001,7.68,3.33
tPQ5_mBipO0,UCZem4a64VnhfA4CBw9vM2bg,13,0,0,0,0,0.002,35.69,13.38
tPy5siMl4oU,UCxxl4xdZZqRSSz2VfnFBhwA,3,0,0,0,0,0.065,34.02,461.0
tQ70LB46wks,UCT7ZxKrKqxBvAODr8h_ODkA,2,1,0,0,0,0.0,4.4,52.0
tQR6Ipe2acg,UCdtOFTQ1GVPKzvOYsi1ApIw,3,0,0,0,0,0.007,19.15,267.0
tTgmye-tavU,UCbnCFV5_c-nGiEQN1anEO5A,1,0,0,0,0,0.0,0.0,0.0
tTmdklwGeNA,UCIg97fCjw1HnS8vPqwiHLGA,41,0,0,0,0,0.005,91.1,16.68
tU0NdQeQ57Y,UCSlOhfr5f-RPRP50yRri1uA,14,0,0,0,0,0.0,15.25,15.71
tUcywbbGpC0,UCL_RZ1IidYQkVQxfimfnPSQ,239,2,0,0,1,0.023,66.63,29.0
tUdVFpjRoaM,UCHONLLEtQ4f9yoqa1BWlhSg,7,0,0,0,0,0.0,76.44,9.86
tYAsSpiMwgk,UCxfDVRNK6SoN59v_t3ZJ33A,2,0,0,0,0,0.0,46.3,37.5
tZcLGfEpcEU,UC0GVHmLgrxE2SS8F0C19JVg,6,0,0,0,0,0.001,77.74,47.33
tZzngX8n65c,UCmhHN34V-dphAOk3RXxjb0g,1183,0,0,2,1,0.969,2.9,119.0
t_Azvs3paok,UCeVTtB1kN607CxFrFkiqjgQ,7,0,0,0,0,0.005,3.84,28.14
t_GOQGTu4-8,UCpUrAXv2lzGxM4plYB7CE-A,52,0,0,0,0,0.011,0.87,75.0
ta22HtxKpt8,UCdtOFTQ1GVPKzvOYsi1ApIw,1,0,0,0,0,0.001,18.66,86.0
ta9sjQhva7o,UCOfo1ycUYYsMkBRS56TSo3Q,870,9,0,0,0,0.05,57.24,18.59
tb4P809FCBs,UC8Fm-ogvMehvbgF0BJjKiuQ,3,0,0,0,0,0.054,26.19,1094.33
tb8cmGBaX9o,UCJw9px5fOp-nwJG6g4gN1ng,110,3,0,0,0,0.014,80.37,19.22
tbYmGYX8AXg,UCnwjt6PgkKuZC4S1A0yTOFQ,455,1,0,0,0,3.285,20.83,308.65
tcHziQfwp_A,UCl_Nqhf2SGNwv4uvbvs3upg,251,1,0,0,2,0.007,74.7,23.0
tdGmYk67ooM,UCZem4a64VnhfA4CBw9vM2bg,32,0,0,0,0,0.002,44.72,21.44
tgbJQb5BIkk,UC2jHP3YhgMucr6UlgFzRhbA,194,0,0,0,0,0.0,67.49,19.0
thKYR7hxk3w,UCMGKZD9ggu_Pfo4dkL47cXQ,7,0,0,0,0,0.001,43.73,8.71
thPe8OHjsNY,UCZFs3JqsRIqtqYgo4HahDUQ,406,2,0,0,0,0.032,58.63,19.0
thTEl7fB5W4,UCxxl4xdZZqRSSz2VfnFBhwA,12,0,0,0,0,0.0,13.45,5.0
thaRHKNx-Qs,UCT7ZxKrKqxBvAODr8h_ODkA,366,4,0,0,1,0.327,10.56,314.34
tj2p_kiMlTk,UCHONLLEtQ4f9yoqa1BWlhSg,1,0,0,0,0,0.0,4.25,70.0
tjC4bO1QHzY,UC2IjY1Gm6b7pYp-vMJ2R9ig,1706,9,1,2,5,3.865,18.16,329.59
tjR-Eo9232M,UC82nFsZOjs5Tr96upPPq9Ww,2,0,0,0,0,0.0,91.01,60.0
tjXsbkXxUHY,UCxxl4xdZZqRSSz2VfnFBhwA,114,0,0,0,0,0.015,119.55,6.53
tjd8CVxRQZw,UC8gDq5ENmiVuJZIVsiZbQ8g,6,0,0,0,0,0.0,21.88,13.0
tm-Q9AVwBn0,UCc-V01UlW1n8eGLpATLA5gw,1,0,0,0,0,0.0,0.0,0.0
tmjG28KpR7Y,UCSlOhfr5f-RPRP50yRri1uA,4,0,0,0,0,0.0,0.47,8.75
tnkT9QA-1aw,UCk2O5vfW3c_W5YWQ_BoD1Ug,60463,603,1,22,66,3.56,57.26,39.5
tou-2Itk0Ec,UCAkSxwl8Lbk2hBXAAfsEFTA,0,0,0,0,0,0.0,0.0,0.0
tpyx3e5tpNg,UCk2O5vfW3c_W5YWQ_BoD1Ug,261,3,0,0,0,0.021,37.42,20.63
tqJoCjGrOPE,UCJw9px5fOp-nwJG6g4gN1ng,5733,253,3,4,4,0.601,93.11,25.0
tqSdpOZXqCg,UC82nFsZOjs5Tr96upPPq9Ww,3,0,0,0,0,0.001,55.57,25.0
trti5D0uZnM,UCMGKZD9ggu_Pfo4dkL47cXQ,9,1,0,0,0,0.001,25.17,12.22
ttURKWvVblA,UCm3RYOItKT_P0-oRCkkSMZw,2,0,0,0,0,0.009,48.13,164.5
tu3b4L-45Gs,UCMGKZD9ggu_Pfo4dkL47cXQ,4805,114,0,0,9,0.872,56.66,38.42
tuM19JT3xNE,UCnwjt6PgkKuZC4S1A0yTOFQ,3,0,0,0,0,0.001,30.12,512.0
tuQwhoO8meg,UCp013Ih_EWf3SXO8F4ftIwQ,94,2,0,0,1,0.172,5.33,274.0
tvEGgtSaSXM,UC2jHP3YhgMucr6UlgFzRhbA,52,0,0,0,0,0.001,79.22,22.0
tviy-D_uXUs,UCxfDVRNK6SoN59v_t3ZJ33A,6,0,0,0,0,0.003,12.33,140.67
twRqr0VgMRM,UCJw9px5fOp-nwJG6g4gN1ng,11603,403,1,2,8,1.18,94.72,28.0
twdGVSxi7w0,UCxxl4xdZZqRSSz2VfnFBhwA,25,0,0,0,0,0.0,36.09,29.2
tx7uVu60clQ,UCMGKZD9ggu_Pfo4dkL47cXQ,33,1,0,0,0,0.008,71.96,25.18
txQuvHEDP8E,UCAkSxwl8Lbk2hBXAAfsEFTA,14,0,0,0,0,0.045,4.23,296.43
txU0bsTJmsM,UCSlOhfr5f-RPRP50yRri1uA,909,0,0,1,1,0.524,6.57,77.23
tySH59upFew,UCxfDVRNK6SoN59v_t3ZJ33A,10,0,0,0,0,0.002,41.81,30.4
tyY5KShI5PY,UCZFs3JqsRIqtqYgo4HahDUQ,1984,61,0,0,14,0.189,85.19,24.0
tz3xjyn6sVw,UCMGKZD9ggu_Pfo4dkL47cXQ,37,0,0,0,0,0.004,83.81,16.84
tz9X-Sw8sKs,UCxfDVRNK6SoN59v_t3ZJ33A,216,2,0,0,1,0.619,16.68,171.0
tzamqnUQtZE,UCSlOhfr5f-RPRP50yRri1uA,753,8,0,0,1,0.036,40.46,22.87
tzofYVq51Tk,UCeVTtB1kN607CxFrFkiqjgQ,16,2,0,0,0,0.001,23.27,29.31
u-3bDCmrWuU,UCk2O5vfW3c_W5YWQ_BoD1Ug,443,3,0,0,0,0.028,83.25,49.46
u-G2jSZevos,UCeVTtB1kN607CxFrFkiqjgQ,7,2,0,0,0,0.0,20.7,12.0
u1GF-Z2FTWI,UC8Fm-ogvMehvbgF0BJjKiuQ,4,0,0,0,0,0.0,99.63,26.0
u1r49LkuKcY,UCvfQU0Npb-ve-LxUlaAN1GA,36,1,0,0,0,0.081,3.94,141.0
u7u9mR5qY2U,UC2IjY1Gm6b7pYp-vMJ2R9ig,3,0,0,0,0,0.0,0.98,10.0
u8vcYqoXyOE,UC01rTYtA_UsuZ5wzxnyHFcg,1,0,0,0,0,0.0,0.0,0.0
u9OKDsz_jWk,UCqbTAXnwXspcNb7l3UqrOHQ,58,0,0,0,0,0.006,80.88,22.48
u9m4QYTibR4,UCZFs3JqsRIqtqYgo4HahDUQ,71,0,0,0,0,0.186,4.67,243.48
uA462rsqjdc,UC77WdDKy6cbCxZkC46eaudA,3,0,0,0,0,0.001,3.89,46.67
uAf-Uk7lopA,UCIg97fCjw1HnS8vPqwiHLGA,996,3,0,0,0,0.813,4.14,193.79
uB9BmvA_Pdo,UChhBhc7qJ42rgzAIPe9z6Cg,1,0,0,0,0,0.0,2.3,37.0
uCb9oZS1_IA,UCeVTtB1kN607CxFrFkiqjgQ,3528,57,0,2,8,0.376,94.27,28.03
uCtiyo5Lafg,UCMGKZD9ggu_Pfo4dkL47cXQ,2680,29,0,2,8,3.359,18.86,219.41
uESenyHqfr4,UC80LfoIH6FrzHTm6lXTWCKQ,1,0,0,0,0,0.0,0.0,0.0
uG2k3AMDYpg,UCJw9px5fOp-nwJG6g4gN1ng,231,2,0,0,0,0.191,9.73,116.86
uGjf8yShUqk,UCT7ZxKrKqxBvAODr8h_ODkA,3,0,0,0,0,0.0,0.0,0.0
uGr3ymFwwbw,UCctSzoeee7KCnR84dZ6IO7w,1,0,0,0,0,0.0,0.0,0.0
uJ6pYjT9pmI,UCLQ4NoTptaCDG4nUvDLtUoQ,12,0,0,0,0,0.0,4.84,8.5
uJXUeO6JtPY,UCdtOFTQ1GVPKzvOYsi1ApIw,3745,0,0,0,0,0.0,29.67,91.85
uJmJyEDDbSg,UCk2O5vfW3c_W5YWQ_BoD1Ug,69,0,0,0,1,0.083,8.32,141.29
uL7iEtx_b8E,UCSlOhfr5f-RPRP50yRri1uA,9747,101,0,2,14,0.429,56.08,53.42
uLQgo20Ep7I,UCL_RZ1IidYQkVQxfimfnPSQ,59,1,0,0,0,0.004,34.2,17.0
uLxRDXDE4Kc,UCvfQU0Npb-ve-LxUlaAN1GA,6,0,0,0,0,0.0,8.04,55.67
uM1vxIKNRcA,UCSlOhfr5f-RPRP50yRri1uA,51,0,0,0,0,0.0,19.18,11.67
uMPqdr16kiw,UCnwjt6PgkKuZC4S1A0yTOFQ,3,0,0,0,0,0.012,1.42,19.0
uMWHYWmFmYA,UCxxl4xdZZqRSSz2VfnFBhwA,14,0,0,0,0,0.001,22.03,8.57
uQu4PBkn4DU,UC8Fm-ogvMehvbgF0BJjKiuQ,5,0,0,0,0,0.0,73.69,43.0
uQuUv7naRH4,UCZFs3JqsRIqtqYgo4HahDUQ,748,1,0,0,0,0.883,0.95,67.63
uRJYsfsjg0Y,UC8gDq5ENmiVuJZIVsiZbQ8g,4,0,0,0,0,0.003,8.17,102.5
uRMbGe2xOS8,UCxfDVRNK6SoN59v_t3ZJ33A,2,0,0,0,0,0.0,1.75,4.0
uTF_mh7eKQQ,UCOfo1ycUYYsMkBRS56TSo3Q,3090,0,0,0,0,31.454,2.2,99.1
uTjsXBVyJc4,UCpUrAXv2lzGxM4plYB7CE-A,50,0,0,0,0,0.0,31.11,10.0
uUKDLiQU1U8,UCL_RZ1IidYQkVQxfimfnPSQ,13,0,0,0,0,0.001,49.47,8.0
uVPDTSUhP4g,UCNkelFxYeQTdVdBzl3yaliw,4,0,0,0,0,0.007,14.16,171.5
uViwR3XVvNA,UCc-V01UlW1n8eGLpATLA5gw,18,0,0,0,0,0.025,2.61,98.0
uWWYY9BW6NM,UCf3lAEw_WPtcgHMUVAunzSw,14,0,0,0,0,0.001,63.62,43.64
uWiyOllOOGs,UCVRU0wQxaEQdq0CKQHfifZg,0,0,0,0,0,0.0,0.0,0.0
uX51KyrEnJY,UCxxl4xdZZqRSSz2VfnFBhwA,83,0,0,0,1,0.137,7.36,301.61
uXom1zrWRIQ,UCm3RYOItKT_P0-oRCkkSMZw,87,0,0,0,0,0.179,9.03,85.44
uYIYr3pHThk,UCm3RYOItKT_P0-oRCkkSMZw,19,0,0,0,0,0.004,63.76,15.37
uYWigX-2etQ,UCxfDVRNK6SoN59v_t3ZJ33A,1,0,0,0,0,0.0,0.0,0.0
uZ-RmfwuKDg,UCVRU0wQxaEQdq0CKQHfifZg,28,0,0,0,0,0.024,3.15,138.43
uZv8Njk6NKk,UCxfDVRNK6SoN59v_t3ZJ33A,39,1,0,0,0,0.006,49.19,24.46
u_HyJ62Hvk8,UCAkSxwl8Lbk2hBXAAfsEFTA,23,1,0,0,0,0.069,14.19,645.39
u_MlPSE9e8E,UCIg97fCjw1HnS8vPqwiHLGA,78,0,0,0,0,0.095,7.96,87.85
u_QQmi7ZfQQ,UCnwjt6PgkKuZC4S1A0yTOFQ,9,1,0,0,0,0.0,40.15,21.44
uaDPCmHx2vc,UC77WdDKy6cbCxZkC46eaudA,2,0,0,0,0,0.0,41.82,18.0
ub1508saiwk,UCdtOFTQ1GVPKzvOYsi1ApIw,2,0,0,0,0,0.0,13.75,13.0
uctNUnQomKg,UCf3lAEw_WPtcgHMUVAunzSw,8,0,0,0,0,0.0,37.97,26.88
ud7UKNyqLkA,UC8gDq5ENmiVuJZIVsiZbQ8g,490,7,0,0,0,0.016,54.98,19.22
udEYhYYxv30,UCk2O5vfW3c_W5YWQ_BoD1Ug,4508,68,0,1,5,0.192,56.55,42.48
uejGNIVmMzk,UCP4STX85lq_fpEtvQcq_5fw,105,0,0,0,0,0.022,24.78,56.29
uf-4R26oJb0,UCnKHDbf4TM65HyT2XdQaT6Q,29,0,0,1,0,0.014,11.99,115.0
ufBgBM-ypaY,UCsbnInDepLdq6o781WVZ-5g,75,1,0,0,0,0.003,103.39,31.48
ugSpV9FPYkE,UCm3RYOItKT_P0-oRCkkSMZw,749,5,0,2,0,0.147,5.84,63.57
ugfcN1C6wHQ,UCT7ZxKrKqxBvAODr8h_ODkA,12,0,0,0,0,0.0,15.47,267.0
ulRiEYbleFo,UC2IjY1Gm6b7pYp-vMJ2R9ig,5,0,0,0,0,0.007,4.19,52.0
um5kvnD599s,UC2IjY1Gm6b7pYp-vMJ2R9ig,3,0,0,0,0,0.001,6.54,75.33
umCDM2IU7xM,UCeVTtB1kN607CxFrFkiqjgQ,8,0,0,0,0,0.002,31.52,23.0
umgBdT3k-IA,UCAkSxwl8Lbk2hBXAAfsEFTA,1,0,0,0,0,0.0,0.0,0.0
unZ1Jd-xhJ8,UCL_RZ1IidYQkVQxfimfnPSQ,52,1,0,0,0,0.003,23.07,18.0
unulLmfYUZo,UCl_Nqhf2SGNwv4uvbvs3upg,191,1,0,0,0,0.718,3.55,281.0
uo0fvhtiEu0,UCxxl4xdZZqRSSz2VfnFBhwA,14,0,0,0,0,0.004,49.64,11.14
uoOk7EMbOAg,UCkIOcyGqKTJMIIyFHJunYDA,28,1,0,0,0,0.001,21.0,7.25
uqtBvxem5cw,UCl_Nqhf2SGNwv4uvbvs3upg,432,5,1,0,3,1.813,3.91,229.0
uqwEgjDUbL8,UCpUrAXv2lzGxM4plYB7CE-A,14,0,0,0,0,0.0,0.8,40.0
usUBgea0i2M,UCTGoaBFABIBLXcqXzCM5D3A,124,2,0,0,1,0.0,25.91,14.02
usWzto3pv48,UCZFs3JqsRIqtqYgo4HahDUQ,13,0,0,0,0,0.0,5.42,2.15
ut7xX7P4rH8,UCxhHKduxLRNAOC_GUHPPf1Q,19,-1,0,0,0,0.001,53.18,21.53
utl8GXao7Y4,UCk2O5vfW3c_W5YWQ_BoD1Ug,2511,28,1,11,4,0.153,90.38,41.01
uu8s_k3L8-4,UC77WdDKy6cbCxZkC46eaudA,4656,23,0,7,6,1.224,9.97,142.02
uux0uUhGoFQ,UC2IjY1Gm6b7pYp-vMJ2R9ig,3,0,0,0,0,0.0,1.25,10.33
uxIkIVtO-Pk,UCk2O5vfW3c_W5YWQ_BoD1Ug,1072,9,0,2,2,1.327,12.11,170.88
uz54F_RuPJ4,UCpUrAXv2lzGxM4plYB7CE-A,27,0,0,0,0,0.014,3.37,243.0
uzqWCxt7EkM,UCnwjt6PgkKuZC4S1A0yTOFQ,2,0,0,0,0,0.0,0.95,11.5
uzvqNgv4Uvw,UCvfQU0Npb-ve-LxUlaAN1GA,14,0,0,0,0,0.001,11.37,132.86
v-BM_bQvk-s,UCAkSxwl8Lbk2hBXAAfsEFTA,1,0,0,0,0,0.001,1.0,19.0
v-ygdkgZuRY,UCnKHDbf4TM65HyT2XdQaT6Q,20,0,0,0,0,0.021,10.67,66.0
v0KulcygneA,UCAkSxwl8Lbk2hBXAAfsEFTA,72,0,0,0,0,0.193,3.61,258.49
v1Nz54hrLsw,UCJw9px5fOp-nwJG6g4gN1ng,5931,15,0,5,7,6.615,1.02,81.84
v1eucae7UM4,UCTqUiADoXl9Cq74vCP4FJCQ,100,0,0,0,0,0.062,16.68,122.25
v2Q8T-OwODM,UCT7ZxKrKqxBvAODr8h_ODkA,14,0,0,0,0,0.0,7.01,5.0
v2_g2DjDS5E,UCLQ4NoTptaCDG4nUvDLtUoQ,70,0,0,0,0,0.003,44.75,28.46
v3mQT4yYvMQ,UCT7ZxKrKqxBvAODr8h_ODkA,1,0,0,0,0,0.0,2.29,6.0
v3oGACA9Eb8,UCnwjt6PgkKuZC4S1A0yTOFQ,852,5,0,0,3,0.926,17.68,208.86
v3vVonrJruQ,UCAkSxwl8Lbk2hBXAAfsEFTA,1,0,0,0,0,0.0,0.01,0.0
v4DHF8p_y0M,UCNkelFxYeQTdVdBzl3yaliw,11,0,0,0,0,0.0,11.14,119.45
v4hzrfzBqAU,UCnwjt6PgkKuZC4S1A0yTOFQ,3,0,0,0,0,0.0,1.41,15.0
v7GYp5cK2_Y,UC0GVHmLgrxE2SS8F0C19JVg,63,0,0,0,0,0.167,9.05,168.32
v7m2LWh_GNE,UCx08xHWVSQIiujaTJb8HWYg,6843,5,1,3,3,9.681,1.98,75.92
v8Jr4QSVreI,UC77WdDKy6cbCxZkC46eaudA,32,1,0,0,0,0.01,7.1,46.34
vAshLg7oAAA,UCAkSxwl8Lbk2hBXAAfsEFTA,4,0,0,0,0,0.015,5.66,95.0
vC7vX44cEN4,UCJw9px5fOp-nwJG6g4gN1ng,22,0,0,0,0,0.033,10.91,185.0
vCBCjyj9WMM,UC77WdDKy6cbCxZkC46eaudA,2,0,0,0,0,0.0,0.72,9.0
vD8zhBuaFwQ,UCl_Nqhf2SGNwv4uvbvs3upg,123,0,0,0,0,0.005,60.27,19.0
vDVRU4ghqfQ,UCOfo1ycUYYsMkBRS56TSo3Q,0,0,0,0,0,0.0,0.0,0.0
vEnexy0Hi5M,UC82nFsZOjs5Tr96upPPq9Ww,245,1,0,2,1,0.911,19.88,400.82
vFZ0hlKKeqg,UCf3lAEw_WPtcgHMUVAunzSw,501,1,0,0,0,0.01,87.99,25.97
vFfe-c_mN4M,UCMGKZD9ggu_Pfo4dkL47cXQ,12,0,0,0,0,0.001,85.26,10.33
vG8D8-psbNI,UCdtOFTQ1GVPKzvOYsi1ApIw,12,0,0,0,0,0.001,104.57,39.0
vJH9jspwDmM,UCxhHKduxLRNAOC_GUHPPf1Q,4,0,0,0,0,0.0,85.63,13.5
vK5_DaKIzIc,UCT7ZxKrKqxBvAODr8h_ODkA,11166,105,1,18,41,4.65,11.4,284.04
vKLH4fQyhZU,UCTqUiADoXl9Cq74vCP4FJCQ,46,0,0,0,0,0.005,3.45,236.09
vLQbdNkI5k4,UCdtOFTQ1GVPKzvOYsi1ApIw,1502,0,0,0,0,0.001,68.37,83.87
vLt8d7RfPn4,UCl_Nqhf2SGNwv4uvbvs3upg,30834,55,1,13,23,81.974,1.59,106.0
vO2FppsZ0FE,UCTqUiADoXl9Cq74vCP4FJCQ,2,0,0,0,0,0.0,11.04,5.0
vPKJMu-5fxI,UC77WdDKy6cbCxZkC46eaudA,5,0,0,1,0,0.002,7.61,129.0
vQ7Omd7_VRw,UC0GVHmLgrxE2SS8F0C19JVg,67,0,0,0,0,0.26,13.74,79.16
vQjRWraS-cE,UCT7ZxKrKqxBvAODr8h_ODkA,414,1,0,0,1,0.186,5.12,165.04
vQvWtSRIoe4,UC77WdDKy6cbCxZkC46eaudA,4,0,0,0,0,0.015,23.01,276.0
vQvdTuvDJP4,UCsbnInDepLdq6o781WVZ-5g,5,0,0,0,0,0.001,35.45,9.4
vRi1EX4mcJE,UCMGKZD9ggu_Pfo4dkL47cXQ,12,-1,0,0,0,0.001,90.65,34.5
vS0eSiiPM9k,UCk2O5vfW3c_W5YWQ_BoD1Ug,952,6,1,1,1,4.588,12.16,175.84
vTeIDmXIhWA,UCxfDVRNK6SoN59v_t3ZJ33A,72,0,0,0,0,0.044,13.5,34.75
vTqKvWuUb-0,UC2jHP3YhgMucr6UlgFzRhbA,709,5,0,0,0,0.007,13.75,24.0
vTxnp5wMfFA,UCZem4a64VnhfA4CBw9vM2bg,209,1,0,0,0,0.423,10.8,184.65
vUKaWJJUt34,UCp013Ih_EWf3SXO8F4ftIwQ,461,3,0,0,0,0.022,72.22,20.0
vVGFC0Gdsc8,UCf3lAEw_WPtcgHMUVAunzSw,2,0,0,0,0,0.0,0.17,3.0
vVo6XFBhFqY,UCJyOxDvifY5Xw18aNm_I8YQ,3,0,0,0,0,0.0,30.99,23.0
vWfqA0JMWcI,UCeVTtB1kN607CxFrFkiqjgQ,51,3,0,0,0,0.005,90.02,28.12
vZuVzJJQd3Q,UCxxl4xdZZqRSSz2VfnFBhwA,138,2,0,0,0,0.016,56.15,16.41
v_m_C_XSygY,UCZem4a64VnhfA4CBw9vM2bg,15,0,0,0,0,0.002,81.3,41.2
v_zPp9Q8nOU,UCnwjt6PgkKuZC4S1A0yTOFQ,550,90,0,0,0,0.181,32.48,11.24
vaoiSdn0OqU,UC8gDq5ENmiVuJZIVsiZbQ8g,185,0,0,0,0,0.316,1.3,49.22
varq7v7sgHo,UCeVTtB1kN607CxFrFkiqjgQ,28,1,0,0,0,0.002,51.81,35.36
vath6YxfhtQ,UCAkSxwl8Lbk2hBXAAfsEFTA,5,-1,0,0,0,0.001,62.15,40.4
vdLQ80dXbBY,UCSlOhfr5f-RPRP50yRri1uA,2248,11,1,2,1,1.496,1.97,140.01
veZ7l2Vac8s,UC0GVHmLgrxE2SS8F0C19JVg,311,1,0,0,0,1.082,20.18,201.23
ve_9VVypACE,UCqbTAXnwXspcNb7l3UqrOHQ,154,2,0,0,0,0.436,16.04,153.09
vfH8EAFnGo0,UCdtOFTQ1GVPKzvOYsi1ApIw,1751,0,0,0,0,0.259,27.32,619.98
vfnxJSrkqxo,UC8gDq5ENmiVuJZIVsiZbQ8g,13,0,0,0,0,0.0,10.72,5.62
vg-gcsb7P0k,UCSlOhfr5f-RPRP50yRri1uA,126,0,0,0,0,0.004,33.31,21.55
vgHOliySCxc,UCxhHKduxLRNAOC_GUHPPf1Q,31,0,0,0,0,0.179,22.26,501.26
vguuyAwhc_E,UCLQ4NoTptaCDG4nUvDLtUoQ,112,1,0,0,0,0.048,6.14,39.0
vhgsvgqskhk,UCAkSxwl8Lbk2hBXAAfsEFTA,395,2,0,0,0,0.725,2.04,123.65
vj8LJC_zZ6s,UC82nFsZOjs5Tr96upPPq9Ww,104,1,0,0,0,0.005,13.86,22.9
vkETBFyIhIc,UCIg97fCjw1HnS8vPqwiHLGA,1724,56,0,0,8,0.165,63.42,34.56
vlfzkmWPvlw,UC2jHP3YhgMucr6UlgFzRhbA,88,0,0,0,0,0.004,84.63,16.0
vnA4KWdyQ7s,UCxxl4xdZZqRSSz2VfnFBhwA,17,0,0,0,0,0.004,48.07,27.59
vnFCEVq0Lwk,UCl_Nqhf2SGNwv4uvbvs3upg,1,0,0,0,0,0.0,0.0,0.0
voSMivckwiA,UCxxl4xdZZqRSSz2VfnFBhwA,42,1,0,0,0,0.046,17.41,227.45
vojHCWzVN2w,UCAkSxwl8Lbk2hBXAAfsEFTA,1,0,0,0,0,0.0,2.68,47.0
vp7yFISPjcs,UCxhHKduxLRNAOC_GUHPPf1Q,3,0,0,0,0,0.0,58.14,34.0
vr5AEJju1Dg,UC2IjY1Gm6b7pYp-vMJ2R9ig,980,10,0,0,0,0.929,17.26,262.11
vrL_OqKfF4g,UC0GVHmLgrxE2SS8F0C19JVg,618,3,0,1,0,2.556,15.77,313.66
vsX7Uc9dyaQ,UC82nFsZOjs5Tr96upPPq9Ww,3642,34,0,7,6,2.194,16.13,303.24
vtYKVJF0g9k,UCxxl4xdZZqRSSz2VfnFBhwA,66,0,0,0,0,0.077,3.38,57.0
vvwYflxTHnU,UCf3lAEw_WPtcgHMUVAunzSw,1,0,0,0,0,0.0,0.0,0.0
vvxbeFf_Ow4,UCeVTtB1kN607CxFrFkiqjgQ,38,0,0,0,0,0.003,47.92,14.34
vx9YGCZ2YaY,UCZFs3JqsRIqtqYgo4HahDUQ,369,1,0,0,0,0.026,51.8,16.5
vxXv9qCcXMY,UCk2O5vfW3c_W5YWQ_BoD1Ug,665,3,0,0,0,0.048,68.66,26.43
vy24Y_LRBB8,UC80LfoIH6FrzHTm6lXTWCKQ,4,0,0,0,0,0.001,52.62,53.0
vzAivtrX7Zw,UCMGKZD9ggu_Pfo4dkL47cXQ,3,0,0,0,0,0.001,5.25,26.67
vzS5XvAhjp0,UC2IjY1Gm6b7pYp-vMJ2R9ig,412,2,0,1,1,1.698,2.73,196.65
vzXY97KIJbA,UC0GVHmLgrxE2SS8F0C19JVg,31,0,0,0,0,0.014,15.57,201.16
w0J0LMF58tk,UC2IjY1Gm6b7pYp-vMJ2R9ig,2,0,0,0,0,0.0,0.06,0.0
w0d7Jv2t570,UCnwjt6PgkKuZC4S1A0yTOFQ,14,0,0,0,0,0.018,14.61,257.79
w1V4QtfeSuM,UCf3lAEw_WPtcgHMUVAunzSw,3,0,0,0,0,0.001,13.8,4.0
w1iCU4GnZ6c,UCXJiqB85OD4gnutvJ-gKHsg,65681,457,5,238,138,112.668,8.01,313.49
w38Jl3aIM6Y,UCTGoaBFABIBLXcqXzCM5D3A,840,5,0,0,1,0.0,57.61,17.58
w3TtFNGfPv0,UCxfDVRNK6SoN59v_t3ZJ33A,6,0,0,0,0,0.002,25.3,16.33
w3eVAjl20Xk,UCSlOhfr5f-RPRP50yRri1uA,40,0,0,0,0,0.0,81.1,75.75
w3uOY5NbokU,UCT7ZxKrKqxBvAODr8h_ODkA,232,3,0,0,0,0.369,8.6,207.6
w6IhPcuY_k4,UCZem4a64VnhfA4CBw9vM2bg,144,2,0,0,0,0.453,15.0,213.29
w7sZ26ieTvw,UCL_RZ1IidYQkVQxfimfnPSQ,18,0,0,0,0,0.001,32.28,10.0
w9WpiveDdUY,UCAkSxwl8Lbk2hBXAAfsEFTA,12,0,0,0,0,0.002,12.19,7.0
w9dDCMNtm2U,UCkIOcyGqKTJMIIyFHJunYDA,523,4,0,0,0,0.046,50.73,16.0
w9o6sFntjvY,UCeVTtB1kN607CxFrFkiqjgQ,2,0,0,0,0,0.024,12.28,188.5
w9udcql4NPY,UC2IjY1Gm6b7pYp-vMJ2R9ig,1674,5,2,0,2,2.41,12.01,145.9
wBTCbTBVRnM,UCSlOhfr5f-RPRP50yRri1uA,15,0,0,0,0,0.0,22.09,18.33
wBhtpnxce74,UCxfDVRNK6SoN59v_t3ZJ33A,2,0,0,0,0,0.0,0.0,0.0
wBkhDkdQLlk,UCZem4a64VnhfA4CBw9vM2bg,262,4,0,0,0,0.029,92.0,57.38
wD7LXehkJgo,UCLQ4NoTptaCDG4nUvDLtUoQ,14,0,0,0,0,0.011,1.6,116.36
wDNTTEAllW0,UCZFs3JqsRIqtqYgo4HahDUQ,62,0,0,0,0,0.0,51.53,11.77
wE9zw5Tbj1s,UCeVTtB1kN607CxFrFkiqjgQ,6,1,0,0,0,0.0,11.37,9.5
wEboMAR43Po,UCk2O5vfW3c_W5YWQ_BoD1Ug,25333,439,3,13,36,1.384,49.86,26.0
wF9rlQWw0e8,UCJw9px5fOp-nwJG6g4gN1ng,98,2,0,0,0,0.009,102.25,13.49
wFx8N7wmXA4,UCMGKZD9ggu_Pfo4dkL47cXQ,2334,22,1,0,11,4.005,13.24,254.78
wFxgHFC_C00,UCMGKZD9ggu_Pfo4dkL47cXQ,32,0,0,0,0,0.078,11.75,85.88
wGMRMP5BWUc,UCEFB0gMdnD1NyiZaedHg2hQ,121,3,0,0,0,0.109,10.16,137.4
wGMdAfE8A_A,UCZFs3JqsRIqtqYgo4HahDUQ,46,0,0,0,0,0.001,24.51,22.43
wGr_4kqtJI8,UCMGKZD9ggu_Pfo4dkL47cXQ,24,0,0,0,0,0.029,12.68,135.67
wHzqGhjgcAg,UCHONLLEtQ4f9yoqa1BWlhSg,2,0,0,0,0,0.0,0.59,8.5
wIDPv06dDSY,UCxxl4xdZZqRSSz2VfnFBhwA,1,0,0,0,0,0.0,8.65,99.0
wJQeb4PRi4o,UCf3lAEw_WPtcgHMUVAunzSw,2067,6,0,2,5,7.484,3.84,286.83
wJbucGeh8s8,UChhBhc7qJ42rgzAIPe9z6Cg,4,0,0,0,0,0.004,20.71,304.0
wKVd_6Pyypc,UCp013Ih_EWf3SXO8F4ftIwQ,603,2,0,0,0,0.023,42.54,9.0
wKm91j3S4oQ,UC8gDq5ENmiVuJZIVsiZbQ8g,52,1,0,0,0,0.0,46.65,15.56
wLAtXkaOu0U,UCm3RYOItKT_P0-oRCkkSMZw,390,1,0,0,1,0.001,19.48,13.0
wLH5vzX5eT0,UCMGKZD9ggu_Pfo4dkL47cXQ,9,0,0,0,0,0.002,34.86,20.33
wM8DRjMQzG4,UCxfDVRNK6SoN59v_t3ZJ33A,11,0,0,0,0,0.044,27.43,1042.73
wMM1-k96iAE,UCVRU0wQxaEQdq0CKQHfifZg,1781,6,0,1,1,4.552,3.91,219.3
wMeYVkmVZx8,UCeVTtB1kN607CxFrFkiqjgQ,67,2,0,0,0,0.006,25.15,27.52
wNATherLahg,UC77WdDKy6cbCxZkC46eaudA,2,0,0,0,0,0.0,11.77,41.0
wOOxF7xfRNA,UC0GVHmLgrxE2SS8F0C19JVg,9,0,0,0,0,0.0,0.0,0.0
wOch6MHZ-WQ,UCZem4a64VnhfA4CBw9vM2bg,165,4,0,0,0,0.023,81.72,25.47
wOw036_YDPQ,UCxxl4xdZZqRSSz2VfnFBhwA,7,0,0,0,0,0.0,1.14,23.71
wOwOG0BD-Q4,UCAkSxwl8Lbk2hBXAAfsEFTA,0,0,0,0,0,0.0,0.0,0.0
wPqV7YkteMU,UCZFs3JqsRIqtqYgo4HahDUQ,15,0,0,0,0,0.0,13.46,5.87
wPrB4xLiL-U,UCOfo1ycUYYsMkBRS56TSo3Q,652,1,0,0,0,0.0,32.95,10.78
wQOV0SMMW4I,UCp013Ih_EWf3SXO8F4ftIwQ,2236,10,0,0,1,0.038,61.84,11.0
wQjATPRxJU8,UC77WdDKy6cbCxZkC46eaudA,5,0,0,0,0,0.0,2.02,24.6
wROnGn_S5cE,UCJw9px5fOp-nwJG6g4gN1ng,93,2,0,0,0,0.01,74.82,21.19
wUkWC6hgJVk,UC80LfoIH6FrzHTm6lXTWCKQ,2,0,0,0,0,0.0,3.41,40.0
wV0H8vST2ZA,UCm3RYOItKT_P0-oRCkkSMZw,20,0,0,0,0,0.035,9.68,156.4
wVYfOpXzQL8,UCAkSxwl8Lbk2hBXAAfsEFTA,1,0,0,0,0,0.0,0.15,2.0
wY7iwa-Yt40,UCSlOhfr5f-RPRP50yRri1uA,28,0,0,0,0,0.001,34.16,15.5
wYICSuR8C00,UCxfDVRNK6SoN59v_t3ZJ33A,5,0,0,0,0,0.0,30.15,81.0
wZC1xr51PZE,UCnwjt6PgkKuZC4S1A0yTOFQ,455,0,0,0,0,0.27,1.47,18.1
wZYsuzBr9f4,UCk2O5vfW3c_W5YWQ_BoD1Ug,101,1,0,0,0,0.003,323.13,225.3
w_1PxkzlJ_c,UCxhHKduxLRNAOC_GUHPPf1Q,17,0,0,0,0,0.0,47.09,27.59
wc69knipvGY,UCJw9px5fOp-nwJG6g4gN1ng,9896,164,1,1,9,0.85,87.17,20.45
wcBZ2WyBoOk,UC8gDq5ENmiVuJZIVsiZbQ8g,6440,31,0,2,3,0.18,50.71,16.02
weXBX9qVJqw,UCbnCFV5_c-nGiEQN1anEO5A,1,0,0,0,0,0.0,0.0,0.0
wfAGyoDDdQA,UC2IjY1Gm6b7pYp-vMJ2R9ig,25,0,0,0,0,0.157,10.43,128.24
wfkbYnOMey0,UCTqUiADoXl9Cq74vCP4FJCQ,10,0,0,0,0,0.0,6.16,4.9
wgly3RbpDTo,UCxfDVRNK6SoN59v_t3ZJ33A,17,0,0,0,0,0.0,53.92,45.06
whUkdy4gcow,UCmhHN34V-dphAOk3RXxjb0g,703,8,0,0,0,0.006,65.28,37.0
wiWGEpZnDxM,UCT7ZxKrKqxBvAODr8h_ODkA,2,0,0,0,0,0.0,6.02,31.0
wk78hC-eK9Q,UCOfo1ycUYYsMkBRS56TSo3Q,2803,0,0,0,0,0.18,71.52,21.98
wkAEWq5-nLo,UCnwjt6PgkKuZC4S1A0yTOFQ,90,0,0,0,0,0.0,4.98,1.0
wlA8e9zEQSo,UCkIOcyGqKTJMIIyFHJunYDA,851,1,0,0,0,1.72,1.29,94.96
wmnKmZ-epOM,UCEFB0gMdnD1NyiZaedHg2hQ,134,0,0,0,0,0.177,12.3,60.3
wn-w3BRjr6Y,UC0GVHmLgrxE2SS8F0C19JVg,1,0,0,0,0,0.0,3.43,70.0
wsG9Jh6-nrk,UCSlOhfr5f-RPRP50yRri1uA,13,0,0,0,0,0.0,38.11,57.23
wsZRXuMOChE,UCf3lAEw_WPtcgHMUVAunzSw,249,0,0,0,0,0.004,58.03,18.0
wsmtV2bM4Z8,UCSlOhfr5f-RPRP50yRri1uA,256,1,0,0,0,0.011,46.43,21.05
wuwyrKv81Ig,UCOfo1ycUYYsMkBRS56TSo3Q,94,1,0,0,0,0.183,6.29,274.68
wv-usDNqeGM,UCSlOhfr5f-RPRP50yRri1uA,34,0,0,0,0,0.001,67.18,61.12
wv5Ij3hLEEY,UCxhHKduxLRNAOC_GUHPPf1Q,65,0,0,0,2,0.095,5.79,281.62
wwqUGpHRiPY,UCxhHKduxLRNAOC_GUHPPf1Q,5,0,0,0,0,0.001,46.52,37.2
wxNcOnW2BvM,UCZFs3JqsRIqtqYgo4HahDUQ,77,0,0,0,0,0.004,59.81,19.49
wy-Dz6iM9Lg,UC8gDq5ENmiVuJZIVsiZbQ8g,49,0,0,0,0,0.001,32.18,9.88
wyrW-yRehFw,UCZem4a64VnhfA4CBw9vM2bg,9,0,0,0,0,0.002,85.75,29.22
wzk4UQiNcrE,UCLQ4NoTptaCDG4nUvDLtUoQ,79,0,0,0,0,0.404,1.41,117.82
wzrGPTqqKiE,UCJw9px5fOp-nwJG6g4gN1ng,463,7,1,1,0,0.65,3.34,124.01
x-2yKP04VEM,UCTqUiADoXl9Cq74vCP4FJCQ,2644,11,0,1,5,1.759,2.77,245.26
x-3V5ofwN3E,UCf3lAEw_WPtcgHMUVAunzSw,2734,4,0,0,2,0.106,43.84,13.0
x0cVC8XVhuc,UCZem4a64VnhfA4CBw9vM2bg,28,-1,0,0,0,0.001,50.4,20.82
x1gbfw7RUlw,UC80LfoIH6FrzHTm6lXTWCKQ,1,0,0,0,0,0.0,0.0,0.0
x2jF1Zv0Fbg,UCLQ4NoTptaCDG4nUvDLtUoQ,3086,3,0,0,1,2.261,0.28,23.52
x4JmM1vcun8,UCxfDVRNK6SoN59v_t3ZJ33A,6,0,0,0,0,0.0,101.04,67.0
x4voE_GuitY,UCdtOFTQ1GVPKzvOYsi1ApIw,160,0,0,0,0,0.0,0.03,0.03
x52S3qswuKU,UCeVTtB1kN607CxFrFkiqjgQ,10,0,0,0,0,0.002,50.65,42.8
x59ssq6ZAjw,UCm3RYOItKT_P0-oRCkkSMZw,21,0,0,0,0,0.013,11.61,70.71
x5wzf2ADADY,UCZFs3JqsRIqtqYgo4HahDUQ,47,1,0,0,0,0.0,66.72,18.74
x7C4J6dNiSU,UCAkSxwl8Lbk2hBXAAfsEFTA,7,0,0,0,0,0.007,4.72,110.0
x7IWP26ESzU,UCxxl4xdZZqRSSz2VfnFBhwA,308,1,0,0,2,0.28,8.96,196.06
x7XLRjjuCyI,UCl_Nqhf2SGNwv4uvbvs3upg,124,1,0,0,0,0.006,71.66,22.0
x7ey082xpas,UCT7ZxKrKqxBvAODr8h_ODkA,5844,47,5,3,12,6.754,6.31,233.5
x90q8a6_JLQ,UCxxl4xdZZqRSSz2VfnFBhwA,2,0,0,0,0,0.007,1.48,29.0
xAzRWJYGVIk,UCk2O5vfW3c_W5YWQ_BoD1Ug,1834,29,1,0,1,0.177,38.03,63.04
xB_GHvllLIE,UCk2O5vfW3c_W5YWQ_BoD1Ug,595,2,0,0,0,0.038,88.34,31.32
xCOLa48KJ88,UCk2O5vfW3c_W5YWQ_BoD1Ug,55205,407,4,17,30,4.874,94.86,29.67
xCTqywXTu1Q,UCpUrAXv2lzGxM4plYB7CE-A,0,0,0,0,0,0.0,0.0,0.0
xD014YNhnvU,UCT7ZxKrKqxBvAODr8h_ODkA,3,0,0,0,0,0.0,0.62,11.0
xDtrbqJMDIE,UCl_Nqhf2SGNwv4uvbvs3upg,77,0,0,0,1,0.215,9.89,388.0
xEkMayqsBzE,UCXJiqB85OD4gnutvJ-gKHsg,54,0,0,0,0,0.001,0.8,32.59
xFKvzOTOOPg,UCx08xHWVSQIiujaTJb8HWYg,26,1,0,0,0,0.038,2.42,175.58
xFLNJ63ip4I,UCAkSxwl8Lbk2hBXAAfsEFTA,111,-1,0,0,0,0.01,37.56,22.05
xFdLnI-_uoM,UCT7ZxKrKqxBvAODr8h_ODkA,4,0,0,0,0,0.0,1.19,5.0
xFtF6VGDfhw,UCxfDVRNK6SoN59v_t3ZJ33A,150,0,0,0,1,0.169,14.56,273.0
xGGmAPkeOGA,UCsbnInDepLdq6o781WVZ-5g,9,0,0,0,0,0.001,63.97,18.44
xHGZeX9KWDI,UCk2O5vfW3c_W5YWQ_BoD1Ug,81,0,0,0,0,0.004,45.22,38.3
xHymiobCHIM,UCTqUiADoXl9Cq74vCP4FJCQ,155,0,0,0,0,0.007,44.06,13.49
xIuwOFtcnEI,UC80LfoIH6FrzHTm6lXTWCKQ,3,0,0,0,0,0.0,9.38,112.0
xJ5c2Woiyq8,UCmhHN34V-dphAOk3RXxjb0g,4153,0,0,0,0,0.0,0.04,0.03
xJFMUIc0WPA,UC82nFsZOjs5Tr96upPPq9Ww,1,0,0,0,0,0.0,0.29,4.0
xKFcoogcCA4,UCL_RZ1IidYQkVQxfimfnPSQ,4,1,0,0,0,0.001,7.59,4.0
xLK0K2iZz4Q,UCMGKZD9ggu_Pfo4dkL47cXQ,23,0,0,0,0,0.004,86.56,19.57
xLVBxXNWV7E,UCnwjt6PgkKuZC4S1A0yTOFQ,184,0,0,0,0,0.0,100.41,29.35
xLc9xksR8ok,UCLQ4NoTptaCDG4nUvDLtUoQ,229,1,0,0,0,0.672,2.68,194.92
xLctYkznEY8,UCOfo1ycUYYsMkBRS56TSo3Q,5720,0,0,0,0,0.451,59.92,17.01
xN1_Axx-PRA,UCSlOhfr5f-RPRP50yRri1uA,375,0,0,0,0,0.01,52.29,15.95
xOz4hok71tw,UCeVTtB1kN607CxFrFkiqjgQ,1,0,0,0,0,0.0,0.29,4.0
xPQFQZuYSjY,UCeVTtB1kN607CxFrFkiqjgQ,28,0,0,0,0,0.002,25.59,16.64
xP_Em3TR71g,UCIg97fCjw1HnS8vPqwiHLGA,14,0,0,0,0,0.0,28.88,336.57
xPqmkhPucVE,UC8gDq5ENmiVuJZIVsiZbQ8g,1,0,0,0,0,0.001,11.09,13.0
xQS_k4OfJI8,UCf3lAEw_WPtcgHMUVAunzSw,1,0,0,0,0,0.001,29.59,9.0
xR2ZxwpMaeU,UCZem4a64VnhfA4CBw9vM2bg,182,5,0,0,0,0.018,57.96,14.97
xRI7fTH_WY4,UCAkSxwl8Lbk2hBXAAfsEFTA,2,0,0,0,0,0.0,0.89,28.0
xRzDsh_UV-k,UCHONLLEtQ4f9yoqa1BWlhSg,30,0,0,0,0,0.003,78.48,25.63
xSC4w6oN2mg,UCeVTtB1kN607CxFrFkiqjgQ,6,0,0,0,0,0.089,11.79,182.0
xTl8T0FanTE,UCeVTtB1kN607CxFrFkiqjgQ,6,0,0,0,0,0.001,67.94,37.33
xTv1nCoCNPE,UCf3lAEw_WPtcgHMUVAunzSw,30,1,0,0,0,0.059,1.95,124.0
xU3V80DiEKA,UC0GVHmLgrxE2SS8F0C19JVg,4,0,0,0,0,0.001,84.87,47.25
xUIiLeuLqpM,UC82nFsZOjs5Tr96upPPq9Ww,11,0,0,0,0,0.013,7.87,353.55
xUjyvVYV94M,UCkIOcyGqKTJMIIyFHJunYDA,101,0,0,0,0,0.069,1.34,95.0
xUrvCol-gH4,UCnwjt6PgkKuZC4S1A0yTOFQ,2380,12,0,1,4,0.98,13.51,214.04
xVW30XRZ3jU,UCSlOhfr5f-RPRP50yRri1uA,234,0,0,0,0,0.005,35.39,16.1
xWXQbvvFM3Y,UCl_Nqhf2SGNwv4uvbvs3upg,9510,55,2,5,20,23.309,4.7,283.0
xYPmj7-7cgE,UC2IjY1Gm6b7pYp-vMJ2R9ig,167,0,0,0,0,0.382,14.1,145.19
xYUIFfFhcIA,UCVRU0wQxaEQdq0CKQHfifZg,3344,11,1,1,3,9.59,4.34,171.77
xZNNzKPw-d0,UC2jHP3YhgMucr6UlgFzRhbA,382,1,0,0,0,0.001,18.86,25.0
xZg-IZkyC9w,UCx08xHWVSQIiujaTJb8HWYg,18,0,0,0,0,0.01,5.67,212.11
x_G0XYRmGlw,UCLQ4NoTptaCDG4nUvDLtUoQ,2278,8,0,0,1,0.094,22.62,34.09
x_GGkiC4Ajg,UC0GVHmLgrxE2SS8F0C19JVg,5,0,0,0,1,0.0,18.01,249.2
x_nCk8_M8Fo,UCZem4a64VnhfA4CBw9vM2bg,292,4,0,0,0,0.028,70.93,16.1
x_oeuYUwpBQ,UCL_RZ1IidYQkVQxfimfnPSQ,22,1,0,0,2,0.019,3.83,67.0
xaOWqiLwiFU,UCT7ZxKrKqxBvAODr8h_ODkA,46,0,0,0,0,0.019,8.67,102.76
xb3Avsx4SlE,UC0GVHmLgrxE2SS8F0C19JVg,80,2,0,0,0,0.005,79.28,20.73
xcrRz54pHfc,UCm3RYOItKT_P0-oRCkkSMZw,240,0,0,0,0,0.086,8.39,87.51
xdn45C_vZtA,UCpUrAXv2lzGxM4plYB7CE-A,8,0,0,0,0,0.0,3.67,168.0
xdpiaz_WJ8w,UCAkSxwl8Lbk2hBXAAfsEFTA,0,0,0,0,0,0.0,0.0,0.0
xfuEwXp_L5g,UCJw9px5fOp-nwJG6g4gN1ng,497,7,0,0,0,0.036,64.7,16.0
xgjeDWHTW0U,UCT7ZxKrKqxBvAODr8h_ODkA,10,0,0,0,0,0.001,1.4,19.6
xiA3MPnGKAc,UCsbnInDepLdq6o781WVZ-5g,269,1,0,0,0,0.064,4.3,74.89
xii_-58Jy-8,UCSlOhfr5f-RPRP50yRri1uA,15,0,0,0,0,0.0,19.17,19.07
xj4P7f62a_8,UCZFs3JqsRIqtqYgo4HahDUQ,63,0,0,0,0,0.002,56.21,22.16
xlOonpgi3Lk,UC2IjY1Gm6b7pYp-vMJ2R9ig,3,0,0,0,0,0.0,1.89,147.67
xoAurmlQ69A,UCxhHKduxLRNAOC_GUHPPf1Q,634,7,0,0,2,0.017,52.29,44.55
xoEVevMKo9c,UCLQ4NoTptaCDG4nUvDLtUoQ,62,0,0,0,0,0.012,1.5,8.23
xob532NsLOg,UC01rTYtA_UsuZ5wzxnyHFcg,1,0,0,0,0,0.0,0.67,1.0
xpEHxOS3T9M,UCT7ZxKrKqxBvAODr8h_ODkA,7,0,0,0,0,0.01,6.21,306.43
xq0BM2Omm4w,UCZem4a64VnhfA4CBw9vM2bg,616,9,0,0,1,0.063,72.34,27.56
xq3ugkDwafg,UCf3lAEw_WPtcgHMUVAunzSw,1493,36,0,0,4,0.066,64.55,34.97
xrHNEKNur4s,UCmhHN34V-dphAOk3RXxjb0g,807,0,0,0,0,1.137,6.89,247.71
xt02tqCMDlA,UC8gDq5ENmiVuJZIVsiZbQ8g,0,0,0,0,0,0.0,0.0,0.0
xvb4UMhIycs,UCxxl4xdZZqRSSz2VfnFBhwA,34,0,0,0,0,0.004,28.31,18.47
xvzzuVDXwL0,UCvfQU0Npb-ve-LxUlaAN1GA,3,0,0,0,0,0.002,15.43,224.0
xw7mmIJ-ruo,UCnwjt6PgkKuZC4S1A0yTOFQ,1,0,0,0,0,0.0,11.85,6.0
xwTNnh2ZNfQ,UCVRU0wQxaEQdq0CKQHfifZg,5449,34,0,6,11,9.4,5.6,264.78
xx7K0hT1A6c,UCbnCFV5_c-nGiEQN1anEO5A,15,0,0,0,0,0.03,28.68,147.8
xyf-oVd1unU,UCxxl4xdZZqRSSz2VfnFBhwA,654,7,0,0,1,0.388,9.81,158.25
xygmzjt3HNU,UCkIOcyGqKTJMIIyFHJunYDA,129,1,0,0,0,0.012,45.6,13.85
xz9ERDsRwjs,UCnwjt6PgkKuZC4S1A0yTOFQ,13,0,0,0,0,0.025,9.08,146.92
y03sm_w5cP8,UCJw9px5fOp-nwJG6g4gN1ng,1693,32,1,2,2,0.186,80.31,24.33
y0TFDCA_RjM,UCJw9px5fOp-nwJG6g4gN1ng,2550,17,0,0,1,0.081,60.06,15.0
y0g6XgpkeAI,UC2IjY1Gm6b7pYp-vMJ2R9ig,157,3,0,0,0,0.151,7.34,131.62
y10nzipGd6E,UCP4STX85lq_fpEtvQcq_5fw,6,1,0,0,0,0.001,7.38,70.67
y15YDHhzlkg,UCL_RZ1IidYQkVQxfimfnPSQ,23,1,0,0,0,0.001,26.2,14.0
y2WjXm8rvhg,UCxfDVRNK6SoN59v_t3ZJ33A,2,0,0,0,0,0.0,18.69,22.0
y2_6Gg8EWr4,UCSlOhfr5f-RPRP50yRri1uA,66,2,0,0,0,0.001,74.6,26.94
y7IJ0rczKe8,UCp013Ih_EWf3SXO8F4ftIwQ,1703,13,0,0,0,0.077,69.32,15.0
y85DXi5OVCg,UCSlOhfr5f-RPRP50yRri1uA,2846,28,0,0,6,0.125,64.64,34.53
y9n__4TJ1ko,UCpUrAXv2lzGxM4plYB7CE-A,282195,2236,0,0,3,6.39,62.8,20.0
y9xMYYjTZws,UCXJiqB85OD4gnutvJ-gKHsg,374,1,0,0,1,0.226,2.32,92.71
yAA9GwSod8Y,UC2IjY1Gm6b7pYp-vMJ2R9ig,21,0,0,0,0,0.017,3.37,238.67
yD9pxuZu41M,UCMGKZD9ggu_Pfo4dkL47cXQ,110,0,0,0,1,0.015,91.59,18.78
yDMUCfLZWBg,UCbnCFV5_c-nGiEQN1anEO5A,1,0,0,0,0,0.0,0.6,9.0
yEKkZSXFFcc,UCSlOhfr5f-RPRP50yRri1uA,5,0,0,0,0,0.0,4.18,3.2
yEhYZMMn7_0,UCqbTAXnwXspcNb7l3UqrOHQ,403,12,0,1,0,0.041,77.36,23.05
yGFZVtYGYuc,UC77WdDKy6cbCxZkC46eaudA,28,1,0,0,0,0.042,5.2,79.0
yHkyTM2y0Pw,UCdtOFTQ1GVPKzvOYsi1ApIw,2750,1,0,0,0,0.001,1568.0,1128.65
yIJpvHzMLLE,UC8gDq5ENmiVuJZIVsiZbQ8g,156,3,0,0,0,0.005,66.56,20.82
yJB6E6Nvtoc,UCpUrAXv2lzGxM4plYB7CE-A,4,0,0,0,0,0.001,24.6,275.0
yKJeNIqKIyE,UCJw9px5fOp-nwJG6g4gN1ng,303,5,0,0,0,0.023,69.6,19.32
yKXQCMthlh8,UC2jHP3YhgMucr6UlgFzRhbA,296,0,0,0,0,0.002,19.36,19.0
yKfBR4wt7Ks,UCqbTAXnwXspcNb7l3UqrOHQ,263,7,0,0,1,0.035,80.67,23.0
yLM9ZiQLI2g,UCZFs3JqsRIqtqYgo4HahDUQ,13,0,0,0,0,0.0,90.33,49.85
yLnfQZbOIS0,UCHONLLEtQ4f9yoqa1BWlhSg,2,0,0,0,0,0.0,2.39,53.0
yLvYSG9WZ5s,UCl_Nqhf2SGNwv4uvbvs3upg,298,1,0,0,0,0.489,4.62,276.0
yMUomb7RBaI,UCZem4a64VnhfA4CBw9vM2bg,2088,38,0,0,1,0.246,57.9,24.41
yNZVnZvqeig,UCZem4a64VnhfA4CBw9vM2bg,172,3,0,1,0,0.074,9.97,146.14
yPSxtpVdz6A,UCxxl4xdZZqRSSz2VfnFBhwA,55,0,0,0,0,0.01,32.35,22.27
yPrqngm7F-A,UCnKHDbf4TM65HyT2XdQaT6Q,21370,221,4,38,41,28.014,5.48,301.0
ySjwPQag69s,UCxfDVRNK6SoN59v_t3ZJ33A,109,1,0,0,1,0.014,59.27,45.85
yTLCaUuuBSo,UCIg97fCjw1HnS8vPqwiHLGA,5,0,0,0,0,0.001,64.69,62.2
yTYBjpobg14,UCctSzoeee7KCnR84dZ6IO7w,4,0,0,0,0,0.003,25.37,471.0
yVCBPfvhVh8,UCk2O5vfW3c_W5YWQ_BoD1Ug,6449,94,0,1,6,0.683,48.6,73.44
yVx5_k5hwDE,UCZem4a64VnhfA4CBw9vM2bg,76,1,0,0,0,0.011,56.31,18.55
yX6kdCqgehQ,UCx08xHWVSQIiujaTJb8HWYg,84,0,0,0,0,0.159,5.59,49.43
yXKwVuSkk5Q,UCSlOhfr5f-RPRP50yRri1uA,67,0,0,0,0,0.001,38.18,31.54
yY4fAtgGXWw,UC8gDq5ENmiVuJZIVsiZbQ8g,30,0,0,0,0,0.003,50.51,14.5
yZ9RK3NqY5s,UCsbnInDepLdq6o781WVZ-5g,14,0,0,0,0,0.008,5.11,40.5
yZPNpgyqh7Q,UCctSzoeee7KCnR84dZ6IO7w,1,0,0,0,0,0.005,0.0,0.0
y_4oRtW7Pn4,UChhBhc7qJ42rgzAIPe9z6Cg,10,0,0,0,0,0.018,14.92,153.0
ya4g-VjRwBU,UC2IjY1Gm6b7pYp-vMJ2R9ig,1,0,0,0,0,0.0,0.0,0.0
ybHSLmfWunU,UCx08xHWVSQIiujaTJb8HWYg,800,2,0,0,0,2.16,9.08,345.59
ybg9pz9Ei08,UCLQ4NoTptaCDG4nUvDLtUoQ,7,0,0,0,0,0.0,2.03,11.86
ycBxKnUzejw,UCZFs3JqsRIqtqYgo4HahDUQ,57,0,0,0,0,0.0,20.43,19.84
ycPtMkotzE0,UCZFs3JqsRIqtqYgo4HahDUQ,49,1,0,0,0,0.187,2.4,138.76
ycVHl2-8xQk,UCc-V01UlW1n8eGLpATLA5gw,200,1,0,1,1,0.284,7.62,415.0
ycbmIQF3nFY,UCAkSxwl8Lbk2hBXAAfsEFTA,3,0,0,0,0,0.003,1.17,46.0
ycgvZDQdREc,UCT7ZxKrKqxBvAODr8h_ODkA,36,0,0,0,0,0.004,15.57,91.11
ydOdu3IopEQ,UCEFB0gMdnD1NyiZaedHg2hQ,99,1,0,0,0,0.006,38.97,34.12
yf6fkjO5MYU,UCeVTtB1kN607CxFrFkiqjgQ,9,1,0,0,0,0.002,44.13,41.33
ygF2JVeif3I,UCnwjt6PgkKuZC4S1A0yTOFQ,7,0,0,0,0,0.009,1.34,16.14
ygLY2tzUGyI,UCZem4a64VnhfA4CBw9vM2bg,242,0,0,0,0,0.37,18.63,101.14
yguB-YRnL2k,UCL_RZ1IidYQkVQxfimfnPSQ,1,0,0,0,0,0.0,0.0,0.0
yjea0qLiSYo,UCZFs3JqsRIqtqYgo4HahDUQ,23,0,0,0,0,0.0,21.68,13.91
yk1DFU9pn1w,UCf3lAEw_WPtcgHMUVAunzSw,419,3,0,0,0,0.006,56.34,16.53
ymjtA01kRdk,UCxxl4xdZZqRSSz2VfnFBhwA,559,8,0,0,1,0.1,71.03,21.68
yo6dVaVyl_Q,UCXJiqB85OD4gnutvJ-gKHsg,4329,60,0,3,10,0.521,71.74,22.0
ypbuSzw2SS8,UCf3lAEw_WPtcgHMUVAunzSw,112,1,0,0,0,0.009,69.25,8.55
yqWDOFdUO-w,UCZFs3JqsRIqtqYgo4HahDUQ,97,0,0,0,0,0.003,48.69,14.71
yqwqJ3esCR4,UCHONLLEtQ4f9yoqa1BWlhSg,1,0,0,0,0,0.0,0.44,7.0
yr2eXx4WvTk,UCeVTtB1kN607CxFrFkiqjgQ,1,0,0,0,0,0.004,0.64,9.0
yrtTvsXMzeM,UCZem4a64VnhfA4CBw9vM2bg,40,0,0,0,0,0.003,68.96,22.62
ys01LkMSnqY,UCHONLLEtQ4f9yoqa1BWlhSg,17,0,0,0,0,0.001,106.17,35.82
yt7Simq0h6I,UCm3RYOItKT_P0-oRCkkSMZw,2,0,0,0,0,0.0,23.82,4.0
yu7nbWE2X6I,UCxxl4xdZZqRSSz2VfnFBhwA,6,0,0,0,0,0.001,12.36,15.33
yu7o_8i8Drk,UCpUrAXv2lzGxM4plYB7CE-A,24,0,0,0,0,0.0,68.04,23.0
yubx_7uPDTA,UCpUrAXv2lzGxM4plYB7CE-A,950552,5010,0,1,1000,43.545,83.25,24.98
yupuLo6x_yw,UCeVTtB1kN607CxFrFkiqjgQ,89,1,0,0,0,0.012,31.69,24.03
yyauYSDNtoc,UCMGKZD9ggu_Pfo4dkL47cXQ,50,0,0,0,0,0.007,67.07,12.48
yzmV_uSrAjg,UC0GVHmLgrxE2SS8F0C19JVg,3374,31,0,1,9,7.821,19.97,256.31
z-ExCVmpCCQ,UCOfo1ycUYYsMkBRS56TSo3Q,630,4,0,0,0,0.0,67.41,21.95
z-TbV9XRrRQ,UC2IjY1Gm6b7pYp-vMJ2R9ig,5,0,0,0,0,0.012,37.95,257.8
z0966OL5j2E,UC8gDq5ENmiVuJZIVsiZbQ8g,745,4,0,0,1,0.013,48.56,15.61
z0CDNhV8S_E,UCk2O5vfW3c_W5YWQ_BoD1Ug,1254,10,0,0,2,0.074,75.35,48.5
z0E3-d5pDXc,UCqbTAXnwXspcNb7l3UqrOHQ,180,4,0,0,0,0.024,85.35,16.26
z287DeLfMQI,UCOfo1ycUYYsMkBRS56TSo3Q,0,0,0,0,0,0.0,0.0,0.0
z2cznie6nkw,UCIg97fCjw1HnS8vPqwiHLGA,6,0,0,0,0,0.001,92.12,69.67
z3G37t2SQn0,UC0GVHmLgrxE2SS8F0C19JVg,10,0,0,0,0,0.003,44.33,21.6
z3KUZYISWZU,UC3WZLJlwYaCEurdUywF8ibg,41436,498,0,0,498,0.0,21.95,56.05
z4p4xIkbtLA,UCm3RYOItKT_P0-oRCkkSMZw,18,0,0,0,0,0.002,81.99,14.06
z5WLqpGyBCQ,UCZem4a64VnhfA4CBw9vM2bg,300,2,0,0,0,0.027,56.39,24.69
z6-JTe3IfqU,UCZFs3JqsRIqtqYgo4HahDUQ,35,0,0,0,0,0.022,1.82,134.29
z61j0fObl6E,UCZem4a64VnhfA4CBw9vM2bg,68,1,0,0,0,0.006,60.71,18.59
z6VM1ADkv_k,UCOfo1ycUYYsMkBRS56TSo3Q,156,0,0,0,0,0.009,52.82,16.0
z6j1iElhnrY,UCxxl4xdZZqRSSz2VfnFBhwA,102,4,0,0,0,0.011,35.35,29.76
z6qxcx-tjw8,UC2IjY1Gm6b7pYp-vMJ2R9ig,4,0,0,0,0,0.0,30.77,12.75
z7dtyJlaBpI,UCxxl4xdZZqRSSz2VfnFBhwA,26,0,0,0,0,0.007,64.63,54.65
z8SBKUIjNHo,UCxfDVRNK6SoN59v_t3ZJ33A,12,0,0,0,0,0.002,75.19,53.42
z9E1AJFDQ9s,UCxxl4xdZZqRSSz2VfnFBhwA,21,0,0,0,0,0.004,33.65,17.86
z9ZQNL8sFss,UCVRU0wQxaEQdq0CKQHfifZg,731,6,0,0,3,0.511,5.01,229.69
z9jSflPBA_k,UC0GVHmLgrxE2SS8F0C19JVg,19,0,0,0,0,0.003,53.05,14.53
zB4EoqX5420,UCHONLLEtQ4f9yoqa1BWlhSg,4,0,0,0,0,0.002,0.02,0.5
zBMSPgLwLvg,UC82nFsZOjs5Tr96upPPq9Ww,2,0,0,0,0,0.0,100.83,85.0
zBgTYUV3ta0,UCm3RYOItKT_P0-oRCkkSMZw,1,0,0,0,0,0.0,0.62,11.0
zBsZ1FQyX-I,UC77WdDKy6cbCxZkC46eaudA,24,0,0,0,0,0.015,7.7,78.75
zD6yZ4yDVRc,UCpUrAXv2lzGxM4plYB7CE-A,29,0,0,0,0,0.001,27.73,10.0
zDwqI6_vQXE,UCTqUiADoXl9Cq74vCP4FJCQ,7,0,0,0,0,0.005,1.99,151.43
zF0qNzTE-9Q,UCP4STX85lq_fpEtvQcq_5fw,83,1,0,0,0,0.022,16.66,65.45
zFh8ncdLd7A,UC2IjY1Gm6b7pYp-vMJ2R9ig,0,0,0,0,0,0.0,0.0,0.0
zFzY2pH7AGk,UCXJiqB85OD4gnutvJ-gKHsg,39,0,0,0,0,0.003,35.1,24.31
zHihHuNcEcM,UC2jHP3YhgMucr6UlgFzRhbA,1314,9,0,0,1,0.009,63.72,14.0
zI7Ajw7xMCg,UCkIOcyGqKTJMIIyFHJunYDA,307,2,0,0,1,0.169,0.87,66.61
zJmcpI4P8GQ,UCZem4a64VnhfA4CBw9vM2bg,15,0,0,0,0,0.002,66.31,19.07
zJs4AWBMyEw,UCZFs3JqsRIqtqYgo4HahDUQ,143,0,0,0,0,0.055,0.52,22.33
zMFk7D-AnmQ,UC2IjY1Gm6b7pYp-vMJ2R9ig,0,0,0,0,0,0.0,0.0,0.0
zMIPEdE1TS0,UCJw9px5fOp-nwJG6g4gN1ng,92,2,0,0,0,0.287,12.76,211.5
zMQt8JPEVq0,UCk2O5vfW3c_W5YWQ_BoD1Ug,113,1,0,0,0,0.008,56.0,21.19
zN3OMZcka3w,UCpUrAXv2lzGxM4plYB7CE-A,216332,1,0,0,159,162.042,1.63,100.02
zOWUHJKiiJQ,UC49-b-BhbYoG54YNkwmzg8w,1,0,0,0,0,0.0,8.04,101.0
zOwggExwFow,UCeVTtB1kN607CxFrFkiqjgQ,12,1,0,0,0,0.003,80.75,54.5
zPwafFD5MBI,UCeVTtB1kN607CxFrFkiqjgQ,139,2,0,0,0,0.012,70.29,16.18
zRVYpyAqLN0,UCkIOcyGqKTJMIIyFHJunYDA,214,1,0,0,0,1.182,3.4,234.94
zS2U2zlDkdg,UCf3lAEw_WPtcgHMUVAunzSw,129,0,0,0,0,0.002,65.22,20.0
zSu7ftdW0A8,UCnwjt6PgkKuZC4S1A0yTOFQ,363,0,0,0,0,0.001,1.96,27.62
zT-qhYCtbvE,UCkIOcyGqKTJMIIyFHJunYDA,128,0,0,0,0,0.004,32.36,23.27
zTwzp5y9J5E,UCk2O5vfW3c_W5YWQ_BoD1Ug,3124,36,0,0,11,0.35,47.91,34.5
zVNiOysE1ZM,UCsbnInDepLdq6o781WVZ-5g,18,0,0,0,0,0.001,3.3,131.17
zVY_Q9uSzKE,UCMGKZD9ggu_Pfo4dkL47cXQ,500,8,0,2,1,0.068,78.3,22.0
zWD_FZdvlkM,UCeVTtB1kN607CxFrFkiqjgQ,11,1,0,0,0,0.001,55.69,46.45
zWlK3eLLElw,UCk2O5vfW3c_W5YWQ_BoD1Ug,62,1,0,0,0,0.004,60.35,40.61
zWyNs1_ERJc,UCxhHKduxLRNAOC_GUHPPf1Q,3,0,0,0,0,0.0,39.05,13.33
zY58orE_wwY,UC2jHP3YhgMucr6UlgFzRhbA,1107,7,0,0,1,0.027,54.14,9.0
zYZHk7NqyTc,UCnwjt6PgkKuZC4S1A0yTOFQ,1,0,0,0,0,0.001,0.31,4.0
zYyTc2Hx8Yw,UCnwjt6PgkKuZC4S1A0yTOFQ,1893,11,2,4,10,2.698,13.85,271.37
zZhbEEv37u4,UCxxl4xdZZqRSSz2VfnFBhwA,28,0,0,0,0,0.003,100.07,9.68
z_Bhx64trmk,UCx08xHWVSQIiujaTJb8HWYg,10,0,0,0,0,0.023,0.71,51.2
zaTpt3128TY,UCm3RYOItKT_P0-oRCkkSMZw,4,0,0,0,0,0.0,0.51,6.75
zaW66WJHzis,UCnwjt6PgkKuZC4S1A0yTOFQ,180,0,0,0,0,0.0,118.06,36.0
zb9U1-EzRik,UCnwjt6PgkKuZC4S1A0yTOFQ,7,0,0,0,0,0.001,5.86,52.29
zchQmQdjjoQ,UCl_Nqhf2SGNwv4uvbvs3upg,73,4,0,0,0,0.004,65.06,19.0
zcqBPJ6NDiM,UCpUrAXv2lzGxM4plYB7CE-A,182819,796,0,1,2,90.129,3.26,180.01
zeLs4fhlk8U,UCT7ZxKrKqxBvAODr8h_ODkA,45,0,0,0,0,0.013,14.32,201.02
zeMDrQ5wG68,UCdtOFTQ1GVPKzvOYsi1ApIw,1,0,0,0,0,0.0,0.88,39.0
zeZ18OE-T1I,UCf3lAEw_WPtcgHMUVAunzSw,1939,22,0,8,3,1.624,5.38,312.11
zfkwyPLJsq8,UCT7ZxKrKqxBvAODr8h_ODkA,12,0,0,0,0,0.001,1.77,45.33
zgZo98qW0lU,UCLQ4NoTptaCDG4nUvDLtUoQ,2,0,0,0,0,0.007,2.03,4.5
zh33c9hOCD8,UCxxl4xdZZqRSSz2VfnFBhwA,162,5,0,0,0,0.015,791.11,244.74
zhJhV46XKnc,UCdtOFTQ1GVPKzvOYsi1ApIw,159,0,0,0,0,0.0,4.76,8.0
zhenMllaWes,UCbnCFV5_c-nGiEQN1anEO5A,2,0,0,0,0,0.0,19.66,2.5
zhrdHvXuCVE,UC77WdDKy6cbCxZkC46eaudA,1,0,0,0,0,0.0,1.23,19.0
ziS-G1czA5o,UC8Fm-ogvMehvbgF0BJjKiuQ,5,0,0,0,0,0.0,18.28,12.8
ziX28Ho9hM8,UCxxl4xdZZqRSSz2VfnFBhwA,22,0,0,0,0,0.003,43.28,18.36
zivaO9cb9Y0,UCqbTAXnwXspcNb7l3UqrOHQ,190,1,0,0,0,0.02,68.49,20.34
zixblUcR2BY,UCeVTtB1kN607CxFrFkiqjgQ,4750,85,0,1,18,0.246,68.06,17.0
zjr-F1rPvEE,UCT7ZxKrKqxBvAODr8h_ODkA,224,2,0,0,0,0.113,8.61,120.5
zk1jH-L39pQ,UCxfDVRNK6SoN59v_t3ZJ33A,28,1,0,0,0,0.001,27.04,27.29
zkKU_qIKFU0,UCpUrAXv2lzGxM4plYB7CE-A,125343,1120,0,320,1116,213.149,5.1,300.06
zlKamJeUgEc,UCxxl4xdZZqRSSz2VfnFBhwA,14,0,0,0,0,0.004,21.3,19.86
zm1zCrHxUh0,UCm3RYOItKT_P0-oRCkkSMZw,10,0,0,0,0,0.058,23.88,355.0
zm3K1EOSmZ4,UCnwjt6PgkKuZC4S1A0yTOFQ,2,0,0,0,0,0.0,1.96,24.0
zoAPkbwElwM,UCp013Ih_EWf3SXO8F4ftIwQ,199,3,0,0,0,0.012,59.49,16.0
zp1ArmIrkBE,UCIg97fCjw1HnS8vPqwiHLGA,14,1,0,0,0,0.019,2.76,56.86
zpOZbvC8xK0,UCkIOcyGqKTJMIIyFHJunYDA,1682,9,0,0,0,0.128,43.53,15.0
zsJ_9gGqSb8,UCLQ4NoTptaCDG4nUvDLtUoQ,68,0,0,0,0,0.01,0.92,69.38
zteFwBTtUJY,UCOfo1ycUYYsMkBRS56TSo3Q,1009,0,0,0,0,0.09,35.84,10.32
zvItX_Hvb8M,UCxfDVRNK6SoN59v_t3ZJ33A,5,0,0,0,0,0.0,0.93,3.2
zvT1PeH1rOM,UCxhHKduxLRNAOC_GUHPPf1Q,22,1,0,0,0,0.0,42.25,23.73
zvobs6vJrRM,UCf3lAEw_WPtcgHMUVAunzSw,2,0,0,0,0,0.0,0.0,0.0
zwjBUejmhIw,UCZFs3JqsRIqtqYgo4HahDUQ,134,0,0,0,0,0.006,62.05,25.19
zwqdViNHBtI,UCxfDVRNK6SoN59v_t3ZJ33A,301,4,0,0,0,0.021,42.17,31.02
zxcfwSvaeTA,UCTGoaBFABIBLXcqXzCM5D3A,299,0,0,0,0,0.0,65.01,17.97
zy9tMQDpIMo,UC2jHP3YhgMucr6UlgFzRhbA,65,0,0,0,0,0.0,48.46,16.0
zyPXw4AGd4c,UCZem4a64VnhfA4CBw9vM2bg,49,0,0,0,0,0.195,9.15,110.24
zy_0JGKEi1o,UC2jHP3YhgMucr6UlgFzRhbA,963,7,0,0,1,0.011,88.8,27.0
zyuo5D5IyVE,UC8Fm-ogvMehvbgF0BJjKiuQ,6,0,0,0,0,0.0,84.52,55.33
zyy4y9dMLXM,UCqbTAXnwXspcNb7l3UqrOHQ,79,1,0,0,0,0.005,83.12,18.8
zzlb3F5mrXg,UCxhHKduxLRNAOC_GUHPPf1Q,3,0,0,0,0,0.0,83.33,16.67
