date,platform,channel_id,title,total_views,subscribers
2026-07-13,YouTube,UCAkSxwl8Lbk2hBXAAfsEFTA,Victor Drama,1419918,4260
2026-07-13,YouTube,UCctSzoeee7KCnR84dZ6IO7w,Maple Playhouse,408348,1830
2026-07-13,YouTube,UC82nFsZOjs5Tr96upPPq9Ww,Spur Reels,1079586,3930
2026-07-13,YouTube,UCnwjt6PgkKuZC4S1A0yTOFQ,DramaWithBestie,3064921,13100
2026-07-13,YouTube,UCHONLLEtQ4f9yoqa1BWlhSg,QuickFixDrama,3024604,4340
2026-07-13,YouTube,UC8Fm-ogvMehvbgF0BJjKiuQ,DramaFeverTV,380812,1250
2026-07-13,YouTube,UCxfDVRNK6SoN59v_t3ZJ33A,dramabook,2050320,7230
2026-07-13,YouTube,UCdtOFTQ1GVPKzvOYsi1ApIw,Pocket Movie,1915175,5820
2026-07-13,YouTube,UCSlOhfr5f-RPRP50yRri1uA,Pocket Story,591151,1630
2026-07-13,YouTube,UC2IjY1Gm6b7pYp-vMJ2R9ig,SceneClip,6902640,19800
2026-07-13,YouTube,UC77WdDKy6cbCxZkC46eaudA,Drama addict,3840199,10000
2026-07-13,YouTube,UChhBhc7qJ42rgzAIPe9z6Cg,LittleDrama,1525073,4550
2026-07-13,YouTube,UC80LfoIH6FrzHTm6lXTWCKQ,DramaStory,1824301,6490
2026-07-13,YouTube,UC49-b-BhbYoG54YNkwmzg8w,HotReel,29235,252
2026-07-13,YouTube,UCIg97fCjw1HnS8vPqwiHLGA,Drama Nook,7638224,19700
2026-07-13,YouTube,UCm3RYOItKT_P0-oRCkkSMZw,The Drama Club,5483795,18600
2026-07-13,YouTube,UCL_RZ1IidYQkVQxfimfnPSQ,This Plot Got Me,3762311,9520
2026-07-13,YouTube,UCMGKZD9ggu_Pfo4dkL47cXQ,Dreamy Drama TV,1521327,4270
2026-07-13,YouTube,UCEFB0gMdnD1NyiZaedHg2hQ,HeyDramaTV,1270946,3650
2026-07-13,YouTube,UC0GVHmLgrxE2SS8F0C19JVg,Pocket Swoon,3683396,9100
2026-07-13,YouTube,UCZem4a64VnhfA4CBw9vM2bg,Swoon Bites,5793099,12600
2026-07-13,YouTube,UCxxl4xdZZqRSSz2VfnFBhwA,DramaBitesTV,3393703,29900
2026-07-13,YouTube,UCsbnInDepLdq6o781WVZ-5g,Dark Swoon,2128199,6580
2026-07-13,YouTube,UCf3lAEw_WPtcgHMUVAunzSw,Pocket Crush,4527228,13000
2026-07-13,YouTube,UCk2O5vfW3c_W5YWQ_BoD1Ug,Drama Found Me,30082730,71100
2026-07-13,YouTube,UCP4STX85lq_fpEtvQcq_5fw,I Found This Drama,11035674,33700
2026-07-13,YouTube,UCeVTtB1kN607CxFrFkiqjgQ,HeartSnap,422706,1330
2026-07-13,YouTube,UC3WZLJlwYaCEurdUywF8ibg,Drama In My Head,1087266,4880
2026-07-13,YouTube,UCbnCFV5_c-nGiEQN1anEO5A,HeartDrama Reels,210150,3060
2026-07-13,YouTube,UCxhHKduxLRNAOC_GUHPPf1Q,Drama Ray,568712,1610
2026-07-13,YouTube,UCT7ZxKrKqxBvAODr8h_ODkA,Lilith Drama,437074,2120
2026-07-13,YouTube,UCx08xHWVSQIiujaTJb8HWYg,Drama short,33,26
2026-07-13,YouTube,UC8gDq5ENmiVuJZIVsiZbQ8g,Heartloop,2461,10
2026-07-13,YouTube,UC01rTYtA_UsuZ5wzxnyHFcg,Triangle Theater,147783,810
2026-07-13,YouTube,UCvfQU0Npb-ve-LxUlaAN1GA,Pocket Short,96150,302
2026-07-13,YouTube,UCc-V01UlW1n8eGLpATLA5gw,JayReels ,104354,357
2026-07-13,Dailymotion,x3tfxr4,ReelShort Romance Shorts,1338398,3875
2026-07-13,Dailymotion,x3tgq5g,The Rabbit Hole TV,565161,1331
2026-07-13,Dailymotion,x3tgqdc,ReelShort Drama Bombshell,316917,795
2026-07-13,Dailymotion,x3tgqpa,Reel Short Flick Frenzy,119401,406
2026-07-13,Dailymotion,x3tgrdw,Reel Drama Dose,396948,1107
2026-07-13,Dailymotion,x45tgp8,ReelShort English Shorts,42012,1347
2026-07-13,Dailymotion,x45tkva,ReelShort Fantasy Shorts,903833,2275
2026-07-13,Dailymotion,x45tobw,ReelShort Sweet Shorts,9032,118
2026-07-13,Dailymotion,x4c7qxk,ReelShortDaily,103,14
2026-07-13,Dailymotion,x4c7saw,ReelShort_Drama_Hub,53,12
2026-07-13,Dailymotion,x4c7srk,ReelShort_Drama_Show,34,5
2026-07-13,Dailymotion,x4c7syo,ReelShort_Drama_Buzz,4,7
2026-07-13,Dailymotion,x4c7t3q,ReelShort_Drama_Clips,3,7
2026-07-13,Dailymotion,x3tgots,ReelShort Love Shorts,694528,1384
2026-07-13,Dailymotion,x3tgs5s,FilmBox Channel,1217541,1398
2026-07-13,Dailymotion,x3tgtae,Easy Shorts,550620,810
2026-07-13,Dailymotion,x3tgrnq,ReelShort Drama Shorts,1592395,4344
2026-07-13,Dailymotion,x4c7r9u,love-shortdrama,104,0
2026-07-13,Dailymotion,x4c7ro4,babygirllovesshortdrama,68,0
2026-07-13,Dailymotion,x4c7sre,dailyshortdrama,34,0
2026-07-13,Dailymotion,x4c7qhk,drama lover girl,0,0
2026-07-13,Dailymotion,x4g6uv8,ReelShort Story Shorts,4182,44
2026-07-13,Dailymotion,x4g735i,ReelShort Movie Shorts,294564,778
2026-07-13,Dailymotion,x4kmjg6,Daily Reelshort,1435,25
2026-07-13,Dailymotion,x4k7s0s,ReelShort_GlancePlay,70,8
2026-07-13,Dailymotion,x4j6cxg,Camara Romance Shorts,0,16
2026-07-13,Dailymotion,x4klm7q,ReelShort Romance Shows,32989,320
2026-07-13,Dailymotion,x4klqy0,ReelShort Hot Drama Hub,644201,1926
2026-07-13,Dailymotion,x4kpgc4,Reelshort First Love Shorts,0,18
2026-07-13,Dailymotion,x4jaytw,Reel Romance Swipe,66880,230
2026-07-13,Dailymotion,x4ks0k4,Reel Raw Vibe,122912,179
2026-07-13,Dailymotion,x4ks4yi,ReelShort Spicy Shorts,0,14
2026-07-13,Dailymotion,x4krkfk,ReelShort Intense Stories,5231,67
2026-07-13,Dailymotion,x4ko26y,ReelShort Drama Collection,170144,1028
2026-07-13,Dailymotion,x4oad9u,ReelShort Drama Spotlight,678002,1094
2026-07-13,Dailymotion,x4ksw2e,DramaMagic,64587,108
2026-07-13,Dailymotion,x4kt5f6,Drama Reels,154168,1351
2026-07-13,Dailymotion,x4ku6nw,ReelShort Drama Studio,505005,1196
2026-07-13,Dailymotion,x4kvw02,Ugoeze ReelShort Drama,97,11
2026-07-13,Dailymotion,x4kj6r0,ReelShort TV,524950,1661
2026-07-13,Dailymotion,x3xvhc6,ReelShort Romance Videos,421260,1462
2026-07-13,Dailymotion,x4kfmg6,ReelShort Drama Movies,7804,513
2026-07-14,YouTube,UCAkSxwl8Lbk2hBXAAfsEFTA,Victor Drama,1434652,4300
2026-07-14,YouTube,UCctSzoeee7KCnR84dZ6IO7w,Maple Playhouse,412352,1850
2026-07-14,YouTube,UC82nFsZOjs5Tr96upPPq9Ww,Spur Reels,1096695,3980
2026-07-14,YouTube,UCnwjt6PgkKuZC4S1A0yTOFQ,DramaWithBestie,3097892,13200
2026-07-14,YouTube,UCHONLLEtQ4f9yoqa1BWlhSg,QuickFixDrama,3035398,4340
2026-07-14,YouTube,UC8Fm-ogvMehvbgF0BJjKiuQ,DramaFeverTV,384518,1250
2026-07-14,YouTube,UCxfDVRNK6SoN59v_t3ZJ33A,dramabook,2081391,7320
2026-07-14,YouTube,UCdtOFTQ1GVPKzvOYsi1ApIw,Pocket Movie,1923512,5870
2026-07-14,YouTube,UCSlOhfr5f-RPRP50yRri1uA,Pocket Story,598817,1650
2026-07-14,YouTube,UC2IjY1Gm6b7pYp-vMJ2R9ig,SceneClip,6956883,20000
2026-07-14,YouTube,UC77WdDKy6cbCxZkC46eaudA,Drama addict,3879164,10100
2026-07-14,YouTube,UChhBhc7qJ42rgzAIPe9z6Cg,LittleDrama,1527142,4550
2026-07-14,YouTube,UC80LfoIH6FrzHTm6lXTWCKQ,DramaStory,1866534,6660
2026-07-14,YouTube,UC49-b-BhbYoG54YNkwmzg8w,HotReel,32219,265
2026-07-14,YouTube,UCIg97fCjw1HnS8vPqwiHLGA,Drama Nook,7646040,19700
2026-07-14,YouTube,UCm3RYOItKT_P0-oRCkkSMZw,The Drama Club,5530009,18800
2026-07-14,YouTube,UCL_RZ1IidYQkVQxfimfnPSQ,This Plot Got Me,3857040,9600
2026-07-14,YouTube,UCMGKZD9ggu_Pfo4dkL47cXQ,Dreamy Drama TV,1564127,4410
2026-07-14,YouTube,UCEFB0gMdnD1NyiZaedHg2hQ,HeyDramaTV,1319857,3800
2026-07-14,YouTube,UC0GVHmLgrxE2SS8F0C19JVg,Pocket Swoon,3732631,9200
2026-07-14,YouTube,UCZem4a64VnhfA4CBw9vM2bg,Swoon Bites,6020202,12800
2026-07-14,YouTube,UCxxl4xdZZqRSSz2VfnFBhwA,DramaBitesTV,3402136,30000
2026-07-14,YouTube,UCsbnInDepLdq6o781WVZ-5g,Dark Swoon,2164189,6680
2026-07-14,YouTube,UCf3lAEw_WPtcgHMUVAunzSw,Pocket Crush,4531398,13000
2026-07-14,YouTube,UCk2O5vfW3c_W5YWQ_BoD1Ug,Drama Found Me,30425460,71700
2026-07-14,YouTube,UCP4STX85lq_fpEtvQcq_5fw,I Found This Drama,11050370,33700
2026-07-14,YouTube,UCeVTtB1kN607CxFrFkiqjgQ,HeartSnap,440578,1400
2026-07-14,YouTube,UC3WZLJlwYaCEurdUywF8ibg,Drama In My Head,1102348,4940
2026-07-14,YouTube,UCbnCFV5_c-nGiEQN1anEO5A,HeartDrama Reels,210527,3070
2026-07-14,YouTube,UCxhHKduxLRNAOC_GUHPPf1Q,Drama Ray,594088,1720
2026-07-14,YouTube,UCT7ZxKrKqxBvAODr8h_ODkA,Lilith Drama,389945,2220
2026-07-14,YouTube,UCx08xHWVSQIiujaTJb8HWYg,Drama short,33,28
2026-07-14,YouTube,UC8gDq5ENmiVuJZIVsiZbQ8g,Heartloop,4403,11
2026-07-14,YouTube,UC01rTYtA_UsuZ5wzxnyHFcg,Triangle Theater,168534,917
2026-07-14,YouTube,UCvfQU0Npb-ve-LxUlaAN1GA,Pocket Short,102907,325
2026-07-14,YouTube,UCc-V01UlW1n8eGLpATLA5gw,JayReels ,118090,415
2026-07-14,Dailymotion,x3tfxr4,ReelShort Romance Shorts,1339426,3892
2026-07-14,Dailymotion,x3tgq5g,The Rabbit Hole TV,568926,1335
2026-07-14,Dailymotion,x3tgqdc,ReelShort Drama Bombshell,326678,811
2026-07-14,Dailymotion,x3tgqpa,Reel Short Flick Frenzy,119948,408
2026-07-14,Dailymotion,x3tgrdw,Reel Drama Dose,398099,1113
2026-07-14,Dailymotion,x45tgp8,ReelShort English Shorts,42775,1353
2026-07-14,Dailymotion,x45tkva,ReelShort Fantasy Shorts,907098,2284
2026-07-14,Dailymotion,x45tobw,ReelShort Sweet Shorts,9242,120
2026-07-14,Dailymotion,x4c7qxk,ReelShortDaily,103,14
2026-07-14,Dailymotion,x4c7saw,ReelShort_Drama_Hub,53,12
2026-07-14,Dailymotion,x4c7srk,ReelShort_Drama_Show,34,5
2026-07-14,Dailymotion,x4c7syo,ReelShort_Drama_Buzz,4,7
2026-07-14,Dailymotion,x4c7t3q,ReelShort_Drama_Clips,3,7
2026-07-14,Dailymotion,x3tgots,ReelShort Love Shorts,708341,1405
2026-07-14,Dailymotion,x3tgs5s,FilmBox Channel,1233327,1423
2026-07-14,Dailymotion,x3tgtae,Easy Shorts,552351,815
2026-07-14,Dailymotion,x3tgrnq,ReelShort Drama Shorts,1599143,4376
2026-07-14,Dailymotion,x4c7r9u,love-shortdrama,104,0
2026-07-14,Dailymotion,x4c7ro4,babygirllovesshortdrama,68,0
2026-07-14,Dailymotion,x4c7sre,dailyshortdrama,34,0
2026-07-14,Dailymotion,x4c7qhk,drama lover girl,0,0
2026-07-14,Dailymotion,x4g6uv8,ReelShort Story Shorts,4276,45
2026-07-14,Dailymotion,x4g735i,ReelShort Movie Shorts,299128,798
2026-07-14,Dailymotion,x4kmjg6,Daily Reelshort,1437,25
2026-07-14,Dailymotion,x4k7s0s,ReelShort_GlancePlay,70,8
2026-07-14,Dailymotion,x4j6cxg,Camara Romance Shorts,0,16
2026-07-14,Dailymotion,x4klm7q,ReelShort Romance Shows,33517,329
2026-07-14,Dailymotion,x4klqy0,ReelShort Hot Drama Hub,663173,1977
2026-07-14,Dailymotion,x4kpgc4,Reelshort First Love Shorts,0,18
2026-07-14,Dailymotion,x4jaytw,Reel Romance Swipe,68786,232
2026-07-14,Dailymotion,x4ks0k4,Reel Raw Vibe,123887,182
2026-07-14,Dailymotion,x4ks4yi,ReelShort Spicy Shorts,0,15
2026-07-14,Dailymotion,x4krkfk,ReelShort Intense Stories,5377,67
2026-07-14,Dailymotion,x4ko26y,ReelShort Drama Collection,172352,1051
2026-07-14,Dailymotion,x4oad9u,ReelShort Drama Spotlight,696671,1116
2026-07-14,Dailymotion,x4ksw2e,DramaMagic,64794,108
2026-07-14,Dailymotion,x4kt5f6,Drama Reels,155332,1379
2026-07-14,Dailymotion,x4ku6nw,ReelShort Drama Studio,507379,1215
2026-07-14,Dailymotion,x4kvw02,Ugoeze ReelShort Drama,97,11
2026-07-14,Dailymotion,x4kj6r0,ReelShort TV,526496,1669
2026-07-14,Dailymotion,x3xvhc6,ReelShort Romance Videos,422943,1467
2026-07-14,Dailymotion,x4kfmg6,ReelShort Drama Movies,7957,520
2026-07-15,YouTube,UCAkSxwl8Lbk2hBXAAfsEFTA,Victor Drama,1448732,4340
2026-07-15,YouTube,UCctSzoeee7KCnR84dZ6IO7w,Maple Playhouse,416259,1860
2026-07-15,YouTube,UC82nFsZOjs5Tr96upPPq9Ww,Spur Reels,1113270,4040
2026-07-15,YouTube,UCnwjt6PgkKuZC4S1A0yTOFQ,DramaWithBestie,3131886,13300
2026-07-15,YouTube,UCHONLLEtQ4f9yoqa1BWlhSg,QuickFixDrama,3046678,4360
2026-07-15,YouTube,UC8Fm-ogvMehvbgF0BJjKiuQ,DramaFeverTV,387306,1260
2026-07-15,YouTube,UCxfDVRNK6SoN59v_t3ZJ33A,dramabook,2110918,7430
2026-07-15,YouTube,UCdtOFTQ1GVPKzvOYsi1ApIw,Pocket Movie,1933035,5930
2026-07-15,YouTube,UCSlOhfr5f-RPRP50yRri1uA,Pocket Story,607942,1680
2026-07-15,YouTube,UC2IjY1Gm6b7pYp-vMJ2R9ig,SceneClip,7001558,20100
2026-07-15,YouTube,UC77WdDKy6cbCxZkC46eaudA,Drama addict,3918218,10200
2026-07-15,YouTube,UChhBhc7qJ42rgzAIPe9z6Cg,LittleDrama,1529159,4560
2026-07-15,YouTube,UC80LfoIH6FrzHTm6lXTWCKQ,DramaStory,1910893,6820
2026-07-15,YouTube,UC49-b-BhbYoG54YNkwmzg8w,HotReel,34931,273
2026-07-15,YouTube,UCIg97fCjw1HnS8vPqwiHLGA,Drama Nook,7653010,19800
2026-07-15,YouTube,UCm3RYOItKT_P0-oRCkkSMZw,The Drama Club,5572516,19000
2026-07-15,YouTube,UCL_RZ1IidYQkVQxfimfnPSQ,This Plot Got Me,3927490,9650
2026-07-15,YouTube,UCMGKZD9ggu_Pfo4dkL47cXQ,Dreamy Drama TV,1583131,4590
2026-07-15,YouTube,UCEFB0gMdnD1NyiZaedHg2hQ,HeyDramaTV,1084870,3950
2026-07-15,YouTube,UC0GVHmLgrxE2SS8F0C19JVg,Pocket Swoon,3789441,9310
2026-07-15,YouTube,UCZem4a64VnhfA4CBw9vM2bg,Swoon Bites,6225189,13000
2026-07-15,YouTube,UCxxl4xdZZqRSSz2VfnFBhwA,DramaBitesTV,3409879,30000
2026-07-15,YouTube,UCsbnInDepLdq6o781WVZ-5g,Dark Swoon,2210502,6760
2026-07-15,YouTube,UCf3lAEw_WPtcgHMUVAunzSw,Pocket Crush,4535489,13000
2026-07-15,YouTube,UCk2O5vfW3c_W5YWQ_BoD1Ug,Drama Found Me,30758764,72300
2026-07-15,YouTube,UCP4STX85lq_fpEtvQcq_5fw,I Found This Drama,11066259,33800
2026-07-15,YouTube,UCeVTtB1kN607CxFrFkiqjgQ,HeartSnap,458143,1450
2026-07-15,YouTube,UC3WZLJlwYaCEurdUywF8ibg,Drama In My Head,1118500,4990
2026-07-15,YouTube,UCbnCFV5_c-nGiEQN1anEO5A,HeartDrama Reels,210837,3090
2026-07-15,YouTube,UCxhHKduxLRNAOC_GUHPPf1Q,Drama Ray,642018,1870
2026-07-15,YouTube,UCT7ZxKrKqxBvAODr8h_ODkA,Lilith Drama,342900,2350
2026-07-15,YouTube,UCx08xHWVSQIiujaTJb8HWYg,Drama short,33,30
2026-07-15,YouTube,UC8gDq5ENmiVuJZIVsiZbQ8g,Heartloop,4558,11
2026-07-15,YouTube,UC01rTYtA_UsuZ5wzxnyHFcg,Triangle Theater,188073,997
2026-07-15,YouTube,UCvfQU0Npb-ve-LxUlaAN1GA,Pocket Short,102047,361
2026-07-15,YouTube,UCc-V01UlW1n8eGLpATLA5gw,JayReels ,148622,506
2026-07-15,Dailymotion,x3tfxr4,ReelShort Romance Shorts,1340396,3904
2026-07-15,Dailymotion,x3tgq5g,The Rabbit Hole TV,571834,1338
2026-07-15,Dailymotion,x3tgqdc,ReelShort Drama Bombshell,337268,833
2026-07-15,Dailymotion,x3tgqpa,Reel Short Flick Frenzy,120427,409
2026-07-15,Dailymotion,x3tgrdw,Reel Drama Dose,399288,1118
2026-07-15,Dailymotion,x45tgp8,ReelShort English Shorts,44140,1358
2026-07-15,Dailymotion,x45tkva,ReelShort Fantasy Shorts,910394,2289
2026-07-15,Dailymotion,x45tobw,ReelShort Sweet Shorts,9587,120
2026-07-15,Dailymotion,x4c7qxk,ReelShortDaily,103,15
2026-07-15,Dailymotion,x4c7saw,ReelShort_Drama_Hub,53,12
2026-07-15,Dailymotion,x4c7srk,ReelShort_Drama_Show,34,5
2026-07-15,Dailymotion,x4c7syo,ReelShort_Drama_Buzz,4,7
2026-07-15,Dailymotion,x4c7t3q,ReelShort_Drama_Clips,3,7
2026-07-15,Dailymotion,x3tgots,ReelShort Love Shorts,726215,1438
2026-07-15,Dailymotion,x3tgs5s,FilmBox Channel,1249369,1446
2026-07-15,Dailymotion,x3tgtae,Easy Shorts,553884,819
2026-07-15,Dailymotion,x3tgrnq,ReelShort Drama Shorts,1606574,4405
2026-07-15,Dailymotion,x4c7r9u,love-shortdrama,104,0
2026-07-15,Dailymotion,x4c7ro4,babygirllovesshortdrama,68,0
2026-07-15,Dailymotion,x4c7sre,dailyshortdrama,34,0
2026-07-15,Dailymotion,x4c7qhk,drama lover girl,0,0
2026-07-15,Dailymotion,x4g6uv8,ReelShort Story Shorts,4318,45
2026-07-15,Dailymotion,x4g735i,ReelShort Movie Shorts,303230,807
2026-07-15,Dailymotion,x4kmjg6,Daily Reelshort,1441,25
2026-07-15,Dailymotion,x4k7s0s,ReelShort_GlancePlay,70,8
2026-07-15,Dailymotion,x4j6cxg,Camara Romance Shorts,0,16
2026-07-15,Dailymotion,x4klm7q,ReelShort Romance Shows,33957,332
2026-07-15,Dailymotion,x4klqy0,ReelShort Hot Drama Hub,678937,2025
2026-07-15,Dailymotion,x4kpgc4,Reelshort First Love Shorts,0,18
2026-07-15,Dailymotion,x4jaytw,Reel Romance Swipe,70547,237
2026-07-15,Dailymotion,x4ks0k4,Reel Raw Vibe,124610,183
2026-07-15,Dailymotion,x4ks4yi,ReelShort Spicy Shorts,0,16
2026-07-15,Dailymotion,x4krkfk,ReelShort Intense Stories,5491,69
2026-07-15,Dailymotion,x4ko26y,ReelShort Drama Collection,175841,1069
2026-07-15,Dailymotion,x4oad9u,ReelShort Drama Spotlight,713315,1147
2026-07-15,Dailymotion,x4ksw2e,DramaMagic,65238,110
2026-07-15,Dailymotion,x4kt5f6,Drama Reels,156976,1400
2026-07-15,Dailymotion,x4ku6nw,ReelShort Drama Studio,509449,1231
2026-07-15,Dailymotion,x4kvw02,Ugoeze ReelShort Drama,97,11
2026-07-15,Dailymotion,x4kj6r0,ReelShort TV,528467,1685
2026-07-15,Dailymotion,x3xvhc6,ReelShort Romance Videos,424463,1473
2026-07-15,Dailymotion,x4kfmg6,ReelShort Drama Movies,8095,528
2026-07-16,YouTube,UCAkSxwl8Lbk2hBXAAfsEFTA,Victor Drama,1462932,4390
2026-07-16,YouTube,UCctSzoeee7KCnR84dZ6IO7w,Maple Playhouse,420662,1880
2026-07-16,YouTube,UC82nFsZOjs5Tr96upPPq9Ww,Spur Reels,1130547,4100
2026-07-16,YouTube,UCnwjt6PgkKuZC4S1A0yTOFQ,DramaWithBestie,3163167,13400
2026-07-16,YouTube,UCHONLLEtQ4f9yoqa1BWlhSg,QuickFixDrama,3053680,4370
2026-07-16,YouTube,UC8Fm-ogvMehvbgF0BJjKiuQ,DramaFeverTV,390297,1260
2026-07-16,YouTube,UCxfDVRNK6SoN59v_t3ZJ33A,dramabook,2151313,7540
2026-07-16,YouTube,UCdtOFTQ1GVPKzvOYsi1ApIw,Pocket Movie,1943303,5980
2026-07-16,YouTube,UCSlOhfr5f-RPRP50yRri1uA,Pocket Story,618279,1710
2026-07-16,YouTube,UC2IjY1Gm6b7pYp-vMJ2R9ig,SceneClip,7034346,20200
2026-07-16,YouTube,UC77WdDKy6cbCxZkC46eaudA,Drama addict,3942742,10300
2026-07-16,YouTube,UChhBhc7qJ42rgzAIPe9z6Cg,LittleDrama,1531356,4580
2026-07-16,YouTube,UC80LfoIH6FrzHTm6lXTWCKQ,DramaStory,1949282,6960
2026-07-16,YouTube,UC49-b-BhbYoG54YNkwmzg8w,HotReel,37539,291
2026-07-16,YouTube,UCIg97fCjw1HnS8vPqwiHLGA,Drama Nook,7661181,19800
2026-07-16,YouTube,UCm3RYOItKT_P0-oRCkkSMZw,The Drama Club,5612564,19200
2026-07-16,YouTube,UCL_RZ1IidYQkVQxfimfnPSQ,This Plot Got Me,4017069,9720
2026-07-16,YouTube,UCMGKZD9ggu_Pfo4dkL47cXQ,Dreamy Drama TV,1641410,4750
2026-07-16,YouTube,UCEFB0gMdnD1NyiZaedHg2hQ,HeyDramaTV,1132874,4130
2026-07-16,YouTube,UC0GVHmLgrxE2SS8F0C19JVg,Pocket Swoon,3827728,9380
2026-07-16,YouTube,UCZem4a64VnhfA4CBw9vM2bg,Swoon Bites,6433466,13300
2026-07-16,YouTube,UCxxl4xdZZqRSSz2VfnFBhwA,DramaBitesTV,3416799,30000
2026-07-16,YouTube,UCsbnInDepLdq6o781WVZ-5g,Dark Swoon,2151977,6810
2026-07-16,YouTube,UCf3lAEw_WPtcgHMUVAunzSw,Pocket Crush,4542302,13000
2026-07-16,YouTube,UCk2O5vfW3c_W5YWQ_BoD1Ug,Drama Found Me,31041243,72900
2026-07-16,YouTube,UCP4STX85lq_fpEtvQcq_5fw,I Found This Drama,11080412,33800
2026-07-16,YouTube,UCeVTtB1kN607CxFrFkiqjgQ,HeartSnap,474256,1500
2026-07-16,YouTube,UC3WZLJlwYaCEurdUywF8ibg,Drama In My Head,1134735,5060
2026-07-16,YouTube,UCbnCFV5_c-nGiEQN1anEO5A,HeartDrama Reels,211066,3100
2026-07-16,YouTube,UCxhHKduxLRNAOC_GUHPPf1Q,Drama Ray,453886,1970
2026-07-16,YouTube,UCT7ZxKrKqxBvAODr8h_ODkA,Lilith Drama,449799,2460
2026-07-16,YouTube,UCx08xHWVSQIiujaTJb8HWYg,Drama short,33,31
2026-07-16,YouTube,UC8gDq5ENmiVuJZIVsiZbQ8g,Heartloop,4743,11
2026-07-16,YouTube,UC01rTYtA_UsuZ5wzxnyHFcg,Triangle Theater,204726,1070
2026-07-16,YouTube,UCvfQU0Npb-ve-LxUlaAN1GA,Pocket Short,108585,395
2026-07-16,YouTube,UCc-V01UlW1n8eGLpATLA5gw,JayReels ,178244,537
2026-07-16,Dailymotion,x3tfxr4,ReelShort Romance Shorts,1341284,3918
2026-07-16,Dailymotion,x3tgq5g,The Rabbit Hole TV,574103,1340
2026-07-16,Dailymotion,x3tgqdc,ReelShort Drama Bombshell,343550,852
2026-07-16,Dailymotion,x3tgqpa,Reel Short Flick Frenzy,120850,409
2026-07-16,Dailymotion,x3tgrdw,Reel Drama Dose,400401,1122
2026-07-16,Dailymotion,x45tgp8,ReelShort English Shorts,45287,1362
2026-07-16,Dailymotion,x45tkva,ReelShort Fantasy Shorts,913016,2289
2026-07-16,Dailymotion,x45tobw,ReelShort Sweet Shorts,9830,121
2026-07-16,Dailymotion,x4c7qxk,ReelShortDaily,103,16
2026-07-16,Dailymotion,x4c7saw,ReelShort_Drama_Hub,53,12
2026-07-16,Dailymotion,x4c7srk,ReelShort_Drama_Show,34,5
2026-07-16,Dailymotion,x4c7syo,ReelShort_Drama_Buzz,4,7
2026-07-16,Dailymotion,x4c7t3q,ReelShort_Drama_Clips,3,7
2026-07-16,Dailymotion,x3tgots,ReelShort Love Shorts,734690,1455
2026-07-16,Dailymotion,x3tgs5s,FilmBox Channel,1261631,1460
2026-07-16,Dailymotion,x3tgtae,Easy Shorts,554858,819
2026-07-16,Dailymotion,x3tgrnq,ReelShort Drama Shorts,1612335,4439
2026-07-16,Dailymotion,x4c7r9u,love-shortdrama,104,0
2026-07-16,Dailymotion,x4c7ro4,babygirllovesshortdrama,68,0
2026-07-16,Dailymotion,x4c7sre,dailyshortdrama,34,0
2026-07-16,Dailymotion,x4c7qhk,drama lover girl,0,0
2026-07-16,Dailymotion,x4g6uv8,ReelShort Story Shorts,4368,45
2026-07-16,Dailymotion,x4g735i,ReelShort Movie Shorts,306466,815
2026-07-16,Dailymotion,x4kmjg6,Daily Reelshort,1443,25
2026-07-16,Dailymotion,x4k7s0s,ReelShort_GlancePlay,70,8
2026-07-16,Dailymotion,x4j6cxg,Camara Romance Shorts,0,16
2026-07-16,Dailymotion,x4klm7q,ReelShort Romance Shows,34314,338
2026-07-16,Dailymotion,x4klqy0,ReelShort Hot Drama Hub,692193,2057
2026-07-16,Dailymotion,x4kpgc4,Reelshort First Love Shorts,0,18
2026-07-16,Dailymotion,x4jaytw,Reel Romance Swipe,72017,239
2026-07-16,Dailymotion,x4ks0k4,Reel Raw Vibe,125306,184
2026-07-16,Dailymotion,x4ks4yi,ReelShort Spicy Shorts,0,16
2026-07-16,Dailymotion,x4krkfk,ReelShort Intense Stories,5537,69
2026-07-16,Dailymotion,x4ko26y,ReelShort Drama Collection,177891,1085
2026-07-16,Dailymotion,x4oad9u,ReelShort Drama Spotlight,723364,1163
2026-07-16,Dailymotion,x4ksw2e,DramaMagic,65379,112
2026-07-16,Dailymotion,x4kt5f6,Drama Reels,157946,1425
2026-07-16,Dailymotion,x4ku6nw,ReelShort Drama Studio,511279,1243
2026-07-16,Dailymotion,x4kvw02,Ugoeze ReelShort Drama,97,12
2026-07-16,Dailymotion,x4kj6r0,ReelShort TV,530378,1701
2026-07-16,Dailymotion,x3xvhc6,ReelShort Romance Videos,425646,1477
2026-07-16,Dailymotion,x4kfmg6,ReelShort Drama Movies,8213,534
2026-07-17,YouTube,UCAkSxwl8Lbk2hBXAAfsEFTA,Victor Drama,1476512,4420
2026-07-17,YouTube,UCctSzoeee7KCnR84dZ6IO7w,Maple Playhouse,425818,1910
2026-07-17,YouTube,UC82nFsZOjs5Tr96upPPq9Ww,Spur Reels,1148516,4160
2026-07-17,YouTube,UCnwjt6PgkKuZC4S1A0yTOFQ,DramaWithBestie,3572854,13600
2026-07-17,YouTube,UCHONLLEtQ4f9yoqa1BWlhSg,QuickFixDrama,3062558,4380
2026-07-17,YouTube,UC8Fm-ogvMehvbgF0BJjKiuQ,DramaFeverTV,392014,1260
2026-07-17,YouTube,UCxfDVRNK6SoN59v_t3ZJ33A,dramabook,2190294,7650
2026-07-17,YouTube,UCdtOFTQ1GVPKzvOYsi1ApIw,Pocket Movie,1952300,6030
2026-07-17,YouTube,UCSlOhfr5f-RPRP50yRri1uA,Pocket Story,634859,1760
2026-07-17,YouTube,UC2IjY1Gm6b7pYp-vMJ2R9ig,SceneClip,7079732,20400
2026-07-17,YouTube,UC77WdDKy6cbCxZkC46eaudA,Drama addict,3981819,10400
2026-07-17,YouTube,UChhBhc7qJ42rgzAIPe9z6Cg,LittleDrama,1533408,4600
2026-07-17,YouTube,UC80LfoIH6FrzHTm6lXTWCKQ,DramaStory,1991278,7110
2026-07-17,YouTube,UC49-b-BhbYoG54YNkwmzg8w,HotReel,40150,305
2026-07-17,YouTube,UCIg97fCjw1HnS8vPqwiHLGA,Drama Nook,7668516,19800
2026-07-17,YouTube,UCm3RYOItKT_P0-oRCkkSMZw,The Drama Club,5659118,19400
2026-07-17,YouTube,UCL_RZ1IidYQkVQxfimfnPSQ,This Plot Got Me,4074878,9780
2026-07-17,YouTube,UCMGKZD9ggu_Pfo4dkL47cXQ,Dreamy Drama TV,1689254,4870
2026-07-17,YouTube,UCEFB0gMdnD1NyiZaedHg2hQ,HeyDramaTV,1193151,4330
2026-07-17,YouTube,UC0GVHmLgrxE2SS8F0C19JVg,Pocket Swoon,3864110,9450
2026-07-17,YouTube,UCZem4a64VnhfA4CBw9vM2bg,Swoon Bites,6733964,13600
2026-07-17,YouTube,UCxxl4xdZZqRSSz2VfnFBhwA,DramaBitesTV,3423304,30000
2026-07-17,YouTube,UCsbnInDepLdq6o781WVZ-5g,Dark Swoon,2174928,6860
2026-07-17,YouTube,UCf3lAEw_WPtcgHMUVAunzSw,Pocket Crush,4547448,13100
2026-07-17,YouTube,UCk2O5vfW3c_W5YWQ_BoD1Ug,Drama Found Me,31447389,74500
2026-07-17,YouTube,UCP4STX85lq_fpEtvQcq_5fw,I Found This Drama,11096563,33900
2026-07-17,YouTube,UCeVTtB1kN607CxFrFkiqjgQ,HeartSnap,490669,1550
2026-07-17,YouTube,UC3WZLJlwYaCEurdUywF8ibg,Drama In My Head,1150559,5130
2026-07-17,YouTube,UCbnCFV5_c-nGiEQN1anEO5A,HeartDrama Reels,211347,3120
2026-07-17,YouTube,UCxhHKduxLRNAOC_GUHPPf1Q,Drama Ray,493532,2120
2026-07-17,YouTube,UCT7ZxKrKqxBvAODr8h_ODkA,Lilith Drama,421019,2570
2026-07-17,YouTube,UCx08xHWVSQIiujaTJb8HWYg,Drama short,41,32
2026-07-17,YouTube,UC8gDq5ENmiVuJZIVsiZbQ8g,Heartloop,5190,13
2026-07-17,YouTube,UC01rTYtA_UsuZ5wzxnyHFcg,Triangle Theater,220035,1180
2026-07-17,YouTube,UCvfQU0Npb-ve-LxUlaAN1GA,Pocket Short,118239,426
2026-07-17,YouTube,UCc-V01UlW1n8eGLpATLA5gw,JayReels ,202128,565
2026-07-17,Dailymotion,x3tfxr4,ReelShort Romance Shorts,1342073,3934
2026-07-17,Dailymotion,x3tgq5g,The Rabbit Hole TV,577241,1349
2026-07-17,Dailymotion,x3tgqdc,ReelShort Drama Bombshell,351393,887
2026-07-17,Dailymotion,x3tgqpa,Reel Short Flick Frenzy,121288,409
2026-07-17,Dailymotion,x3tgrdw,Reel Drama Dose,401520,1125
2026-07-17,Dailymotion,x45tgp8,ReelShort English Shorts,46772,1363
2026-07-17,Dailymotion,x45tkva,ReelShort Fantasy Shorts,916027,2292
2026-07-17,Dailymotion,x45tobw,ReelShort Sweet Shorts,10151,122
2026-07-17,Dailymotion,x4c7qxk,ReelShortDaily,103,16
2026-07-17,Dailymotion,x4c7saw,ReelShort_Drama_Hub,53,12
2026-07-17,Dailymotion,x4c7srk,ReelShort_Drama_Show,34,5
2026-07-17,Dailymotion,x4c7syo,ReelShort_Drama_Buzz,4,7
2026-07-17,Dailymotion,x4c7t3q,ReelShort_Drama_Clips,3,7
2026-07-17,Dailymotion,x3tgots,ReelShort Love Shorts,747078,1475
2026-07-17,Dailymotion,x3tgs5s,FilmBox Channel,1273155,1487
2026-07-17,Dailymotion,x3tgtae,Easy Shorts,555656,823
2026-07-17,Dailymotion,x3tgrnq,ReelShort Drama Shorts,1620680,4485
2026-07-17,Dailymotion,x4c7r9u,love-shortdrama,104,0
2026-07-17,Dailymotion,x4c7ro4,babygirllovesshortdrama,68,0
2026-07-17,Dailymotion,x4c7sre,dailyshortdrama,34,0
2026-07-17,Dailymotion,x4c7qhk,drama lover girl,0,0
2026-07-17,Dailymotion,x4g6uv8,ReelShort Story Shorts,4406,45
2026-07-17,Dailymotion,x4g735i,ReelShort Movie Shorts,309673,832
2026-07-17,Dailymotion,x4kmjg6,Daily Reelshort,1443,25
2026-07-17,Dailymotion,x4k7s0s,ReelShort_GlancePlay,70,8
2026-07-17,Dailymotion,x4j6cxg,Camara Romance Shorts,0,16
2026-07-17,Dailymotion,x4klm7q,ReelShort Romance Shows,34666,342
2026-07-17,Dailymotion,x4klqy0,ReelShort Hot Drama Hub,711308,2091
2026-07-17,Dailymotion,x4kpgc4,Reelshort First Love Shorts,0,18
2026-07-17,Dailymotion,x4jaytw,Reel Romance Swipe,73562,242
2026-07-17,Dailymotion,x4ks0k4,Reel Raw Vibe,126028,184
2026-07-17,Dailymotion,x4ks4yi,ReelShort Spicy Shorts,0,16
2026-07-17,Dailymotion,x4krkfk,ReelShort Intense Stories,5578,71
2026-07-17,Dailymotion,x4ko26y,ReelShort Drama Collection,181221,1108
2026-07-17,Dailymotion,x4oad9u,ReelShort Drama Spotlight,736704,1189
2026-07-17,Dailymotion,x4ksw2e,DramaMagic,65570,112
2026-07-17,Dailymotion,x4kt5f6,Drama Reels,159143,1445
2026-07-17,Dailymotion,x4ku6nw,ReelShort Drama Studio,512888,1252
2026-07-17,Dailymotion,x4kvw02,Ugoeze ReelShort Drama,97,12
2026-07-17,Dailymotion,x4kj6r0,ReelShort TV,532166,1716
2026-07-17,Dailymotion,x3xvhc6,ReelShort Romance Videos,426758,1482
2026-07-17,Dailymotion,x4kfmg6,ReelShort Drama Movies,8334,539
2026-07-18,YouTube,UCAkSxwl8Lbk2hBXAAfsEFTA,Victor Drama,1489603,4470
2026-07-18,YouTube,UCctSzoeee7KCnR84dZ6IO7w,Maple Playhouse,431126,1910
2026-07-18,YouTube,UC82nFsZOjs5Tr96upPPq9Ww,Spur Reels,1165921,4190
2026-07-18,YouTube,UCnwjt6PgkKuZC4S1A0yTOFQ,DramaWithBestie,4068118,13700
2026-07-18,YouTube,UCHONLLEtQ4f9yoqa1BWlhSg,QuickFixDrama,3070431,4390
2026-07-18,YouTube,UC8Fm-ogvMehvbgF0BJjKiuQ,DramaFeverTV,393181,1270
2026-07-18,YouTube,UCxfDVRNK6SoN59v_t3ZJ33A,dramabook,2231626,7780
2026-07-18,YouTube,UCdtOFTQ1GVPKzvOYsi1ApIw,Pocket Movie,1962029,6080
2026-07-18,YouTube,UCSlOhfr5f-RPRP50yRri1uA,Pocket Story,653102,1850
2026-07-18,YouTube,UC2IjY1Gm6b7pYp-vMJ2R9ig,SceneClip,7126931,20500
2026-07-18,YouTube,UC77WdDKy6cbCxZkC46eaudA,Drama addict,4021363,10500
2026-07-18,YouTube,UChhBhc7qJ42rgzAIPe9z6Cg,LittleDrama,1535775,4610
2026-07-18,YouTube,UC80LfoIH6FrzHTm6lXTWCKQ,DramaStory,2031252,7220
2026-07-18,YouTube,UC49-b-BhbYoG54YNkwmzg8w,HotReel,42191,317
2026-07-18,YouTube,UCIg97fCjw1HnS8vPqwiHLGA,Drama Nook,7676957,19900
2026-07-18,YouTube,UCm3RYOItKT_P0-oRCkkSMZw,The Drama Club,5702019,19600
2026-07-18,YouTube,UCL_RZ1IidYQkVQxfimfnPSQ,This Plot Got Me,4142303,9860
2026-07-18,YouTube,UCMGKZD9ggu_Pfo4dkL47cXQ,Dreamy Drama TV,1736744,4990
2026-07-18,YouTube,UCEFB0gMdnD1NyiZaedHg2hQ,HeyDramaTV,1272105,4650
2026-07-18,YouTube,UC0GVHmLgrxE2SS8F0C19JVg,Pocket Swoon,3894538,9510
2026-07-18,YouTube,UCZem4a64VnhfA4CBw9vM2bg,Swoon Bites,6967875,13800
2026-07-18,YouTube,UCxxl4xdZZqRSSz2VfnFBhwA,DramaBitesTV,3428223,30100
2026-07-18,YouTube,UCsbnInDepLdq6o781WVZ-5g,Dark Swoon,2193738,6940
2026-07-18,YouTube,UCf3lAEw_WPtcgHMUVAunzSw,Pocket Crush,4553870,13100
2026-07-18,YouTube,UCk2O5vfW3c_W5YWQ_BoD1Ug,Drama Found Me,32587658,76400
2026-07-18,YouTube,UCP4STX85lq_fpEtvQcq_5fw,I Found This Drama,11113438,33900
2026-07-18,YouTube,UCeVTtB1kN607CxFrFkiqjgQ,HeartSnap,505259,1600
2026-07-18,YouTube,UC3WZLJlwYaCEurdUywF8ibg,Drama In My Head,1165985,5180
2026-07-18,YouTube,UCbnCFV5_c-nGiEQN1anEO5A,HeartDrama Reels,211653,3150
2026-07-18,YouTube,UCxhHKduxLRNAOC_GUHPPf1Q,Drama Ray,530880,2270
2026-07-18,YouTube,UCT7ZxKrKqxBvAODr8h_ODkA,Lilith Drama,444609,2670
2026-07-18,YouTube,UCx08xHWVSQIiujaTJb8HWYg,Drama short,44,36
2026-07-18,YouTube,UC8gDq5ENmiVuJZIVsiZbQ8g,Heartloop,5519,14
2026-07-18,YouTube,UC01rTYtA_UsuZ5wzxnyHFcg,Triangle Theater,233691,1260
2026-07-18,YouTube,UCvfQU0Npb-ve-LxUlaAN1GA,Pocket Short,132767,468
2026-07-18,YouTube,UCc-V01UlW1n8eGLpATLA5gw,JayReels ,223503,588
2026-07-18,Dailymotion,x3tfxr4,ReelShort Romance Shorts,1342835,3952
2026-07-18,Dailymotion,x3tgq5g,The Rabbit Hole TV,580437,1357
2026-07-18,Dailymotion,x3tgqdc,ReelShort Drama Bombshell,360826,915
2026-07-18,Dailymotion,x3tgqpa,Reel Short Flick Frenzy,121925,411
2026-07-18,Dailymotion,x3tgrdw,Reel Drama Dose,402703,1131
2026-07-18,Dailymotion,x45tgp8,ReelShort English Shorts,48212,1366
2026-07-18,Dailymotion,x45tkva,ReelShort Fantasy Shorts,918550,2301
2026-07-18,Dailymotion,x45tobw,ReelShort Sweet Shorts,10526,125
2026-07-18,Dailymotion,x4c7qxk,ReelShortDaily,103,17
2026-07-18,Dailymotion,x4c7saw,ReelShort_Drama_Hub,53,12
2026-07-18,Dailymotion,x4c7srk,ReelShort_Drama_Show,34,5
2026-07-18,Dailymotion,x4c7syo,ReelShort_Drama_Buzz,4,7
2026-07-18,Dailymotion,x4c7t3q,ReelShort_Drama_Clips,3,7
2026-07-18,Dailymotion,x3tgots,ReelShort Love Shorts,761363,1501
2026-07-18,Dailymotion,x3tgs5s,FilmBox Channel,1283390,1507
2026-07-18,Dailymotion,x3tgtae,Easy Shorts,556375,824
2026-07-18,Dailymotion,x3tgrnq,ReelShort Drama Shorts,1630184,4524
2026-07-18,Dailymotion,x4c7r9u,love-shortdrama,106,0
2026-07-18,Dailymotion,x4c7ro4,babygirllovesshortdrama,68,0
2026-07-18,Dailymotion,x4c7sre,dailyshortdrama,34,0
2026-07-18,Dailymotion,x4c7qhk,drama lover girl,0,0
2026-07-18,Dailymotion,x4g6uv8,ReelShort Story Shorts,4446,45
2026-07-18,Dailymotion,x4g735i,ReelShort Movie Shorts,312476,838
2026-07-18,Dailymotion,x4kmjg6,Daily Reelshort,1443,25
2026-07-18,Dailymotion,x4k7s0s,ReelShort_GlancePlay,70,8
2026-07-18,Dailymotion,x4j6cxg,Camara Romance Shorts,0,16
2026-07-18,Dailymotion,x4klm7q,ReelShort Romance Shows,34983,348
2026-07-18,Dailymotion,x4klqy0,ReelShort Hot Drama Hub,729641,2122
2026-07-18,Dailymotion,x4kpgc4,Reelshort First Love Shorts,0,19
2026-07-18,Dailymotion,x4jaytw,Reel Romance Swipe,74879,245
2026-07-18,Dailymotion,x4ks0k4,Reel Raw Vibe,126797,185
2026-07-18,Dailymotion,x4ks4yi,ReelShort Spicy Shorts,0,17
2026-07-18,Dailymotion,x4krkfk,ReelShort Intense Stories,5621,72
2026-07-18,Dailymotion,x4ko26y,ReelShort Drama Collection,184620,1130
2026-07-18,Dailymotion,x4oad9u,ReelShort Drama Spotlight,751646,1227
2026-07-18,Dailymotion,x4ksw2e,DramaMagic,66275,112
2026-07-18,Dailymotion,x4kt5f6,Drama Reels,160367,1462
2026-07-18,Dailymotion,x4ku6nw,ReelShort Drama Studio,514745,1269
2026-07-18,Dailymotion,x4kvw02,Ugoeze ReelShort Drama,97,12
2026-07-18,Dailymotion,x4kj6r0,ReelShort TV,533833,1728
2026-07-18,Dailymotion,x3xvhc6,ReelShort Romance Videos,427908,1490
2026-07-18,Dailymotion,x4kfmg6,ReelShort Drama Movies,8451,546
2026-07-19,YouTube,UCAkSxwl8Lbk2hBXAAfsEFTA,Victor Drama,1503115,4530
2026-07-19,YouTube,UCctSzoeee7KCnR84dZ6IO7w,Maple Playhouse,434159,1920
2026-07-19,YouTube,UC82nFsZOjs5Tr96upPPq9Ww,Spur Reels,1187035,4240
2026-07-19,YouTube,UCnwjt6PgkKuZC4S1A0yTOFQ,DramaWithBestie,4098094,13800
2026-07-19,YouTube,UCHONLLEtQ4f9yoqa1BWlhSg,QuickFixDrama,3080307,4400
2026-07-19,YouTube,UC8Fm-ogvMehvbgF0BJjKiuQ,DramaFeverTV,394173,1270
2026-07-19,YouTube,UCxfDVRNK6SoN59v_t3ZJ33A,dramabook,2277462,7920
2026-07-19,YouTube,UCdtOFTQ1GVPKzvOYsi1ApIw,Pocket Movie,1972642,6140
2026-07-19,YouTube,UCSlOhfr5f-RPRP50yRri1uA,Pocket Story,671033,1900
2026-07-19,YouTube,UC2IjY1Gm6b7pYp-vMJ2R9ig,SceneClip,7169785,20600
2026-07-19,YouTube,UC77WdDKy6cbCxZkC46eaudA,Drama addict,4061003,10600
2026-07-19,YouTube,UChhBhc7qJ42rgzAIPe9z6Cg,LittleDrama,1538440,4620
2026-07-19,YouTube,UC80LfoIH6FrzHTm6lXTWCKQ,DramaStory,2071037,7340
2026-07-19,YouTube,UC49-b-BhbYoG54YNkwmzg8w,HotReel,44994,325
2026-07-19,YouTube,UCIg97fCjw1HnS8vPqwiHLGA,Drama Nook,7687154,19900
2026-07-19,YouTube,UCm3RYOItKT_P0-oRCkkSMZw,The Drama Club,5750427,19800
2026-07-19,YouTube,UCL_RZ1IidYQkVQxfimfnPSQ,This Plot Got Me,4204205,9920
2026-07-19,YouTube,UCMGKZD9ggu_Pfo4dkL47cXQ,Dreamy Drama TV,1770335,5090
2026-07-19,YouTube,UCEFB0gMdnD1NyiZaedHg2hQ,HeyDramaTV,1379158,4880
2026-07-19,YouTube,UC0GVHmLgrxE2SS8F0C19JVg,Pocket Swoon,3925519,9580
2026-07-19,YouTube,UCZem4a64VnhfA4CBw9vM2bg,Swoon Bites,7188465,14100
2026-07-19,YouTube,UCxxl4xdZZqRSSz2VfnFBhwA,DramaBitesTV,3433468,30100
2026-07-19,YouTube,UCsbnInDepLdq6o781WVZ-5g,Dark Swoon,2228859,7020
2026-07-19,YouTube,UCf3lAEw_WPtcgHMUVAunzSw,Pocket Crush,4559709,13100
2026-07-19,YouTube,UCk2O5vfW3c_W5YWQ_BoD1Ug,Drama Found Me,33914489,77900
2026-07-19,YouTube,UCP4STX85lq_fpEtvQcq_5fw,I Found This Drama,11130963,34000
2026-07-19,YouTube,UCeVTtB1kN607CxFrFkiqjgQ,HeartSnap,521802,1660
2026-07-19,YouTube,UC3WZLJlwYaCEurdUywF8ibg,Drama In My Head,1184287,5230
2026-07-19,YouTube,UCbnCFV5_c-nGiEQN1anEO5A,HeartDrama Reels,212121,3190
2026-07-19,YouTube,UCxhHKduxLRNAOC_GUHPPf1Q,Drama Ray,573367,2430
2026-07-19,YouTube,UCT7ZxKrKqxBvAODr8h_ODkA,Lilith Drama,468098,2780
2026-07-19,YouTube,UCx08xHWVSQIiujaTJb8HWYg,Drama short,41,41
2026-07-19,YouTube,UC8gDq5ENmiVuJZIVsiZbQ8g,Heartloop,5818,16
2026-07-19,YouTube,UC01rTYtA_UsuZ5wzxnyHFcg,Triangle Theater,248060,1330
2026-07-19,YouTube,UCvfQU0Npb-ve-LxUlaAN1GA,Pocket Short,147573,503
2026-07-19,YouTube,UCc-V01UlW1n8eGLpATLA5gw,JayReels ,238739,616
2026-07-19,Dailymotion,x3tfxr4,ReelShort Romance Shorts,1343505,3964
2026-07-19,Dailymotion,x3tgq5g,The Rabbit Hole TV,583103,1364
2026-07-19,Dailymotion,x3tgqdc,ReelShort Drama Bombshell,368651,945
2026-07-19,Dailymotion,x3tgqpa,Reel Short Flick Frenzy,122359,411
2026-07-19,Dailymotion,x3tgrdw,Reel Drama Dose,403533,1136
2026-07-19,Dailymotion,x45tgp8,ReelShort English Shorts,49457,1368
2026-07-19,Dailymotion,x45tkva,ReelShort Fantasy Shorts,920476,2307
2026-07-19,Dailymotion,x45tobw,ReelShort Sweet Shorts,10757,126
2026-07-19,Dailymotion,x4c7qxk,ReelShortDaily,103,17
2026-07-19,Dailymotion,x4c7saw,ReelShort_Drama_Hub,53,12
2026-07-19,Dailymotion,x4c7srk,ReelShort_Drama_Show,34,5
2026-07-19,Dailymotion,x4c7syo,ReelShort_Drama_Buzz,4,7
2026-07-19,Dailymotion,x4c7t3q,ReelShort_Drama_Clips,3,7
2026-07-19,Dailymotion,x3tgots,ReelShort Love Shorts,772398,1529
2026-07-19,Dailymotion,x3tgs5s,FilmBox Channel,1292926,1520
2026-07-19,Dailymotion,x3tgtae,Easy Shorts,557151,827
2026-07-19,Dailymotion,x3tgrnq,ReelShort Drama Shorts,1638690,4581
2026-07-19,Dailymotion,x4c7r9u,love-shortdrama,107,0
2026-07-19,Dailymotion,x4c7ro4,babygirllovesshortdrama,68,0
2026-07-19,Dailymotion,x4c7sre,dailyshortdrama,34,0
2026-07-19,Dailymotion,x4c7qhk,drama lover girl,0,0
2026-07-19,Dailymotion,x4g6uv8,ReelShort Story Shorts,4477,46
2026-07-19,Dailymotion,x4g735i,ReelShort Movie Shorts,314895,846
2026-07-19,Dailymotion,x4kmjg6,Daily Reelshort,1443,25
2026-07-19,Dailymotion,x4k7s0s,ReelShort_GlancePlay,70,8
2026-07-19,Dailymotion,x4j6cxg,Camara Romance Shorts,0,16
2026-07-19,Dailymotion,x4klm7q,ReelShort Romance Shows,35284,352
2026-07-19,Dailymotion,x4klqy0,ReelShort Hot Drama Hub,744736,2166
2026-07-19,Dailymotion,x4kpgc4,Reelshort First Love Shorts,0,19
2026-07-19,Dailymotion,x4jaytw,Reel Romance Swipe,76111,248
2026-07-19,Dailymotion,x4ks0k4,Reel Raw Vibe,127470,187
2026-07-19,Dailymotion,x4ks4yi,ReelShort Spicy Shorts,0,17
2026-07-19,Dailymotion,x4krkfk,ReelShort Intense Stories,5661,72
2026-07-19,Dailymotion,x4ko26y,ReelShort Drama Collection,188134,1160
2026-07-19,Dailymotion,x4oad9u,ReelShort Drama Spotlight,763715,1256
2026-07-19,Dailymotion,x4ksw2e,DramaMagic,67498,116
2026-07-19,Dailymotion,x4kt5f6,Drama Reels,161219,1486
2026-07-19,Dailymotion,x4ku6nw,ReelShort Drama Studio,516656,1289
2026-07-19,Dailymotion,x4kvw02,Ugoeze ReelShort Drama,97,12
2026-07-19,Dailymotion,x4kj6r0,ReelShort TV,535434,1743
2026-07-19,Dailymotion,x3xvhc6,ReelShort Romance Videos,429317,1494
2026-07-19,Dailymotion,x4kfmg6,ReelShort Drama Movies,8562,554
2026-07-20,YouTube,UCAkSxwl8Lbk2hBXAAfsEFTA,Victor Drama,1522068,4610
2026-07-20,YouTube,UCctSzoeee7KCnR84dZ6IO7w,Maple Playhouse,437114,1940
2026-07-20,YouTube,UC82nFsZOjs5Tr96upPPq9Ww,Spur Reels,1203892,4290
2026-07-20,YouTube,UCnwjt6PgkKuZC4S1A0yTOFQ,DramaWithBestie,4122925,13900
2026-07-20,YouTube,UCHONLLEtQ4f9yoqa1BWlhSg,QuickFixDrama,3093432,4410
2026-07-20,YouTube,UC8Fm-ogvMehvbgF0BJjKiuQ,DramaFeverTV,394844,1270
2026-07-20,YouTube,UCxfDVRNK6SoN59v_t3ZJ33A,dramabook,2311905,8030
2026-07-20,YouTube,UCdtOFTQ1GVPKzvOYsi1ApIw,Pocket Movie,1981320,6200
2026-07-20,YouTube,UCSlOhfr5f-RPRP50yRri1uA,Pocket Story,693958,1970
2026-07-20,YouTube,UC2IjY1Gm6b7pYp-vMJ2R9ig,SceneClip,7204266,20700
2026-07-20,YouTube,UC77WdDKy6cbCxZkC46eaudA,Drama addict,4093694,10800
2026-07-20,YouTube,UChhBhc7qJ42rgzAIPe9z6Cg,LittleDrama,1541201,4640
2026-07-20,YouTube,UC80LfoIH6FrzHTm6lXTWCKQ,DramaStory,2103922,7470
2026-07-20,YouTube,UC49-b-BhbYoG54YNkwmzg8w,HotReel,46936,338
2026-07-20,YouTube,UCIg97fCjw1HnS8vPqwiHLGA,Drama Nook,7696192,19900
2026-07-20,YouTube,UCm3RYOItKT_P0-oRCkkSMZw,The Drama Club,5795197,20000
2026-07-20,YouTube,UCL_RZ1IidYQkVQxfimfnPSQ,This Plot Got Me,4272006,10000
2026-07-20,YouTube,UCMGKZD9ggu_Pfo4dkL47cXQ,Dreamy Drama TV,1796822,5210
2026-07-20,YouTube,UCEFB0gMdnD1NyiZaedHg2hQ,HeyDramaTV,1447238,5140
2026-07-20,YouTube,UC0GVHmLgrxE2SS8F0C19JVg,Pocket Swoon,3948227,9630
2026-07-20,YouTube,UCZem4a64VnhfA4CBw9vM2bg,Swoon Bites,7378223,14300
2026-07-20,YouTube,UCxxl4xdZZqRSSz2VfnFBhwA,DramaBitesTV,3437954,30100
2026-07-20,YouTube,UCsbnInDepLdq6o781WVZ-5g,Dark Swoon,2255395,7110
2026-07-20,YouTube,UCf3lAEw_WPtcgHMUVAunzSw,Pocket Crush,4563079,13100
2026-07-20,YouTube,UCk2O5vfW3c_W5YWQ_BoD1Ug,Drama Found Me,34814708,79400
2026-07-20,YouTube,UCP4STX85lq_fpEtvQcq_5fw,I Found This Drama,11149290,34000
2026-07-20,YouTube,UCeVTtB1kN607CxFrFkiqjgQ,HeartSnap,534728,1710
2026-07-20,YouTube,UC3WZLJlwYaCEurdUywF8ibg,Drama In My Head,1199926,5310
2026-07-20,YouTube,UCbnCFV5_c-nGiEQN1anEO5A,HeartDrama Reels,212661,3220
2026-07-20,YouTube,UCxhHKduxLRNAOC_GUHPPf1Q,Drama Ray,606983,2530
2026-07-20,YouTube,UCT7ZxKrKqxBvAODr8h_ODkA,Lilith Drama,491852,2900
2026-07-20,YouTube,UCx08xHWVSQIiujaTJb8HWYg,Drama short,41,43
2026-07-20,YouTube,UC8gDq5ENmiVuJZIVsiZbQ8g,Heartloop,6702,18
2026-07-20,YouTube,UC01rTYtA_UsuZ5wzxnyHFcg,Triangle Theater,257102,1390
2026-07-20,YouTube,UCvfQU0Npb-ve-LxUlaAN1GA,Pocket Short,157472,540
2026-07-20,YouTube,UCc-V01UlW1n8eGLpATLA5gw,JayReels ,245794,636
2026-07-20,Dailymotion,x3tfxr4,ReelShort Romance Shorts,1344259,3975
2026-07-20,Dailymotion,x3tgq5g,The Rabbit Hole TV,584488,1367
2026-07-20,Dailymotion,x3tgqdc,ReelShort Drama Bombshell,373384,965
2026-07-20,Dailymotion,x3tgqpa,Reel Short Flick Frenzy,123014,412
2026-07-20,Dailymotion,x3tgrdw,Reel Drama Dose,404551,1141
2026-07-20,Dailymotion,x45tgp8,ReelShort English Shorts,50406,1371
2026-07-20,Dailymotion,x45tkva,ReelShort Fantasy Shorts,922403,2314
2026-07-20,Dailymotion,x45tobw,ReelShort Sweet Shorts,11227,129
2026-07-20,Dailymotion,x4c7qxk,ReelShortDaily,103,17
2026-07-20,Dailymotion,x4c7saw,ReelShort_Drama_Hub,53,12
2026-07-20,Dailymotion,x4c7srk,ReelShort_Drama_Show,34,5
2026-07-20,Dailymotion,x4c7syo,ReelShort_Drama_Buzz,4,7
2026-07-20,Dailymotion,x4c7t3q,ReelShort_Drama_Clips,3,7
2026-07-20,Dailymotion,x3tgots,ReelShort Love Shorts,788281,1565
2026-07-20,Dailymotion,x3tgs5s,FilmBox Channel,1302619,1528
2026-07-20,Dailymotion,x3tgtae,Easy Shorts,558015,829
2026-07-20,Dailymotion,x3tgrnq,ReelShort Drama Shorts,1645773,4612
2026-07-20,Dailymotion,x4c7r9u,love-shortdrama,108,0
2026-07-20,Dailymotion,x4c7ro4,babygirllovesshortdrama,68,0
2026-07-20,Dailymotion,x4c7sre,dailyshortdrama,34,0
2026-07-20,Dailymotion,x4c7qhk,drama lover girl,0,0
2026-07-20,Dailymotion,x4g6uv8,ReelShort Story Shorts,4534,46
2026-07-20,Dailymotion,x4g735i,ReelShort Movie Shorts,316967,852
2026-07-20,Dailymotion,x4kmjg6,Daily Reelshort,1445,25
2026-07-20,Dailymotion,x4k7s0s,ReelShort_GlancePlay,70,8
2026-07-20,Dailymotion,x4j6cxg,Camara Romance Shorts,0,16
2026-07-20,Dailymotion,x4klm7q,ReelShort Romance Shows,35628,353
2026-07-20,Dailymotion,x4klqy0,ReelShort Hot Drama Hub,759116,2187
2026-07-20,Dailymotion,x4kpgc4,Reelshort First Love Shorts,0,19
2026-07-20,Dailymotion,x4jaytw,Reel Romance Swipe,76979,250
2026-07-20,Dailymotion,x4ks0k4,Reel Raw Vibe,128328,189
2026-07-20,Dailymotion,x4ks4yi,ReelShort Spicy Shorts,0,17
2026-07-20,Dailymotion,x4krkfk,ReelShort Intense Stories,5686,72
2026-07-20,Dailymotion,x4ko26y,ReelShort Drama Collection,195653,1176
2026-07-20,Dailymotion,x4oad9u,ReelShort Drama Spotlight,777501,1282
2026-07-20,Dailymotion,x4ksw2e,DramaMagic,72217,120
2026-07-20,Dailymotion,x4kt5f6,Drama Reels,162870,1503
2026-07-20,Dailymotion,x4ku6nw,ReelShort Drama Studio,518992,1298
2026-07-20,Dailymotion,x4kvw02,Ugoeze ReelShort Drama,97,12
2026-07-20,Dailymotion,x4kj6r0,ReelShort TV,536762,1753
2026-07-20,Dailymotion,x3xvhc6,ReelShort Romance Videos,430567,1501
2026-07-20,Dailymotion,x4kfmg6,ReelShort Drama Movies,8716,556
2026-07-21,YouTube,UCAkSxwl8Lbk2hBXAAfsEFTA,Victor Drama,1544427,4700
2026-07-21,YouTube,UCctSzoeee7KCnR84dZ6IO7w,Maple Playhouse,441086,1960
2026-07-21,YouTube,UC82nFsZOjs5Tr96upPPq9Ww,Spur Reels,1221315,4340
2026-07-21,YouTube,UCnwjt6PgkKuZC4S1A0yTOFQ,DramaWithBestie,4154002,14000
2026-07-21,YouTube,UCHONLLEtQ4f9yoqa1BWlhSg,QuickFixDrama,3109825,4430
2026-07-21,YouTube,UC8Fm-ogvMehvbgF0BJjKiuQ,DramaFeverTV,395520,1270
2026-07-21,YouTube,UCxfDVRNK6SoN59v_t3ZJ33A,dramabook,2349203,8130
2026-07-21,YouTube,UCdtOFTQ1GVPKzvOYsi1ApIw,Pocket Movie,1994289,6250
2026-07-21,YouTube,UCSlOhfr5f-RPRP50yRri1uA,Pocket Story,726698,2030
2026-07-21,YouTube,UC2IjY1Gm6b7pYp-vMJ2R9ig,SceneClip,6553667,20800
2026-07-21,YouTube,UC77WdDKy6cbCxZkC46eaudA,Drama addict,4131614,10900
2026-07-21,YouTube,UChhBhc7qJ42rgzAIPe9z6Cg,LittleDrama,1544161,4650
2026-07-21,YouTube,UC80LfoIH6FrzHTm6lXTWCKQ,DramaStory,2143678,7610
2026-07-21,YouTube,UC49-b-BhbYoG54YNkwmzg8w,HotReel,48499,346
2026-07-21,YouTube,UCIg97fCjw1HnS8vPqwiHLGA,Drama Nook,7707427,20000
2026-07-21,YouTube,UCm3RYOItKT_P0-oRCkkSMZw,The Drama Club,5849857,20300
2026-07-21,YouTube,UCL_RZ1IidYQkVQxfimfnPSQ,This Plot Got Me,4391909,10100
2026-07-21,YouTube,UCMGKZD9ggu_Pfo4dkL47cXQ,Dreamy Drama TV,1835237,5370
2026-07-21,YouTube,UCEFB0gMdnD1NyiZaedHg2hQ,HeyDramaTV,1553190,5420
2026-07-21,YouTube,UC0GVHmLgrxE2SS8F0C19JVg,Pocket Swoon,3975218,9680
2026-07-21,YouTube,UCZem4a64VnhfA4CBw9vM2bg,Swoon Bites,7603839,14600
2026-07-21,YouTube,UCxxl4xdZZqRSSz2VfnFBhwA,DramaBitesTV,3444484,30100
2026-07-21,YouTube,UCsbnInDepLdq6o781WVZ-5g,Dark Swoon,2292261,7200
2026-07-21,YouTube,UCf3lAEw_WPtcgHMUVAunzSw,Pocket Crush,4566634,13100
2026-07-21,YouTube,UCk2O5vfW3c_W5YWQ_BoD1Ug,Drama Found Me,35819161,81000
2026-07-21,YouTube,UCP4STX85lq_fpEtvQcq_5fw,I Found This Drama,11169637,34100
2026-07-21,YouTube,UCeVTtB1kN607CxFrFkiqjgQ,HeartSnap,549004,1760
2026-07-21,YouTube,UC3WZLJlwYaCEurdUywF8ibg,Drama In My Head,1214902,5370
2026-07-21,YouTube,UCbnCFV5_c-nGiEQN1anEO5A,HeartDrama Reels,213326,3230
2026-07-21,YouTube,UCxhHKduxLRNAOC_GUHPPf1Q,Drama Ray,589366,2610
2026-07-21,YouTube,UCT7ZxKrKqxBvAODr8h_ODkA,Lilith Drama,524551,3040
2026-07-21,YouTube,UCx08xHWVSQIiujaTJb8HWYg,Drama short,44,44
2026-07-21,YouTube,UC8gDq5ENmiVuJZIVsiZbQ8g,Heartloop,8160,25
2026-07-21,YouTube,UC01rTYtA_UsuZ5wzxnyHFcg,Triangle Theater,265654,1440
2026-07-21,YouTube,UCvfQU0Npb-ve-LxUlaAN1GA,Pocket Short,167680,585
2026-07-21,YouTube,UCc-V01UlW1n8eGLpATLA5gw,JayReels ,254092,658
2026-07-21,Dailymotion,x3tfxr4,ReelShort Romance Shorts,1344961,3986
2026-07-21,Dailymotion,x3tgq5g,The Rabbit Hole TV,585697,1370
2026-07-21,Dailymotion,x3tgqdc,ReelShort Drama Bombshell,377537,972
2026-07-21,Dailymotion,x3tgqpa,Reel Short Flick Frenzy,123552,413
2026-07-21,Dailymotion,x3tgrdw,Reel Drama Dose,405277,1144
2026-07-21,Dailymotion,x45tgp8,ReelShort English Shorts,50983,1374
2026-07-21,Dailymotion,x45tkva,ReelShort Fantasy Shorts,924391,2320
2026-07-21,Dailymotion,x45tobw,ReelShort Sweet Shorts,11674,131
2026-07-21,Dailymotion,x4c7qxk,ReelShortDaily,103,17
2026-07-21,Dailymotion,x4c7saw,ReelShort_Drama_Hub,53,12
2026-07-21,Dailymotion,x4c7srk,ReelShort_Drama_Show,34,5
2026-07-21,Dailymotion,x4c7syo,ReelShort_Drama_Buzz,4,7
2026-07-21,Dailymotion,x4c7t3q,ReelShort_Drama_Clips,3,7
2026-07-21,Dailymotion,x3tgots,ReelShort Love Shorts,805151,1601
2026-07-21,Dailymotion,x3tgs5s,FilmBox Channel,1309861,1535
2026-07-21,Dailymotion,x3tgtae,Easy Shorts,559032,833
2026-07-21,Dailymotion,x3tgrnq,ReelShort Drama Shorts,1652021,4640
2026-07-21,Dailymotion,x4c7r9u,love-shortdrama,108,0
2026-07-21,Dailymotion,x4c7ro4,babygirllovesshortdrama,68,0
2026-07-21,Dailymotion,x4c7sre,dailyshortdrama,34,0
2026-07-21,Dailymotion,x4c7qhk,drama lover girl,0,0
2026-07-21,Dailymotion,x4g6uv8,ReelShort Story Shorts,4586,46
2026-07-21,Dailymotion,x4g735i,ReelShort Movie Shorts,319563,854
2026-07-21,Dailymotion,x4kmjg6,Daily Reelshort,1448,25
2026-07-21,Dailymotion,x4k7s0s,ReelShort_GlancePlay,70,8
2026-07-21,Dailymotion,x4j6cxg,Camara Romance Shorts,0,16
2026-07-21,Dailymotion,x4klm7q,ReelShort Romance Shows,36153,358
2026-07-21,Dailymotion,x4klqy0,ReelShort Hot Drama Hub,773752,2227
2026-07-21,Dailymotion,x4kpgc4,Reelshort First Love Shorts,0,19
2026-07-21,Dailymotion,x4jaytw,Reel Romance Swipe,77777,251
2026-07-21,Dailymotion,x4ks0k4,Reel Raw Vibe,129038,189
2026-07-21,Dailymotion,x4ks4yi,ReelShort Spicy Shorts,0,17
2026-07-21,Dailymotion,x4krkfk,ReelShort Intense Stories,5710,73
2026-07-21,Dailymotion,x4ko26y,ReelShort Drama Collection,203324,1200
2026-07-21,Dailymotion,x4oad9u,ReelShort Drama Spotlight,789465,1314
2026-07-21,Dailymotion,x4ksw2e,DramaMagic,76590,121
2026-07-21,Dailymotion,x4kt5f6,Drama Reels,164381,1522
2026-07-21,Dailymotion,x4ku6nw,ReelShort Drama Studio,521285,1312
2026-07-21,Dailymotion,x4kvw02,Ugoeze ReelShort Drama,97,12
2026-07-21,Dailymotion,x4kj6r0,ReelShort TV,540009,1764
2026-07-21,Dailymotion,x3xvhc6,ReelShort Romance Videos,431916,1505
2026-07-21,Dailymotion,x4kfmg6,ReelShort Drama Movies,8905,562
2026-07-22,YouTube,UCAkSxwl8Lbk2hBXAAfsEFTA,Victor Drama,1563860,4790
2026-07-22,YouTube,UCctSzoeee7KCnR84dZ6IO7w,Maple Playhouse,446741,1970
2026-07-22,YouTube,UC82nFsZOjs5Tr96upPPq9Ww,Spur Reels,1234940,4400
2026-07-22,YouTube,UCnwjt6PgkKuZC4S1A0yTOFQ,DramaWithBestie,4184256,14100
2026-07-22,YouTube,UCHONLLEtQ4f9yoqa1BWlhSg,QuickFixDrama,3124315,4440
2026-07-22,YouTube,UC8Fm-ogvMehvbgF0BJjKiuQ,DramaFeverTV,396021,1270
2026-07-22,YouTube,UCxfDVRNK6SoN59v_t3ZJ33A,dramabook,2381851,8210
2026-07-22,YouTube,UCdtOFTQ1GVPKzvOYsi1ApIw,Pocket Movie,2009634,6300
2026-07-22,YouTube,UCSlOhfr5f-RPRP50yRri1uA,Pocket Story,750719,2090
2026-07-22,YouTube,UC2IjY1Gm6b7pYp-vMJ2R9ig,SceneClip,6581530,20900
2026-07-22,YouTube,UC77WdDKy6cbCxZkC46eaudA,Drama addict,4171383,11000
2026-07-22,YouTube,UChhBhc7qJ42rgzAIPe9z6Cg,LittleDrama,1547049,4660
2026-07-22,YouTube,UC80LfoIH6FrzHTm6lXTWCKQ,DramaStory,2179965,7740
2026-07-22,YouTube,UC49-b-BhbYoG54YNkwmzg8w,HotReel,50149,358
2026-07-22,YouTube,UCIg97fCjw1HnS8vPqwiHLGA,Drama Nook,7719335,20000
2026-07-22,YouTube,UCm3RYOItKT_P0-oRCkkSMZw,The Drama Club,5906130,20500
2026-07-22,YouTube,UCL_RZ1IidYQkVQxfimfnPSQ,This Plot Got Me,4415333,10200
2026-07-22,YouTube,UCMGKZD9ggu_Pfo4dkL47cXQ,Dreamy Drama TV,1904700,5590
2026-07-22,YouTube,UCEFB0gMdnD1NyiZaedHg2hQ,HeyDramaTV,1298644,5680
2026-07-22,YouTube,UC0GVHmLgrxE2SS8F0C19JVg,Pocket Swoon,3999364,9740
2026-07-22,YouTube,UCZem4a64VnhfA4CBw9vM2bg,Swoon Bites,7801095,14900
2026-07-22,YouTube,UCxxl4xdZZqRSSz2VfnFBhwA,DramaBitesTV,3450399,30200
2026-07-22,YouTube,UCsbnInDepLdq6o781WVZ-5g,Dark Swoon,2328078,7270
2026-07-22,YouTube,UCf3lAEw_WPtcgHMUVAunzSw,Pocket Crush,4569745,13200
2026-07-22,YouTube,UCk2O5vfW3c_W5YWQ_BoD1Ug,Drama Found Me,36681128,82200
2026-07-22,YouTube,UCP4STX85lq_fpEtvQcq_5fw,I Found This Drama,11186500,34100
2026-07-22,YouTube,UCeVTtB1kN607CxFrFkiqjgQ,HeartSnap,562862,1810
2026-07-22,YouTube,UC3WZLJlwYaCEurdUywF8ibg,Drama In My Head,1228296,5420
2026-07-22,YouTube,UCbnCFV5_c-nGiEQN1anEO5A,HeartDrama Reels,214327,3230
2026-07-22,YouTube,UCxhHKduxLRNAOC_GUHPPf1Q,Drama Ray,611185,2730
2026-07-22,YouTube,UCT7ZxKrKqxBvAODr8h_ODkA,Lilith Drama,555101,3150
2026-07-22,YouTube,UCx08xHWVSQIiujaTJb8HWYg,Drama short,44,46
2026-07-22,YouTube,UC8gDq5ENmiVuJZIVsiZbQ8g,Heartloop,11015,36
2026-07-22,YouTube,UC01rTYtA_UsuZ5wzxnyHFcg,Triangle Theater,274757,1490
2026-07-22,YouTube,UCvfQU0Npb-ve-LxUlaAN1GA,Pocket Short,184743,628
2026-07-22,YouTube,UCc-V01UlW1n8eGLpATLA5gw,JayReels ,262104,704
2026-07-22,Dailymotion,x3tfxr4,ReelShort Romance Shorts,1345679,3989
2026-07-22,Dailymotion,x3tgq5g,The Rabbit Hole TV,587433,1375
2026-07-22,Dailymotion,x3tgqdc,ReelShort Drama Bombshell,382710,987
2026-07-22,Dailymotion,x3tgqpa,Reel Short Flick Frenzy,124063,414
2026-07-22,Dailymotion,x3tgrdw,Reel Drama Dose,406036,1146
2026-07-22,Dailymotion,x45tgp8,ReelShort English Shorts,51576,1377
2026-07-22,Dailymotion,x45tkva,ReelShort Fantasy Shorts,926099,2323
2026-07-22,Dailymotion,x45tobw,ReelShort Sweet Shorts,12012,132
2026-07-22,Dailymotion,x4c7qxk,ReelShortDaily,103,17
2026-07-22,Dailymotion,x4c7saw,ReelShort_Drama_Hub,53,12
2026-07-22,Dailymotion,x4c7srk,ReelShort_Drama_Show,34,5
2026-07-22,Dailymotion,x4c7syo,ReelShort_Drama_Buzz,4,7
2026-07-22,Dailymotion,x4c7t3q,ReelShort_Drama_Clips,3,7
2026-07-22,Dailymotion,x3tgots,ReelShort Love Shorts,824772,1635
2026-07-22,Dailymotion,x3tgs5s,FilmBox Channel,1316291,1549
2026-07-22,Dailymotion,x3tgtae,Easy Shorts,560171,836
2026-07-22,Dailymotion,x3tgrnq,ReelShort Drama Shorts,1658804,4679
2026-07-22,Dailymotion,x4c7r9u,love-shortdrama,108,0
2026-07-22,Dailymotion,x4c7ro4,babygirllovesshortdrama,68,0
2026-07-22,Dailymotion,x4c7sre,dailyshortdrama,34,0
2026-07-22,Dailymotion,x4c7qhk,drama lover girl,0,0
2026-07-22,Dailymotion,x4g6uv8,ReelShort Story Shorts,4650,46
2026-07-22,Dailymotion,x4g735i,ReelShort Movie Shorts,323110,859
2026-07-22,Dailymotion,x4kmjg6,Daily Reelshort,1449,25
2026-07-22,Dailymotion,x4k7s0s,ReelShort_GlancePlay,70,8
2026-07-22,Dailymotion,x4j6cxg,Camara Romance Shorts,0,17
2026-07-22,Dailymotion,x4klm7q,ReelShort Romance Shows,37672,361
2026-07-22,Dailymotion,x4klqy0,ReelShort Hot Drama Hub,788208,2251
2026-07-22,Dailymotion,x4kpgc4,Reelshort First Love Shorts,0,19
2026-07-22,Dailymotion,x4jaytw,Reel Romance Swipe,78822,254
2026-07-22,Dailymotion,x4ks0k4,Reel Raw Vibe,129718,193
2026-07-22,Dailymotion,x4ks4yi,ReelShort Spicy Shorts,0,17
2026-07-22,Dailymotion,x4krkfk,ReelShort Intense Stories,5738,73
2026-07-22,Dailymotion,x4ko26y,ReelShort Drama Collection,207833,1214
2026-07-22,Dailymotion,x4oad9u,ReelShort Drama Spotlight,803661,1336
2026-07-22,Dailymotion,x4ksw2e,DramaMagic,81978,122
2026-07-22,Dailymotion,x4kt5f6,Drama Reels,166597,1539
2026-07-22,Dailymotion,x4ku6nw,ReelShort Drama Studio,525566,1326
2026-07-22,Dailymotion,x4kvw02,Ugoeze ReelShort Drama,97,12
2026-07-22,Dailymotion,x4kj6r0,ReelShort TV,544338,1781
2026-07-22,Dailymotion,x3xvhc6,ReelShort Romance Videos,432958,1507
2026-07-22,Dailymotion,x4kfmg6,ReelShort Drama Movies,9094,562
2026-07-23,YouTube,UCAkSxwl8Lbk2hBXAAfsEFTA,Victor Drama,1583515,4850
2026-07-23,YouTube,UCctSzoeee7KCnR84dZ6IO7w,Maple Playhouse,451589,1990
2026-07-23,YouTube,UC82nFsZOjs5Tr96upPPq9Ww,Spur Reels,1249317,4430
2026-07-23,YouTube,UCnwjt6PgkKuZC4S1A0yTOFQ,DramaWithBestie,4217639,14200
2026-07-23,YouTube,UCHONLLEtQ4f9yoqa1BWlhSg,QuickFixDrama,3137646,4450
2026-07-23,YouTube,UC8Fm-ogvMehvbgF0BJjKiuQ,DramaFeverTV,396578,1270
2026-07-23,YouTube,UCxfDVRNK6SoN59v_t3ZJ33A,dramabook,2393472,8270
2026-07-23,YouTube,UCdtOFTQ1GVPKzvOYsi1ApIw,Pocket Movie,2020519,6350
2026-07-23,YouTube,UCSlOhfr5f-RPRP50yRri1uA,Pocket Story,757555,2140
2026-07-23,YouTube,UC2IjY1Gm6b7pYp-vMJ2R9ig,SceneClip,6612620,21000
2026-07-23,YouTube,UC77WdDKy6cbCxZkC46eaudA,Drama addict,4208761,11100
2026-07-23,YouTube,UChhBhc7qJ42rgzAIPe9z6Cg,LittleDrama,1550269,4680
2026-07-23,YouTube,UC80LfoIH6FrzHTm6lXTWCKQ,DramaStory,2212094,7840
2026-07-23,YouTube,UC49-b-BhbYoG54YNkwmzg8w,HotReel,51437,365
2026-07-23,YouTube,UCIg97fCjw1HnS8vPqwiHLGA,Drama Nook,7731035,20100
2026-07-23,YouTube,UCm3RYOItKT_P0-oRCkkSMZw,The Drama Club,5960198,20700
2026-07-23,YouTube,UCL_RZ1IidYQkVQxfimfnPSQ,This Plot Got Me,4502590,10300
2026-07-23,YouTube,UCMGKZD9ggu_Pfo4dkL47cXQ,Dreamy Drama TV,1970116,5740
2026-07-23,YouTube,UCEFB0gMdnD1NyiZaedHg2hQ,HeyDramaTV,1387758,5870
2026-07-23,YouTube,UC0GVHmLgrxE2SS8F0C19JVg,Pocket Swoon,4023459,9770
2026-07-23,YouTube,UCZem4a64VnhfA4CBw9vM2bg,Swoon Bites,7962220,15000
2026-07-23,YouTube,UCxxl4xdZZqRSSz2VfnFBhwA,DramaBitesTV,3457737,30200
2026-07-23,YouTube,UCsbnInDepLdq6o781WVZ-5g,Dark Swoon,2358263,7320
2026-07-23,YouTube,UCf3lAEw_WPtcgHMUVAunzSw,Pocket Crush,4572603,13200
2026-07-23,YouTube,UCk2O5vfW3c_W5YWQ_BoD1Ug,Drama Found Me,37423268,83200
2026-07-23,YouTube,UCP4STX85lq_fpEtvQcq_5fw,I Found This Drama,11203151,34200
2026-07-23,YouTube,UCeVTtB1kN607CxFrFkiqjgQ,HeartSnap,577116,1850
2026-07-23,YouTube,UC3WZLJlwYaCEurdUywF8ibg,Drama In My Head,1240609,5460
2026-07-23,YouTube,UCbnCFV5_c-nGiEQN1anEO5A,HeartDrama Reels,214769,3250
2026-07-23,YouTube,UCxhHKduxLRNAOC_GUHPPf1Q,Drama Ray,639911,2840
2026-07-23,YouTube,UCT7ZxKrKqxBvAODr8h_ODkA,Lilith Drama,591308,3300
2026-07-23,YouTube,UCx08xHWVSQIiujaTJb8HWYg,Drama short,44,51
2026-07-23,YouTube,UC8gDq5ENmiVuJZIVsiZbQ8g,Heartloop,14289,45
2026-07-23,YouTube,UC01rTYtA_UsuZ5wzxnyHFcg,Triangle Theater,287617,1540
2026-07-23,YouTube,UCvfQU0Npb-ve-LxUlaAN1GA,Pocket Short,191496,656
2026-07-23,YouTube,UCc-V01UlW1n8eGLpATLA5gw,JayReels ,271161,752
2026-07-23,Dailymotion,x3tfxr4,ReelShort Romance Shorts,1346362,4005
2026-07-23,Dailymotion,x3tgq5g,The Rabbit Hole TV,590160,1377
2026-07-23,Dailymotion,x3tgqdc,ReelShort Drama Bombshell,387600,995
2026-07-23,Dailymotion,x3tgqpa,Reel Short Flick Frenzy,124539,415
2026-07-23,Dailymotion,x3tgrdw,Reel Drama Dose,406775,1149
2026-07-23,Dailymotion,x45tgp8,ReelShort English Shorts,52325,1382
2026-07-23,Dailymotion,x45tkva,ReelShort Fantasy Shorts,927758,2326
2026-07-23,Dailymotion,x45tobw,ReelShort Sweet Shorts,12289,134
2026-07-23,Dailymotion,x4c7qxk,ReelShortDaily,103,17
2026-07-23,Dailymotion,x4c7saw,ReelShort_Drama_Hub,53,12
2026-07-23,Dailymotion,x4c7srk,ReelShort_Drama_Show,34,5
2026-07-23,Dailymotion,x4c7syo,ReelShort_Drama_Buzz,4,7
2026-07-23,Dailymotion,x4c7t3q,ReelShort_Drama_Clips,3,7
2026-07-23,Dailymotion,x3tgots,ReelShort Love Shorts,845094,1678
2026-07-23,Dailymotion,x3tgs5s,FilmBox Channel,1322598,1560
2026-07-23,Dailymotion,x3tgtae,Easy Shorts,561168,837
2026-07-23,Dailymotion,x3tgrnq,ReelShort Drama Shorts,1665279,4725
2026-07-23,Dailymotion,x4c7r9u,love-shortdrama,108,0
2026-07-23,Dailymotion,x4c7ro4,babygirllovesshortdrama,68,0
2026-07-23,Dailymotion,x4c7sre,dailyshortdrama,34,0
2026-07-23,Dailymotion,x4c7qhk,drama lover girl,0,0
2026-07-23,Dailymotion,x4g6uv8,ReelShort Story Shorts,4688,47
2026-07-23,Dailymotion,x4g735i,ReelShort Movie Shorts,326038,865
2026-07-23,Dailymotion,x4kmjg6,Daily Reelshort,1451,25
2026-07-23,Dailymotion,x4k7s0s,ReelShort_GlancePlay,71,8
2026-07-23,Dailymotion,x4j6cxg,Camara Romance Shorts,0,17
2026-07-23,Dailymotion,x4klm7q,ReelShort Romance Shows,39215,372
2026-07-23,Dailymotion,x4klqy0,ReelShort Hot Drama Hub,801395,2277
2026-07-23,Dailymotion,x4kpgc4,Reelshort First Love Shorts,0,19
2026-07-23,Dailymotion,x4jaytw,Reel Romance Swipe,79986,257
2026-07-23,Dailymotion,x4ks0k4,Reel Raw Vibe,130392,195
2026-07-23,Dailymotion,x4ks4yi,ReelShort Spicy Shorts,0,17
2026-07-23,Dailymotion,x4krkfk,ReelShort Intense Stories,5771,73
2026-07-23,Dailymotion,x4ko26y,ReelShort Drama Collection,211884,1229
2026-07-23,Dailymotion,x4oad9u,ReelShort Drama Spotlight,813394,1356
2026-07-23,Dailymotion,x4ksw2e,DramaMagic,86135,125
2026-07-23,Dailymotion,x4kt5f6,Drama Reels,169323,1566
2026-07-23,Dailymotion,x4ku6nw,ReelShort Drama Studio,529703,1345
2026-07-23,Dailymotion,x4kvw02,Ugoeze ReelShort Drama,98,12
2026-07-23,Dailymotion,x4kj6r0,ReelShort TV,547992,1790
2026-07-23,Dailymotion,x3xvhc6,ReelShort Romance Videos,434026,1510
2026-07-23,Dailymotion,x4kfmg6,ReelShort Drama Movies,9226,569
2026-07-24,YouTube,UCAkSxwl8Lbk2hBXAAfsEFTA,Victor Drama,1600793,4930
2026-07-24,YouTube,UCctSzoeee7KCnR84dZ6IO7w,Maple Playhouse,454891,2000
2026-07-24,YouTube,UC82nFsZOjs5Tr96upPPq9Ww,Spur Reels,1263316,4470
2026-07-24,YouTube,UCnwjt6PgkKuZC4S1A0yTOFQ,DramaWithBestie,4253037,14400
2026-07-24,YouTube,UCHONLLEtQ4f9yoqa1BWlhSg,QuickFixDrama,3152820,4460
2026-07-24,YouTube,UC8Fm-ogvMehvbgF0BJjKiuQ,DramaFeverTV,397336,1280
2026-07-24,YouTube,UCxfDVRNK6SoN59v_t3ZJ33A,dramabook,2416704,8330
2026-07-24,YouTube,UCdtOFTQ1GVPKzvOYsi1ApIw,Pocket Movie,2031287,6390
2026-07-24,YouTube,UCSlOhfr5f-RPRP50yRri1uA,Pocket Story,773821,2180
2026-07-24,YouTube,UC2IjY1Gm6b7pYp-vMJ2R9ig,SceneClip,6636874,21000
2026-07-24,YouTube,UC77WdDKy6cbCxZkC46eaudA,Drama addict,4240179,11200
2026-07-24,YouTube,UChhBhc7qJ42rgzAIPe9z6Cg,LittleDrama,1552767,4700
2026-07-24,YouTube,UC80LfoIH6FrzHTm6lXTWCKQ,DramaStory,2240249,7900
2026-07-24,YouTube,UC49-b-BhbYoG54YNkwmzg8w,HotReel,51981,366
2026-07-24,YouTube,UCIg97fCjw1HnS8vPqwiHLGA,Drama Nook,7740684,20100
2026-07-24,YouTube,UCm3RYOItKT_P0-oRCkkSMZw,The Drama Club,6002097,20900
2026-07-24,YouTube,UCL_RZ1IidYQkVQxfimfnPSQ,This Plot Got Me,4638867,10300
2026-07-24,YouTube,UCMGKZD9ggu_Pfo4dkL47cXQ,Dreamy Drama TV,2032045,5900
2026-07-24,YouTube,UCEFB0gMdnD1NyiZaedHg2hQ,HeyDramaTV,1458137,6030
2026-07-24,YouTube,UC0GVHmLgrxE2SS8F0C19JVg,Pocket Swoon,4045419,9840
2026-07-24,YouTube,UCZem4a64VnhfA4CBw9vM2bg,Swoon Bites,7951701,15100
2026-07-24,YouTube,UCxxl4xdZZqRSSz2VfnFBhwA,DramaBitesTV,3463099,30200
2026-07-24,YouTube,UCsbnInDepLdq6o781WVZ-5g,Dark Swoon,2373880,7360
2026-07-24,YouTube,UCf3lAEw_WPtcgHMUVAunzSw,Pocket Crush,4575237,13200
2026-07-24,YouTube,UCk2O5vfW3c_W5YWQ_BoD1Ug,Drama Found Me,38044455,84100
2026-07-24,YouTube,UCP4STX85lq_fpEtvQcq_5fw,I Found This Drama,11216849,34200
2026-07-24,YouTube,UCeVTtB1kN607CxFrFkiqjgQ,HeartSnap,587377,1880
2026-07-24,YouTube,UC3WZLJlwYaCEurdUywF8ibg,Drama In My Head,1250253,5500
2026-07-24,YouTube,UCbnCFV5_c-nGiEQN1anEO5A,HeartDrama Reels,215029,3250
2026-07-24,YouTube,UCxhHKduxLRNAOC_GUHPPf1Q,Drama Ray,662199,2980
2026-07-24,YouTube,UCT7ZxKrKqxBvAODr8h_ODkA,Lilith Drama,626277,3450
2026-07-24,YouTube,UCx08xHWVSQIiujaTJb8HWYg,Drama short,44,51
2026-07-24,YouTube,UC8gDq5ENmiVuJZIVsiZbQ8g,Heartloop,16954,50
2026-07-24,YouTube,UC01rTYtA_UsuZ5wzxnyHFcg,Triangle Theater,298584,1610
2026-07-24,YouTube,UCvfQU0Npb-ve-LxUlaAN1GA,Pocket Short,200248,673
2026-07-24,YouTube,UCc-V01UlW1n8eGLpATLA5gw,JayReels ,282343,810
2026-07-24,Dailymotion,x3tfxr4,ReelShort Romance Shorts,1347153,4016
2026-07-24,Dailymotion,x3tgq5g,The Rabbit Hole TV,594400,1379
2026-07-24,Dailymotion,x3tgqdc,ReelShort Drama Bombshell,393100,1007
2026-07-24,Dailymotion,x3tgqpa,Reel Short Flick Frenzy,125131,415
2026-07-24,Dailymotion,x3tgrdw,Reel Drama Dose,407691,1157
2026-07-24,Dailymotion,x45tgp8,ReelShort English Shorts,53081,1388
2026-07-24,Dailymotion,x45tkva,ReelShort Fantasy Shorts,929701,2329
2026-07-24,Dailymotion,x45tobw,ReelShort Sweet Shorts,12812,139
2026-07-24,Dailymotion,x4c7qxk,ReelShortDaily,103,17
2026-07-24,Dailymotion,x4c7saw,ReelShort_Drama_Hub,53,13
2026-07-24,Dailymotion,x4c7srk,ReelShort_Drama_Show,34,5
2026-07-24,Dailymotion,x4c7syo,ReelShort_Drama_Buzz,4,7
2026-07-24,Dailymotion,x4c7t3q,ReelShort_Drama_Clips,3,7
2026-07-24,Dailymotion,x3tgots,ReelShort Love Shorts,867006,1712
2026-07-24,Dailymotion,x3tgs5s,FilmBox Channel,1329991,1572
2026-07-24,Dailymotion,x3tgtae,Easy Shorts,563224,838
2026-07-24,Dailymotion,x3tgrnq,ReelShort Drama Shorts,1672160,4755
2026-07-24,Dailymotion,x4c7r9u,love-shortdrama,108,0
2026-07-24,Dailymotion,x4c7ro4,babygirllovesshortdrama,68,0
2026-07-24,Dailymotion,x4c7sre,dailyshortdrama,34,0
2026-07-24,Dailymotion,x4c7qhk,drama lover girl,0,0
2026-07-24,Dailymotion,x4g6uv8,ReelShort Story Shorts,4738,48
2026-07-24,Dailymotion,x4g735i,ReelShort Movie Shorts,331038,870
2026-07-24,Dailymotion,x4kmjg6,Daily Reelshort,1451,25
2026-07-24,Dailymotion,x4k7s0s,ReelShort_GlancePlay,71,8
2026-07-24,Dailymotion,x4j6cxg,Camara Romance Shorts,0,17
2026-07-24,Dailymotion,x4klm7q,ReelShort Romance Shows,40906,376
2026-07-24,Dailymotion,x4klqy0,ReelShort Hot Drama Hub,812928,2308
2026-07-24,Dailymotion,x4kpgc4,Reelshort First Love Shorts,0,19
2026-07-24,Dailymotion,x4jaytw,Reel Romance Swipe,81188,258
2026-07-24,Dailymotion,x4ks0k4,Reel Raw Vibe,131143,196
2026-07-24,Dailymotion,x4ks4yi,ReelShort Spicy Shorts,0,17
2026-07-24,Dailymotion,x4krkfk,ReelShort Intense Stories,5805,74
2026-07-24,Dailymotion,x4ko26y,ReelShort Drama Collection,217873,1245
2026-07-24,Dailymotion,x4oad9u,ReelShort Drama Spotlight,824977,1384
2026-07-24,Dailymotion,x4ksw2e,DramaMagic,92753,127
2026-07-24,Dailymotion,x4kt5f6,Drama Reels,173272,1581
2026-07-24,Dailymotion,x4ku6nw,ReelShort Drama Studio,536155,1377
2026-07-24,Dailymotion,x4kvw02,Ugoeze ReelShort Drama,98,12
2026-07-24,Dailymotion,x4kj6r0,ReelShort TV,550924,1805
2026-07-24,Dailymotion,x3xvhc6,ReelShort Romance Videos,434959,1512
2026-07-24,Dailymotion,x4kfmg6,ReelShort Drama Movies,9365,572
2026-07-25,YouTube,UCAkSxwl8Lbk2hBXAAfsEFTA,Victor Drama,1617593,5040
2026-07-25,YouTube,UCctSzoeee7KCnR84dZ6IO7w,Maple Playhouse,457065,2010
2026-07-25,YouTube,UC82nFsZOjs5Tr96upPPq9Ww,Spur Reels,1276727,4520
2026-07-25,YouTube,UCnwjt6PgkKuZC4S1A0yTOFQ,DramaWithBestie,4288168,14500
2026-07-25,YouTube,UCHONLLEtQ4f9yoqa1BWlhSg,QuickFixDrama,3164791,4480
2026-07-25,YouTube,UC8Fm-ogvMehvbgF0BJjKiuQ,DramaFeverTV,397806,1280
2026-07-25,YouTube,UCxfDVRNK6SoN59v_t3ZJ33A,dramabook,2439095,8410
2026-07-25,YouTube,UCdtOFTQ1GVPKzvOYsi1ApIw,Pocket Movie,2038927,6440
2026-07-25,YouTube,UCSlOhfr5f-RPRP50yRri1uA,Pocket Story,785031,2230
2026-07-25,YouTube,UC2IjY1Gm6b7pYp-vMJ2R9ig,SceneClip,6659991,21100
2026-07-25,YouTube,UC77WdDKy6cbCxZkC46eaudA,Drama addict,4273942,11300
2026-07-25,YouTube,UChhBhc7qJ42rgzAIPe9z6Cg,LittleDrama,1555105,4710
2026-07-25,YouTube,UC80LfoIH6FrzHTm6lXTWCKQ,DramaStory,2260414,7950
2026-07-25,YouTube,UC49-b-BhbYoG54YNkwmzg8w,HotReel,52447,374
2026-07-25,YouTube,UCIg97fCjw1HnS8vPqwiHLGA,Drama Nook,7750395,20100
2026-07-25,YouTube,UCm3RYOItKT_P0-oRCkkSMZw,The Drama Club,6044733,21000
2026-07-25,YouTube,UCL_RZ1IidYQkVQxfimfnPSQ,This Plot Got Me,4704112,10400
2026-07-25,YouTube,UCMGKZD9ggu_Pfo4dkL47cXQ,Dreamy Drama TV,2090656,6030
2026-07-25,YouTube,UCEFB0gMdnD1NyiZaedHg2hQ,HeyDramaTV,1509831,6250
2026-07-25,YouTube,UC0GVHmLgrxE2SS8F0C19JVg,Pocket Swoon,4068638,9880
2026-07-25,YouTube,UCZem4a64VnhfA4CBw9vM2bg,Swoon Bites,8042808,15300
2026-07-25,YouTube,UCxxl4xdZZqRSSz2VfnFBhwA,DramaBitesTV,3467870,30200
2026-07-25,YouTube,UCsbnInDepLdq6o781WVZ-5g,Dark Swoon,2388684,7410
2026-07-25,YouTube,UCf3lAEw_WPtcgHMUVAunzSw,Pocket Crush,4577759,13200
2026-07-25,YouTube,UCk2O5vfW3c_W5YWQ_BoD1Ug,Drama Found Me,38499243,85000
2026-07-25,YouTube,UCP4STX85lq_fpEtvQcq_5fw,I Found This Drama,11229955,34200
2026-07-25,YouTube,UCeVTtB1kN607CxFrFkiqjgQ,HeartSnap,596431,1910
2026-07-25,YouTube,UC3WZLJlwYaCEurdUywF8ibg,Drama In My Head,1259717,5530
2026-07-25,YouTube,UCbnCFV5_c-nGiEQN1anEO5A,HeartDrama Reels,215285,3260
2026-07-25,YouTube,UCxhHKduxLRNAOC_GUHPPf1Q,Drama Ray,681918,3110
2026-07-25,YouTube,UCT7ZxKrKqxBvAODr8h_ODkA,Lilith Drama,661367,3600
2026-07-25,YouTube,UCx08xHWVSQIiujaTJb8HWYg,Drama short,44,53
2026-07-25,YouTube,UC8gDq5ENmiVuJZIVsiZbQ8g,Heartloop,19052,54
2026-07-25,YouTube,UC01rTYtA_UsuZ5wzxnyHFcg,Triangle Theater,312304,1660
2026-07-25,YouTube,UCvfQU0Npb-ve-LxUlaAN1GA,Pocket Short,205292,687
2026-07-25,YouTube,UCc-V01UlW1n8eGLpATLA5gw,JayReels ,292678,886
2026-07-25,Dailymotion,x3tfxr4,ReelShort Romance Shorts,1348168,4042
2026-07-25,Dailymotion,x3tgq5g,The Rabbit Hole TV,597472,1382
2026-07-25,Dailymotion,x3tgqdc,ReelShort Drama Bombshell,397875,1016
2026-07-25,Dailymotion,x3tgqpa,Reel Short Flick Frenzy,125476,417
2026-07-25,Dailymotion,x3tgrdw,Reel Drama Dose,409125,1165
2026-07-25,Dailymotion,x45tgp8,ReelShort English Shorts,53647,1398
2026-07-25,Dailymotion,x45tkva,ReelShort Fantasy Shorts,931646,2335
2026-07-25,Dailymotion,x45tobw,ReelShort Sweet Shorts,13138,142
2026-07-25,Dailymotion,x4c7qxk,ReelShortDaily,103,17
2026-07-25,Dailymotion,x4c7saw,ReelShort_Drama_Hub,53,13
2026-07-25,Dailymotion,x4c7srk,ReelShort_Drama_Show,34,5
2026-07-25,Dailymotion,x4c7syo,ReelShort_Drama_Buzz,4,7
2026-07-25,Dailymotion,x4c7t3q,ReelShort_Drama_Clips,3,7
2026-07-25,Dailymotion,x3tgots,ReelShort Love Shorts,882867,1737
2026-07-25,Dailymotion,x3tgs5s,FilmBox Channel,1335768,1579
2026-07-25,Dailymotion,x3tgtae,Easy Shorts,568462,845
2026-07-25,Dailymotion,x3tgrnq,ReelShort Drama Shorts,1678375,4784
2026-07-25,Dailymotion,x4c7r9u,love-shortdrama,108,0
2026-07-25,Dailymotion,x4c7ro4,babygirllovesshortdrama,68,0
2026-07-25,Dailymotion,x4c7sre,dailyshortdrama,34,0
2026-07-25,Dailymotion,x4c7qhk,drama lover girl,0,0
2026-07-25,Dailymotion,x4g6uv8,ReelShort Story Shorts,4785,49
2026-07-25,Dailymotion,x4g735i,ReelShort Movie Shorts,333696,876
2026-07-25,Dailymotion,x4kmjg6,Daily Reelshort,1452,25
2026-07-25,Dailymotion,x4k7s0s,ReelShort_GlancePlay,71,7
2026-07-25,Dailymotion,x4j6cxg,Camara Romance Shorts,0,17
2026-07-25,Dailymotion,x4klm7q,ReelShort Romance Shows,42265,388
2026-07-25,Dailymotion,x4klqy0,ReelShort Hot Drama Hub,822396,2330
2026-07-25,Dailymotion,x4kpgc4,Reelshort First Love Shorts,0,19
2026-07-25,Dailymotion,x4jaytw,Reel Romance Swipe,82369,260
2026-07-25,Dailymotion,x4ks0k4,Reel Raw Vibe,132201,200
2026-07-25,Dailymotion,x4ks4yi,ReelShort Spicy Shorts,0,17
2026-07-25,Dailymotion,x4krkfk,ReelShort Intense Stories,5834,74
2026-07-25,Dailymotion,x4ko26y,ReelShort Drama Collection,223096,1274
2026-07-25,Dailymotion,x4oad9u,ReelShort Drama Spotlight,838232,1415
2026-07-25,Dailymotion,x4ksw2e,DramaMagic,96717,129
2026-07-25,Dailymotion,x4kt5f6,Drama Reels,176189,1605
2026-07-25,Dailymotion,x4ku6nw,ReelShort Drama Studio,539039,1393
2026-07-25,Dailymotion,x4kvw02,Ugoeze ReelShort Drama,98,12
2026-07-25,Dailymotion,x4kj6r0,ReelShort TV,553051,1821
2026-07-25,Dailymotion,x3xvhc6,ReelShort Romance Videos,435963,1516
2026-07-25,Dailymotion,x4kfmg6,ReelShort Drama Movies,9518,578
2026-07-26,YouTube,UCAkSxwl8Lbk2hBXAAfsEFTA,Victor Drama,1666293,5270
2026-07-26,YouTube,UCctSzoeee7KCnR84dZ6IO7w,Maple Playhouse,459619,2020
2026-07-26,YouTube,UC82nFsZOjs5Tr96upPPq9Ww,Spur Reels,1294115,4570
2026-07-26,YouTube,UCnwjt6PgkKuZC4S1A0yTOFQ,DramaWithBestie,4328754,14600
2026-07-26,YouTube,UCHONLLEtQ4f9yoqa1BWlhSg,QuickFixDrama,3180911,4490
2026-07-26,YouTube,UC8Fm-ogvMehvbgF0BJjKiuQ,DramaFeverTV,399407,1280
2026-07-26,YouTube,UCxfDVRNK6SoN59v_t3ZJ33A,dramabook,2460652,8460
2026-07-26,YouTube,UCdtOFTQ1GVPKzvOYsi1ApIw,Pocket Movie,2050693,6480
2026-07-26,YouTube,UCSlOhfr5f-RPRP50yRri1uA,Pocket Story,812729,2280
2026-07-26,YouTube,UC2IjY1Gm6b7pYp-vMJ2R9ig,SceneClip,6700715,21200
2026-07-26,YouTube,UC77WdDKy6cbCxZkC46eaudA,Drama addict,4313710,11400
2026-07-26,YouTube,UChhBhc7qJ42rgzAIPe9z6Cg,LittleDrama,1557480,4730
2026-07-26,YouTube,UC80LfoIH6FrzHTm6lXTWCKQ,DramaStory,2044208,8010
2026-07-26,YouTube,UC49-b-BhbYoG54YNkwmzg8w,HotReel,53223,382
2026-07-26,YouTube,UCIg97fCjw1HnS8vPqwiHLGA,Drama Nook,7759896,20200
2026-07-26,YouTube,UCm3RYOItKT_P0-oRCkkSMZw,The Drama Club,6097347,21200
2026-07-26,YouTube,UCL_RZ1IidYQkVQxfimfnPSQ,This Plot Got Me,4739610,10400
2026-07-26,YouTube,UCMGKZD9ggu_Pfo4dkL47cXQ,Dreamy Drama TV,2178158,6140
2026-07-26,YouTube,UCEFB0gMdnD1NyiZaedHg2hQ,HeyDramaTV,1547078,6430
2026-07-26,YouTube,UC0GVHmLgrxE2SS8F0C19JVg,Pocket Swoon,4095522,9950
2026-07-26,YouTube,UCZem4a64VnhfA4CBw9vM2bg,Swoon Bites,8210960,15400
2026-07-26,YouTube,UCxxl4xdZZqRSSz2VfnFBhwA,DramaBitesTV,3473967,30200
2026-07-26,YouTube,UCsbnInDepLdq6o781WVZ-5g,Dark Swoon,2406103,7470
2026-07-26,YouTube,UCf3lAEw_WPtcgHMUVAunzSw,Pocket Crush,4580755,13200
2026-07-26,YouTube,UCk2O5vfW3c_W5YWQ_BoD1Ug,Drama Found Me,39020389,85800
2026-07-26,YouTube,UCP4STX85lq_fpEtvQcq_5fw,I Found This Drama,11243791,34300
2026-07-26,YouTube,UCeVTtB1kN607CxFrFkiqjgQ,HeartSnap,611763,1940
2026-07-26,YouTube,UC3WZLJlwYaCEurdUywF8ibg,Drama In My Head,1269165,5570
2026-07-26,YouTube,UCbnCFV5_c-nGiEQN1anEO5A,HeartDrama Reels,215512,3270
2026-07-26,YouTube,UCxhHKduxLRNAOC_GUHPPf1Q,Drama Ray,725669,3250
2026-07-26,YouTube,UCT7ZxKrKqxBvAODr8h_ODkA,Lilith Drama,704356,3760
2026-07-26,YouTube,UCx08xHWVSQIiujaTJb8HWYg,Drama short,44,56
2026-07-26,YouTube,UC8gDq5ENmiVuJZIVsiZbQ8g,Heartloop,22463,70
2026-07-26,YouTube,UC01rTYtA_UsuZ5wzxnyHFcg,Triangle Theater,325765,1740
2026-07-26,YouTube,UCvfQU0Npb-ve-LxUlaAN1GA,Pocket Short,210973,714
2026-07-26,YouTube,UCc-V01UlW1n8eGLpATLA5gw,JayReels ,305946,963
2026-07-26,Dailymotion,x3tfxr4,ReelShort Romance Shorts,1349157,4065
2026-07-26,Dailymotion,x3tgq5g,The Rabbit Hole TV,600017,1384
2026-07-26,Dailymotion,x3tgqdc,ReelShort Drama Bombshell,402077,1023
2026-07-26,Dailymotion,x3tgqpa,Reel Short Flick Frenzy,125786,419
2026-07-26,Dailymotion,x3tgrdw,Reel Drama Dose,410589,1166
2026-07-26,Dailymotion,x45tgp8,ReelShort English Shorts,54231,1402
2026-07-26,Dailymotion,x45tkva,ReelShort Fantasy Shorts,933072,2340
2026-07-26,Dailymotion,x45tobw,ReelShort Sweet Shorts,13370,143
2026-07-26,Dailymotion,x4c7qxk,ReelShortDaily,103,17
2026-07-26,Dailymotion,x4c7saw,ReelShort_Drama_Hub,53,13
2026-07-26,Dailymotion,x4c7srk,ReelShort_Drama_Show,35,5
2026-07-26,Dailymotion,x4c7syo,ReelShort_Drama_Buzz,4,7
2026-07-26,Dailymotion,x4c7t3q,ReelShort_Drama_Clips,3,7
2026-07-26,Dailymotion,x3tgots,ReelShort Love Shorts,892253,1753
2026-07-26,Dailymotion,x3tgs5s,FilmBox Channel,1340993,1589
2026-07-26,Dailymotion,x3tgtae,Easy Shorts,573537,852
2026-07-26,Dailymotion,x3tgrnq,ReelShort Drama Shorts,1683579,4813
2026-07-26,Dailymotion,x4c7r9u,love-shortdrama,108,0
2026-07-26,Dailymotion,x4c7ro4,babygirllovesshortdrama,68,0
2026-07-26,Dailymotion,x4c7sre,dailyshortdrama,34,0
2026-07-26,Dailymotion,x4c7qhk,drama lover girl,0,0
2026-07-26,Dailymotion,x4g6uv8,ReelShort Story Shorts,4811,49
2026-07-26,Dailymotion,x4g735i,ReelShort Movie Shorts,335261,881
2026-07-26,Dailymotion,x4kmjg6,Daily Reelshort,1458,25
2026-07-26,Dailymotion,x4k7s0s,ReelShort_GlancePlay,71,7
2026-07-26,Dailymotion,x4j6cxg,Camara Romance Shorts,0,17
2026-07-26,Dailymotion,x4klm7q,ReelShort Romance Shows,43230,391
2026-07-26,Dailymotion,x4klqy0,ReelShort Hot Drama Hub,829464,2357
2026-07-26,Dailymotion,x4kpgc4,Reelshort First Love Shorts,0,19
2026-07-26,Dailymotion,x4jaytw,Reel Romance Swipe,83300,264
2026-07-26,Dailymotion,x4ks0k4,Reel Raw Vibe,132760,200
2026-07-26,Dailymotion,x4ks4yi,ReelShort Spicy Shorts,0,18
2026-07-26,Dailymotion,x4krkfk,ReelShort Intense Stories,5865,74
2026-07-26,Dailymotion,x4ko26y,ReelShort Drama Collection,226389,1305
2026-07-26,Dailymotion,x4oad9u,ReelShort Drama Spotlight,846530,1428
2026-07-26,Dailymotion,x4ksw2e,DramaMagic,98798,131
2026-07-26,Dailymotion,x4kt5f6,Drama Reels,176542,1624
2026-07-26,Dailymotion,x4ku6nw,ReelShort Drama Studio,541253,1406
2026-07-26,Dailymotion,x4kvw02,Ugoeze ReelShort Drama,98,12
2026-07-26,Dailymotion,x4kj6r0,ReelShort TV,554818,1833
2026-07-26,Dailymotion,x3xvhc6,ReelShort Romance Videos,436871,1518
2026-07-26,Dailymotion,x4kfmg6,ReelShort Drama Movies,9665,585
2026-07-27,YouTube,UCAkSxwl8Lbk2hBXAAfsEFTA,Victor Drama,1712233,5450
2026-07-27,YouTube,UCctSzoeee7KCnR84dZ6IO7w,Maple Playhouse,461723,2030
2026-07-27,YouTube,UC82nFsZOjs5Tr96upPPq9Ww,Spur Reels,1308287,4610
2026-07-27,YouTube,UCnwjt6PgkKuZC4S1A0yTOFQ,DramaWithBestie,4365347,14700
2026-07-27,YouTube,UCHONLLEtQ4f9yoqa1BWlhSg,QuickFixDrama,3203961,4500
2026-07-27,YouTube,UC8Fm-ogvMehvbgF0BJjKiuQ,DramaFeverTV,399855,1280
2026-07-27,YouTube,UCxfDVRNK6SoN59v_t3ZJ33A,dramabook,2482158,8530
2026-07-27,YouTube,UCdtOFTQ1GVPKzvOYsi1ApIw,Pocket Movie,2061236,6520
2026-07-27,YouTube,UCSlOhfr5f-RPRP50yRri1uA,Pocket Story,827083,2310
2026-07-27,YouTube,UC2IjY1Gm6b7pYp-vMJ2R9ig,SceneClip,6738758,21300
2026-07-27,YouTube,UC77WdDKy6cbCxZkC46eaudA,Drama addict,4358878,11600
2026-07-27,YouTube,UChhBhc7qJ42rgzAIPe9z6Cg,LittleDrama,1560179,4730
2026-07-27,YouTube,UC80LfoIH6FrzHTm6lXTWCKQ,DramaStory,2064620,8080
2026-07-27,YouTube,UC49-b-BhbYoG54YNkwmzg8w,HotReel,54962,388
2026-07-27,YouTube,UCIg97fCjw1HnS8vPqwiHLGA,Drama Nook,7768217,20200
2026-07-27,YouTube,UCm3RYOItKT_P0-oRCkkSMZw,The Drama Club,6147083,21400
2026-07-27,YouTube,UCL_RZ1IidYQkVQxfimfnPSQ,This Plot Got Me,4790215,10500
2026-07-27,YouTube,UCMGKZD9ggu_Pfo4dkL47cXQ,Dreamy Drama TV,2236789,6260
2026-07-27,YouTube,UCEFB0gMdnD1NyiZaedHg2hQ,HeyDramaTV,1619132,6600
2026-07-27,YouTube,UC0GVHmLgrxE2SS8F0C19JVg,Pocket Swoon,4124827,10000
2026-07-27,YouTube,UCZem4a64VnhfA4CBw9vM2bg,Swoon Bites,8310175,15400
2026-07-27,YouTube,UCxxl4xdZZqRSSz2VfnFBhwA,DramaBitesTV,3479315,30300
2026-07-27,YouTube,UCsbnInDepLdq6o781WVZ-5g,Dark Swoon,2425021,7510
2026-07-27,YouTube,UCf3lAEw_WPtcgHMUVAunzSw,Pocket Crush,4583566,13200
2026-07-27,YouTube,UCk2O5vfW3c_W5YWQ_BoD1Ug,Drama Found Me,39460068,86700
2026-07-27,YouTube,UCP4STX85lq_fpEtvQcq_5fw,I Found This Drama,11258729,34300
2026-07-27,YouTube,UCeVTtB1kN607CxFrFkiqjgQ,HeartSnap,622601,1970
2026-07-27,YouTube,UC3WZLJlwYaCEurdUywF8ibg,Drama In My Head,1277942,5600
2026-07-27,YouTube,UCbnCFV5_c-nGiEQN1anEO5A,HeartDrama Reels,215723,3290
2026-07-27,YouTube,UCxhHKduxLRNAOC_GUHPPf1Q,Drama Ray,755695,3340
2026-07-27,YouTube,UCT7ZxKrKqxBvAODr8h_ODkA,Lilith Drama,745996,3890
2026-07-27,YouTube,UCx08xHWVSQIiujaTJb8HWYg,Drama short,44,57
2026-07-27,YouTube,UC8gDq5ENmiVuJZIVsiZbQ8g,Heartloop,28381,86
2026-07-27,YouTube,UC01rTYtA_UsuZ5wzxnyHFcg,Triangle Theater,339503,1790
2026-07-27,YouTube,UCvfQU0Npb-ve-LxUlaAN1GA,Pocket Short,218066,745
2026-07-27,YouTube,UCc-V01UlW1n8eGLpATLA5gw,JayReels ,322188,1030
2026-07-27,Dailymotion,x3tfxr4,ReelShort Romance Shorts,1350337,4077
2026-07-27,Dailymotion,x3tgq5g,The Rabbit Hole TV,603424,1389
2026-07-27,Dailymotion,x3tgqdc,ReelShort Drama Bombshell,407750,1026
2026-07-27,Dailymotion,x3tgqpa,Reel Short Flick Frenzy,126182,421
2026-07-27,Dailymotion,x3tgrdw,Reel Drama Dose,412215,1173
2026-07-27,Dailymotion,x45tgp8,ReelShort English Shorts,54676,1406
2026-07-27,Dailymotion,x45tkva,ReelShort Fantasy Shorts,934865,2345
2026-07-27,Dailymotion,x45tobw,ReelShort Sweet Shorts,13623,147
2026-07-27,Dailymotion,x4c7qxk,ReelShortDaily,103,17
2026-07-27,Dailymotion,x4c7saw,ReelShort_Drama_Hub,53,13
2026-07-27,Dailymotion,x4c7srk,ReelShort_Drama_Show,35,5
2026-07-27,Dailymotion,x4c7syo,ReelShort_Drama_Buzz,4,7
2026-07-27,Dailymotion,x4c7t3q,ReelShort_Drama_Clips,3,7
2026-07-27,Dailymotion,x3tgots,ReelShort Love Shorts,903843,1775
2026-07-27,Dailymotion,x3tgs5s,FilmBox Channel,1343045,1594
2026-07-27,Dailymotion,x3tgtae,Easy Shorts,580522,862
2026-07-27,Dailymotion,x3tgrnq,ReelShort Drama Shorts,1689862,4835
2026-07-27,Dailymotion,x4c7r9u,love-shortdrama,108,0
2026-07-27,Dailymotion,x4c7ro4,babygirllovesshortdrama,68,0
2026-07-27,Dailymotion,x4c7sre,dailyshortdrama,34,0
2026-07-27,Dailymotion,x4c7qhk,drama lover girl,0,0
2026-07-27,Dailymotion,x4g6uv8,ReelShort Story Shorts,4848,49
2026-07-27,Dailymotion,x4g735i,ReelShort Movie Shorts,337400,886
2026-07-27,Dailymotion,x4kmjg6,Daily Reelshort,1467,25
2026-07-27,Dailymotion,x4k7s0s,ReelShort_GlancePlay,71,7
2026-07-27,Dailymotion,x4j6cxg,Camara Romance Shorts,0,17
2026-07-27,Dailymotion,x4klm7q,ReelShort Romance Shows,44551,396
2026-07-27,Dailymotion,x4klqy0,ReelShort Hot Drama Hub,836689,2378
2026-07-27,Dailymotion,x4kpgc4,Reelshort First Love Shorts,0,19
2026-07-27,Dailymotion,x4jaytw,Reel Romance Swipe,84152,266
2026-07-27,Dailymotion,x4ks0k4,Reel Raw Vibe,133542,205
2026-07-27,Dailymotion,x4ks4yi,ReelShort Spicy Shorts,0,18
2026-07-27,Dailymotion,x4krkfk,ReelShort Intense Stories,5891,74
2026-07-27,Dailymotion,x4ko26y,ReelShort Drama Collection,231247,1332
2026-07-27,Dailymotion,x4oad9u,ReelShort Drama Spotlight,856947,1455
2026-07-27,Dailymotion,x4ksw2e,DramaMagic,101874,137
2026-07-27,Dailymotion,x4kt5f6,Drama Reels,177096,1638
2026-07-27,Dailymotion,x4ku6nw,ReelShort Drama Studio,544696,1423
2026-07-27,Dailymotion,x4kvw02,Ugoeze ReelShort Drama,98,12
2026-07-27,Dailymotion,x4kj6r0,ReelShort TV,557622,1844
2026-07-27,Dailymotion,x3xvhc6,ReelShort Romance Videos,438188,1521
2026-07-27,Dailymotion,x4kfmg6,ReelShort Drama Movies,9809,596
2026-07-28,YouTube,UCAkSxwl8Lbk2hBXAAfsEFTA,Victor Drama,1734715,5580
2026-07-28,YouTube,UCctSzoeee7KCnR84dZ6IO7w,Maple Playhouse,462700,2030
2026-07-28,YouTube,UC82nFsZOjs5Tr96upPPq9Ww,Spur Reels,1315666,4650
2026-07-28,YouTube,UCnwjt6PgkKuZC4S1A0yTOFQ,DramaWithBestie,4384266,14800
2026-07-28,YouTube,UCHONLLEtQ4f9yoqa1BWlhSg,QuickFixDrama,3219618,4520
2026-07-28,YouTube,UC8Fm-ogvMehvbgF0BJjKiuQ,DramaFeverTV,400030,1280
2026-07-28,YouTube,UCxfDVRNK6SoN59v_t3ZJ33A,dramabook,2493648,8590
2026-07-28,YouTube,UCdtOFTQ1GVPKzvOYsi1ApIw,Pocket Movie,2068174,6560
2026-07-28,YouTube,UCSlOhfr5f-RPRP50yRri1uA,Pocket Story,834413,2350
2026-07-28,YouTube,UC2IjY1Gm6b7pYp-vMJ2R9ig,SceneClip,6757530,21400
2026-07-28,YouTube,UC77WdDKy6cbCxZkC46eaudA,Drama addict,4384792,11700
2026-07-28,YouTube,UChhBhc7qJ42rgzAIPe9z6Cg,LittleDrama,1561558,4750
2026-07-28,YouTube,UC80LfoIH6FrzHTm6lXTWCKQ,DramaStory,2086726,8120
2026-07-28,YouTube,UC49-b-BhbYoG54YNkwmzg8w,HotReel,55916,401
2026-07-28,YouTube,UCIg97fCjw1HnS8vPqwiHLGA,Drama Nook,7772711,20200
2026-07-28,YouTube,UCm3RYOItKT_P0-oRCkkSMZw,The Drama Club,6171397,21500
2026-07-28,YouTube,UCL_RZ1IidYQkVQxfimfnPSQ,This Plot Got Me,4829052,10500
2026-07-28,YouTube,UCMGKZD9ggu_Pfo4dkL47cXQ,Dreamy Drama TV,2263272,6360
2026-07-28,YouTube,UCEFB0gMdnD1NyiZaedHg2hQ,HeyDramaTV,1658374,6770
2026-07-28,YouTube,UC0GVHmLgrxE2SS8F0C19JVg,Pocket Swoon,4139008,10000
2026-07-28,YouTube,UCZem4a64VnhfA4CBw9vM2bg,Swoon Bites,8353762,15600
2026-07-28,YouTube,UCxxl4xdZZqRSSz2VfnFBhwA,DramaBitesTV,3482399,30300
2026-07-28,YouTube,UCsbnInDepLdq6o781WVZ-5g,Dark Swoon,2436187,7550
2026-07-28,YouTube,UCf3lAEw_WPtcgHMUVAunzSw,Pocket Crush,4586884,13200
2026-07-28,YouTube,UCk2O5vfW3c_W5YWQ_BoD1Ug,Drama Found Me,39792447,87700
2026-07-28,YouTube,UCP4STX85lq_fpEtvQcq_5fw,I Found This Drama,11266836,34300
2026-07-28,YouTube,UCeVTtB1kN607CxFrFkiqjgQ,HeartSnap,627571,2000
2026-07-28,YouTube,UC3WZLJlwYaCEurdUywF8ibg,Drama In My Head,1282410,5640
2026-07-28,YouTube,UCbnCFV5_c-nGiEQN1anEO5A,HeartDrama Reels,215853,3310
2026-07-28,YouTube,UCxhHKduxLRNAOC_GUHPPf1Q,Drama Ray,770252,3500
2026-07-28,YouTube,UCT7ZxKrKqxBvAODr8h_ODkA,Lilith Drama,765643,4050
2026-07-28,YouTube,UCx08xHWVSQIiujaTJb8HWYg,Drama short,45,59
2026-07-28,YouTube,UC8gDq5ENmiVuJZIVsiZbQ8g,Heartloop,32849,102
2026-07-28,YouTube,UC01rTYtA_UsuZ5wzxnyHFcg,Triangle Theater,346863,1830
2026-07-28,YouTube,UCvfQU0Npb-ve-LxUlaAN1GA,Pocket Short,225183,768
2026-07-28,YouTube,UCc-V01UlW1n8eGLpATLA5gw,JayReels ,331092,1080
2026-07-28,Dailymotion,x3tfxr4,ReelShort Romance Shorts,1353644,4119
2026-07-28,Dailymotion,x3tgq5g,The Rabbit Hole TV,606676,1394
2026-07-28,Dailymotion,x3tgqdc,ReelShort Drama Bombshell,413886,1042
2026-07-28,Dailymotion,x3tgqpa,Reel Short Flick Frenzy,126756,424
2026-07-28,Dailymotion,x3tgrdw,Reel Drama Dose,413988,1180
2026-07-28,Dailymotion,x45tgp8,ReelShort English Shorts,55025,1417
2026-07-28,Dailymotion,x45tkva,ReelShort Fantasy Shorts,937852,2354
2026-07-28,Dailymotion,x45tobw,ReelShort Sweet Shorts,13963,158
2026-07-28,Dailymotion,x4c7qxk,ReelShortDaily,103,17
2026-07-28,Dailymotion,x4c7saw,ReelShort_Drama_Hub,53,13
2026-07-28,Dailymotion,x4c7srk,ReelShort_Drama_Show,35,5
2026-07-28,Dailymotion,x4c7syo,ReelShort_Drama_Buzz,4,7
2026-07-28,Dailymotion,x4c7t3q,ReelShort_Drama_Clips,3,7
2026-07-28,Dailymotion,x3tgots,ReelShort Love Shorts,918612,1799
2026-07-28,Dailymotion,x3tgs5s,FilmBox Channel,1348009,1614
2026-07-28,Dailymotion,x3tgtae,Easy Shorts,590795,868
2026-07-28,Dailymotion,x3tgrnq,ReelShort Drama Shorts,1696813,4882
2026-07-28,Dailymotion,x4c7r9u,love-shortdrama,108,0
2026-07-28,Dailymotion,x4c7ro4,babygirllovesshortdrama,68,0
2026-07-28,Dailymotion,x4c7sre,dailyshortdrama,34,0
2026-07-28,Dailymotion,x4c7qhk,drama lover girl,0,0
2026-07-28,Dailymotion,x4g6uv8,ReelShort Story Shorts,4952,53
2026-07-28,Dailymotion,x4g735i,ReelShort Movie Shorts,340059,893
2026-07-28,Dailymotion,x4kmjg6,Daily Reelshort,1472,27
2026-07-28,Dailymotion,x4k7s0s,ReelShort_GlancePlay,71,8
2026-07-28,Dailymotion,x4j6cxg,Camara Romance Shorts,0,18
2026-07-28,Dailymotion,x4klm7q,ReelShort Romance Shows,46518,408
2026-07-28,Dailymotion,x4klqy0,ReelShort Hot Drama Hub,847332,2415
2026-07-28,Dailymotion,x4kpgc4,Reelshort First Love Shorts,0,21
2026-07-28,Dailymotion,x4jaytw,Reel Romance Swipe,85208,271
2026-07-28,Dailymotion,x4ks0k4,Reel Raw Vibe,134230,206
2026-07-28,Dailymotion,x4ks4yi,ReelShort Spicy Shorts,0,18
2026-07-28,Dailymotion,x4krkfk,ReelShort Intense Stories,5917,77
2026-07-28,Dailymotion,x4ko26y,ReelShort Drama Collection,235425,1359
2026-07-28,Dailymotion,x4oad9u,ReelShort Drama Spotlight,868438,1496
2026-07-28,Dailymotion,x4ksw2e,DramaMagic,105412,149
2026-07-28,Dailymotion,x4kt5f6,Drama Reels,177668,1659
2026-07-28,Dailymotion,x4ku6nw,ReelShort Drama Studio,549103,1454
2026-07-28,Dailymotion,x4kvw02,Ugoeze ReelShort Drama,98,13
2026-07-28,Dailymotion,x4kj6r0,ReelShort TV,561378,1866
2026-07-28,Dailymotion,x3xvhc6,ReelShort Romance Videos,439577,1530
2026-07-28,Dailymotion,x4kfmg6,ReelShort Drama Movies,10022,601
2026-07-29,YouTube,UCAkSxwl8Lbk2hBXAAfsEFTA,Victor Drama,1777742,5670
2026-07-29,YouTube,UCctSzoeee7KCnR84dZ6IO7w,Maple Playhouse,465176,2040
2026-07-29,YouTube,UC82nFsZOjs5Tr96upPPq9Ww,Spur Reels,1330230,4680
2026-07-29,YouTube,UCnwjt6PgkKuZC4S1A0yTOFQ,DramaWithBestie,4432227,14900
2026-07-29,YouTube,UCHONLLEtQ4f9yoqa1BWlhSg,QuickFixDrama,3256810,4530
2026-07-29,YouTube,UC8Fm-ogvMehvbgF0BJjKiuQ,DramaFeverTV,400564,1280
2026-07-29,YouTube,UCxfDVRNK6SoN59v_t3ZJ33A,dramabook,2523595,8670
2026-07-29,YouTube,UCdtOFTQ1GVPKzvOYsi1ApIw,Pocket Movie,2082083,6600
2026-07-29,YouTube,UCSlOhfr5f-RPRP50yRri1uA,Pocket Story,847240,2410
2026-07-29,YouTube,UC2IjY1Gm6b7pYp-vMJ2R9ig,SceneClip,6806169,21500
2026-07-29,YouTube,UC77WdDKy6cbCxZkC46eaudA,Drama addict,4438195,11800
2026-07-29,YouTube,UChhBhc7qJ42rgzAIPe9z6Cg,LittleDrama,1564666,4760
2026-07-29,YouTube,UC80LfoIH6FrzHTm6lXTWCKQ,DramaStory,2113582,8160
2026-07-29,YouTube,UC49-b-BhbYoG54YNkwmzg8w,HotReel,58010,414
2026-07-29,YouTube,UCIg97fCjw1HnS8vPqwiHLGA,Drama Nook,7783653,20300
2026-07-29,YouTube,UCm3RYOItKT_P0-oRCkkSMZw,The Drama Club,6230572,21700
2026-07-29,YouTube,UCL_RZ1IidYQkVQxfimfnPSQ,This Plot Got Me,4921219,10600
2026-07-29,YouTube,UCMGKZD9ggu_Pfo4dkL47cXQ,Dreamy Drama TV,2313485,6470
2026-07-29,YouTube,UCEFB0gMdnD1NyiZaedHg2hQ,HeyDramaTV,1739981,6890
2026-07-29,YouTube,UC0GVHmLgrxE2SS8F0C19JVg,Pocket Swoon,4173656,10000
2026-07-29,YouTube,UCZem4a64VnhfA4CBw9vM2bg,Swoon Bites,8476473,15800
2026-07-29,YouTube,UCxxl4xdZZqRSSz2VfnFBhwA,DramaBitesTV,3490432,30300
2026-07-29,YouTube,UCsbnInDepLdq6o781WVZ-5g,Dark Swoon,2455226,7580
2026-07-29,YouTube,UCf3lAEw_WPtcgHMUVAunzSw,Pocket Crush,4592114,13200
2026-07-29,YouTube,UCk2O5vfW3c_W5YWQ_BoD1Ug,Drama Found Me,40656602,88700
2026-07-29,YouTube,UCP4STX85lq_fpEtvQcq_5fw,I Found This Drama,11287894,34400
2026-07-29,YouTube,UCeVTtB1kN607CxFrFkiqjgQ,HeartSnap,638122,2010
2026-07-29,YouTube,UC3WZLJlwYaCEurdUywF8ibg,Drama In My Head,1293841,5660
2026-07-29,YouTube,UCbnCFV5_c-nGiEQN1anEO5A,HeartDrama Reels,216127,3310
2026-07-29,YouTube,UCxhHKduxLRNAOC_GUHPPf1Q,Drama Ray,808330,3640
2026-07-29,YouTube,UCT7ZxKrKqxBvAODr8h_ODkA,Lilith Drama,817943,4180
2026-07-29,YouTube,UCx08xHWVSQIiujaTJb8HWYg,Drama short,51,60
2026-07-29,YouTube,UC8gDq5ENmiVuJZIVsiZbQ8g,Heartloop,40115,107
2026-07-29,YouTube,UC01rTYtA_UsuZ5wzxnyHFcg,Triangle Theater,359341,1870
2026-07-29,YouTube,UCvfQU0Npb-ve-LxUlaAN1GA,Pocket Short,237592,786
2026-07-29,YouTube,UCc-V01UlW1n8eGLpATLA5gw,JayReels ,345982,1140
2026-07-29,Dailymotion,x3tfxr4,ReelShort Romance Shorts,1358620,4168
2026-07-29,Dailymotion,x3tgq5g,The Rabbit Hole TV,609187,1404
2026-07-29,Dailymotion,x3tgqdc,ReelShort Drama Bombshell,418204,1061
2026-07-29,Dailymotion,x3tgqpa,Reel Short Flick Frenzy,127159,428
2026-07-29,Dailymotion,x3tgrdw,Reel Drama Dose,418650,1204
2026-07-29,Dailymotion,x45tgp8,ReelShort English Shorts,55386,1426
2026-07-29,Dailymotion,x45tkva,ReelShort Fantasy Shorts,939878,2372
2026-07-29,Dailymotion,x45tobw,ReelShort Sweet Shorts,14379,163
2026-07-29,Dailymotion,x4c7qxk,ReelShortDaily,103,17
2026-07-29,Dailymotion,x4c7saw,ReelShort_Drama_Hub,53,13
2026-07-29,Dailymotion,x4c7srk,ReelShort_Drama_Show,35,5
2026-07-29,Dailymotion,x4c7syo,ReelShort_Drama_Buzz,4,7
2026-07-29,Dailymotion,x4c7t3q,ReelShort_Drama_Clips,3,7
2026-07-29,Dailymotion,x3tgots,ReelShort Love Shorts,930476,1829
2026-07-29,Dailymotion,x3tgs5s,FilmBox Channel,1352754,1627
2026-07-29,Dailymotion,x3tgtae,Easy Shorts,598649,876
2026-07-29,Dailymotion,x3tgrnq,ReelShort Drama Shorts,1702737,4914
2026-07-29,Dailymotion,x4c7r9u,love-shortdrama,108,0
2026-07-29,Dailymotion,x4c7ro4,babygirllovesshortdrama,68,0
2026-07-29,Dailymotion,x4c7sre,dailyshortdrama,34,0
2026-07-29,Dailymotion,x4c7qhk,drama lover girl,0,0
2026-07-29,Dailymotion,x4g6uv8,ReelShort Story Shorts,5025,54
2026-07-29,Dailymotion,x4g735i,ReelShort Movie Shorts,342859,901
2026-07-29,Dailymotion,x4kmjg6,Daily Reelshort,1473,27
2026-07-29,Dailymotion,x4k7s0s,ReelShort_GlancePlay,71,9
2026-07-29,Dailymotion,x4j6cxg,Camara Romance Shorts,0,19
2026-07-29,Dailymotion,x4klm7q,ReelShort Romance Shows,49227,419
2026-07-29,Dailymotion,x4klqy0,ReelShort Hot Drama Hub,860197,2464
2026-07-29,Dailymotion,x4kpgc4,Reelshort First Love Shorts,0,20
2026-07-29,Dailymotion,x4jaytw,Reel Romance Swipe,86077,276
2026-07-29,Dailymotion,x4ks0k4,Reel Raw Vibe,135127,207
2026-07-29,Dailymotion,x4ks4yi,ReelShort Spicy Shorts,0,19
2026-07-29,Dailymotion,x4krkfk,ReelShort Intense Stories,5949,77
2026-07-29,Dailymotion,x4ko26y,ReelShort Drama Collection,239843,1404
2026-07-29,Dailymotion,x4oad9u,ReelShort Drama Spotlight,879144,1520
2026-07-29,Dailymotion,x4ksw2e,DramaMagic,111483,166
2026-07-29,Dailymotion,x4kt5f6,Drama Reels,178250,1687
2026-07-29,Dailymotion,x4ku6nw,ReelShort Drama Studio,554225,1480
2026-07-29,Dailymotion,x4kvw02,Ugoeze ReelShort Drama,98,13
2026-07-29,Dailymotion,x4kj6r0,ReelShort TV,564801,1895
2026-07-29,Dailymotion,x3xvhc6,ReelShort Romance Videos,441703,1543
2026-07-29,Dailymotion,x4kfmg6,ReelShort Drama Movies,10243,605
2026-07-30,YouTube,UCAkSxwl8Lbk2hBXAAfsEFTA,Victor Drama,1802224,5730
2026-07-30,YouTube,UCctSzoeee7KCnR84dZ6IO7w,Maple Playhouse,467124,2050
2026-07-30,YouTube,UC82nFsZOjs5Tr96upPPq9Ww,Spur Reels,1348577,4720
2026-07-30,YouTube,UCnwjt6PgkKuZC4S1A0yTOFQ,DramaWithBestie,4473754,15100
2026-07-30,YouTube,UCHONLLEtQ4f9yoqa1BWlhSg,QuickFixDrama,3287888,4540
2026-07-30,YouTube,UC8Fm-ogvMehvbgF0BJjKiuQ,DramaFeverTV,401029,1280
2026-07-30,YouTube,UCxfDVRNK6SoN59v_t3ZJ33A,dramabook,2557024,8740
2026-07-30,YouTube,UCdtOFTQ1GVPKzvOYsi1ApIw,Pocket Movie,2098666,6640
2026-07-30,YouTube,UCSlOhfr5f-RPRP50yRri1uA,Pocket Story,864022,2450
2026-07-30,YouTube,UC2IjY1Gm6b7pYp-vMJ2R9ig,SceneClip,6848237,21600
2026-07-30,YouTube,UC77WdDKy6cbCxZkC46eaudA,Drama addict,4483340,11900
2026-07-30,YouTube,UChhBhc7qJ42rgzAIPe9z6Cg,LittleDrama,1566913,4770
2026-07-30,YouTube,UC80LfoIH6FrzHTm6lXTWCKQ,DramaStory,2138915,8220
2026-07-30,YouTube,UC49-b-BhbYoG54YNkwmzg8w,HotReel,60116,440
2026-07-30,YouTube,UCIg97fCjw1HnS8vPqwiHLGA,Drama Nook,7790877,20300
2026-07-30,YouTube,UCm3RYOItKT_P0-oRCkkSMZw,The Drama Club,6281514,21800
2026-07-30,YouTube,UCL_RZ1IidYQkVQxfimfnPSQ,This Plot Got Me,5018573,10600
2026-07-30,YouTube,UCMGKZD9ggu_Pfo4dkL47cXQ,Dreamy Drama TV,2363160,6590
2026-07-30,YouTube,UCEFB0gMdnD1NyiZaedHg2hQ,HeyDramaTV,1798671,6980
2026-07-30,YouTube,UC0GVHmLgrxE2SS8F0C19JVg,Pocket Swoon,4198829,10100
2026-07-30,YouTube,UCZem4a64VnhfA4CBw9vM2bg,Swoon Bites,8713849,16100
2026-07-30,YouTube,UCxxl4xdZZqRSSz2VfnFBhwA,DramaBitesTV,3502312,30300
2026-07-30,YouTube,UCsbnInDepLdq6o781WVZ-5g,Dark Swoon,2469225,7610
2026-07-30,YouTube,UCf3lAEw_WPtcgHMUVAunzSw,Pocket Crush,4598687,13200
2026-07-30,YouTube,UCk2O5vfW3c_W5YWQ_BoD1Ug,Drama Found Me,41353493,89500
2026-07-30,YouTube,UCP4STX85lq_fpEtvQcq_5fw,I Found This Drama,11302194,34400
2026-07-30,YouTube,UCeVTtB1kN607CxFrFkiqjgQ,HeartSnap,647025,2040
2026-07-30,YouTube,UC3WZLJlwYaCEurdUywF8ibg,Drama In My Head,1301843,5690
2026-07-30,YouTube,UCbnCFV5_c-nGiEQN1anEO5A,HeartDrama Reels,216322,3320
2026-07-30,YouTube,UCxhHKduxLRNAOC_GUHPPf1Q,Drama Ray,859980,3780
2026-07-30,YouTube,UCT7ZxKrKqxBvAODr8h_ODkA,Lilith Drama,858688,4280
2026-07-30,YouTube,UCx08xHWVSQIiujaTJb8HWYg,Drama short,7,60
2026-07-30,YouTube,UC8gDq5ENmiVuJZIVsiZbQ8g,Heartloop,45182,108
2026-07-30,YouTube,UC01rTYtA_UsuZ5wzxnyHFcg,Triangle Theater,367338,1900
2026-07-30,YouTube,UCvfQU0Npb-ve-LxUlaAN1GA,Pocket Short,255422,802
2026-07-30,YouTube,UCc-V01UlW1n8eGLpATLA5gw,JayReels ,356639,1210
2026-07-30,Dailymotion,x3tfxr4,ReelShort Romance Shorts,1366002,4221
2026-07-30,Dailymotion,x3tgq5g,The Rabbit Hole TV,611282,1410
2026-07-30,Dailymotion,x3tgqdc,ReelShort Drama Bombshell,423583,1073
2026-07-30,Dailymotion,x3tgqpa,Reel Short Flick Frenzy,127763,435
2026-07-30,Dailymotion,x3tgrdw,Reel Drama Dose,436155,1288
2026-07-30,Dailymotion,x45tgp8,ReelShort English Shorts,55742,1433
2026-07-30,Dailymotion,x45tkva,ReelShort Fantasy Shorts,942274,2380
2026-07-30,Dailymotion,x45tobw,ReelShort Sweet Shorts,14691,170
2026-07-30,Dailymotion,x4c7qxk,ReelShortDaily,103,17
2026-07-30,Dailymotion,x4c7saw,ReelShort_Drama_Hub,53,13
2026-07-30,Dailymotion,x4c7srk,ReelShort_Drama_Show,35,5
2026-07-30,Dailymotion,x4c7syo,ReelShort_Drama_Buzz,4,7
2026-07-30,Dailymotion,x4c7t3q,ReelShort_Drama_Clips,3,7
2026-07-30,Dailymotion,x3tgots,ReelShort Love Shorts,940511,1850
2026-07-30,Dailymotion,x3tgs5s,FilmBox Channel,1357573,1641
2026-07-30,Dailymotion,x3tgtae,Easy Shorts,606197,882
2026-07-30,Dailymotion,x3tgrnq,ReelShort Drama Shorts,1709666,4975
2026-07-30,Dailymotion,x4c7r9u,love-shortdrama,108,0
2026-07-30,Dailymotion,x4c7ro4,babygirllovesshortdrama,68,0
2026-07-30,Dailymotion,x4c7sre,dailyshortdrama,35,0
2026-07-30,Dailymotion,x4c7qhk,drama lover girl,0,0
2026-07-30,Dailymotion,x4g6uv8,ReelShort Story Shorts,5116,55
2026-07-30,Dailymotion,x4g735i,ReelShort Movie Shorts,345454,912
2026-07-30,Dailymotion,x4kmjg6,Daily Reelshort,1477,27
2026-07-30,Dailymotion,x4k7s0s,ReelShort_GlancePlay,72,9
2026-07-30,Dailymotion,x4j6cxg,Camara Romance Shorts,0,19
2026-07-30,Dailymotion,x4klm7q,ReelShort Romance Shows,53267,433
2026-07-30,Dailymotion,x4klqy0,ReelShort Hot Drama Hub,874156,2503
2026-07-30,Dailymotion,x4kpgc4,Reelshort First Love Shorts,0,20
2026-07-30,Dailymotion,x4jaytw,Reel Romance Swipe,87006,276
2026-07-30,Dailymotion,x4ks0k4,Reel Raw Vibe,136070,209
2026-07-30,Dailymotion,x4ks4yi,ReelShort Spicy Shorts,0,19
2026-07-30,Dailymotion,x4krkfk,ReelShort Intense Stories,5977,79
2026-07-30,Dailymotion,x4ko26y,ReelShort Drama Collection,244046,1443
2026-07-30,Dailymotion,x4oad9u,ReelShort Drama Spotlight,889574,1549
2026-07-30,Dailymotion,x4ksw2e,DramaMagic,114129,174
2026-07-30,Dailymotion,x4kt5f6,Drama Reels,178711,1727
2026-07-30,Dailymotion,x4ku6nw,ReelShort Drama Studio,560364,1519
2026-07-30,Dailymotion,x4kvw02,Ugoeze ReelShort Drama,98,13
2026-07-30,Dailymotion,x4kj6r0,ReelShort TV,568688,1920
2026-07-30,Dailymotion,x3xvhc6,ReelShort Romance Videos,443042,1552
2026-07-30,Dailymotion,x4kfmg6,ReelShort Drama Movies,10423,611
2026-07-31,YouTube,UCAkSxwl8Lbk2hBXAAfsEFTA,Victor Drama,1819895,5790
2026-07-31,YouTube,UCctSzoeee7KCnR84dZ6IO7w,Maple Playhouse,468828,2050
2026-07-31,YouTube,UC82nFsZOjs5Tr96upPPq9Ww,Spur Reels,1361569,4770
2026-07-31,YouTube,UCnwjt6PgkKuZC4S1A0yTOFQ,DramaWithBestie,4509739,15200
2026-07-31,YouTube,UCHONLLEtQ4f9yoqa1BWlhSg,QuickFixDrama,3304636,4540
2026-07-31,YouTube,UC8Fm-ogvMehvbgF0BJjKiuQ,DramaFeverTV,401332,1280
2026-07-31,YouTube,UCxfDVRNK6SoN59v_t3ZJ33A,dramabook,2577906,8830
2026-07-31,YouTube,UCdtOFTQ1GVPKzvOYsi1ApIw,Pocket Movie,2110961,6700
2026-07-31,YouTube,UCSlOhfr5f-RPRP50yRri1uA,Pocket Story,878996,2490
2026-07-31,YouTube,UC2IjY1Gm6b7pYp-vMJ2R9ig,SceneClip,6884657,21700
2026-07-31,YouTube,UC77WdDKy6cbCxZkC46eaudA,Drama addict,4519532,12000
2026-07-31,YouTube,UChhBhc7qJ42rgzAIPe9z6Cg,LittleDrama,1568796,4780
2026-07-31,YouTube,UC80LfoIH6FrzHTm6lXTWCKQ,DramaStory,2157386,8260
2026-07-31,YouTube,UC49-b-BhbYoG54YNkwmzg8w,HotReel,64245,463
2026-07-31,YouTube,UCIg97fCjw1HnS8vPqwiHLGA,Drama Nook,7800229,20300
2026-07-31,YouTube,UCm3RYOItKT_P0-oRCkkSMZw,The Drama Club,6322059,21900
2026-07-31,YouTube,UCL_RZ1IidYQkVQxfimfnPSQ,This Plot Got Me,5060749,10700
2026-07-31,YouTube,UCMGKZD9ggu_Pfo4dkL47cXQ,Dreamy Drama TV,2395859,6700
2026-07-31,YouTube,UCEFB0gMdnD1NyiZaedHg2hQ,HeyDramaTV,1841368,7090
2026-07-31,YouTube,UC0GVHmLgrxE2SS8F0C19JVg,Pocket Swoon,4222221,10100
2026-07-31,YouTube,UCZem4a64VnhfA4CBw9vM2bg,Swoon Bites,8918535,16400
2026-07-31,YouTube,UCxxl4xdZZqRSSz2VfnFBhwA,DramaBitesTV,3508237,30300
2026-07-31,YouTube,UCsbnInDepLdq6o781WVZ-5g,Dark Swoon,2477811,7640
2026-07-31,YouTube,UCf3lAEw_WPtcgHMUVAunzSw,Pocket Crush,4602160,13300
2026-07-31,YouTube,UCk2O5vfW3c_W5YWQ_BoD1Ug,Drama Found Me,41827635,90300
2026-07-31,YouTube,UCP4STX85lq_fpEtvQcq_5fw,I Found This Drama,11316907,34500
2026-07-31,YouTube,UCeVTtB1kN607CxFrFkiqjgQ,HeartSnap,654061,2060
2026-07-31,YouTube,UC3WZLJlwYaCEurdUywF8ibg,Drama In My Head,1309513,5730
2026-07-31,YouTube,UCbnCFV5_c-nGiEQN1anEO5A,HeartDrama Reels,216661,3320
2026-07-31,YouTube,UCxhHKduxLRNAOC_GUHPPf1Q,Drama Ray,896657,3890
2026-07-31,YouTube,UCT7ZxKrKqxBvAODr8h_ODkA,Lilith Drama,893091,4390
2026-07-31,YouTube,UCx08xHWVSQIiujaTJb8HWYg,Drama short,9,64
2026-07-31,YouTube,UC8gDq5ENmiVuJZIVsiZbQ8g,Heartloop,9062,115
2026-07-31,YouTube,UC01rTYtA_UsuZ5wzxnyHFcg,Triangle Theater,382120,1950
2026-07-31,YouTube,UCvfQU0Npb-ve-LxUlaAN1GA,Pocket Short,256924,842
2026-07-31,YouTube,UCc-V01UlW1n8eGLpATLA5gw,JayReels ,374089,1280
2026-07-31,Dailymotion,x3tfxr4,ReelShort Romance Shorts,1378765,4312
2026-07-31,Dailymotion,x3tgq5g,The Rabbit Hole TV,615135,1419
2026-07-31,Dailymotion,x3tgqdc,ReelShort Drama Bombshell,428002,1085
2026-07-31,Dailymotion,x3tgqpa,Reel Short Flick Frenzy,128495,442
2026-07-31,Dailymotion,x3tgrdw,Reel Drama Dose,471188,1445
2026-07-31,Dailymotion,x45tgp8,ReelShort English Shorts,56540,1442
2026-07-31,Dailymotion,x45tkva,ReelShort Fantasy Shorts,945500,2406
2026-07-31,Dailymotion,x45tobw,ReelShort Sweet Shorts,15079,177
2026-07-31,Dailymotion,x4c7qxk,ReelShortDaily,103,17
2026-07-31,Dailymotion,x4c7saw,ReelShort_Drama_Hub,53,13
2026-07-31,Dailymotion,x4c7srk,ReelShort_Drama_Show,35,5
2026-07-31,Dailymotion,x4c7syo,ReelShort_Drama_Buzz,4,7
2026-07-31,Dailymotion,x4c7t3q,ReelShort_Drama_Clips,3,7
2026-07-31,Dailymotion,x3tgots,ReelShort Love Shorts,952042,1882
2026-07-31,Dailymotion,x3tgs5s,FilmBox Channel,1362352,1657
2026-07-31,Dailymotion,x3tgtae,Easy Shorts,614194,889
2026-07-31,Dailymotion,x3tgrnq,ReelShort Drama Shorts,1718414,5026
2026-07-31,Dailymotion,x4c7r9u,love-shortdrama,108,0
2026-07-31,Dailymotion,x4c7ro4,babygirllovesshortdrama,68,0
2026-07-31,Dailymotion,x4c7sre,dailyshortdrama,35,0
2026-07-31,Dailymotion,x4c7qhk,drama lover girl,0,0
2026-07-31,Dailymotion,x4g6uv8,ReelShort Story Shorts,5248,59
2026-07-31,Dailymotion,x4g735i,ReelShort Movie Shorts,348778,922
2026-07-31,Dailymotion,x4kmjg6,Daily Reelshort,1485,28
2026-07-31,Dailymotion,x4k7s0s,ReelShort_GlancePlay,72,9
2026-07-31,Dailymotion,x4j6cxg,Camara Romance Shorts,0,19
2026-07-31,Dailymotion,x4klm7q,ReelShort Romance Shows,70664,500
2026-07-31,Dailymotion,x4klqy0,ReelShort Hot Drama Hub,896347,2571
2026-07-31,Dailymotion,x4kpgc4,Reelshort First Love Shorts,0,20
2026-07-31,Dailymotion,x4jaytw,Reel Romance Swipe,88023,282
2026-07-31,Dailymotion,x4ks0k4,Reel Raw Vibe,136970,211
2026-07-31,Dailymotion,x4ks4yi,ReelShort Spicy Shorts,0,19
2026-07-31,Dailymotion,x4krkfk,ReelShort Intense Stories,5991,82
2026-07-31,Dailymotion,x4ko26y,ReelShort Drama Collection,249354,1487
2026-07-31,Dailymotion,x4oad9u,ReelShort Drama Spotlight,900555,1571
2026-07-31,Dailymotion,x4ksw2e,DramaMagic,117136,187
2026-07-31,Dailymotion,x4kt5f6,Drama Reels,179260,1780
2026-07-31,Dailymotion,x4ku6nw,ReelShort Drama Studio,566506,1555
2026-07-31,Dailymotion,x4kvw02,Ugoeze ReelShort Drama,98,13
2026-07-31,Dailymotion,x4kj6r0,ReelShort TV,574040,1941
2026-07-31,Dailymotion,x3xvhc6,ReelShort Romance Videos,444336,1559
2026-07-31,Dailymotion,x4kfmg6,ReelShort Drama Movies,10671,622
2026-08-01,YouTube,UCAkSxwl8Lbk2hBXAAfsEFTA,Victor Drama,1819895,5830
2026-08-01,YouTube,UCctSzoeee7KCnR84dZ6IO7w,Maple Playhouse,468828,2060
2026-08-01,YouTube,UC82nFsZOjs5Tr96upPPq9Ww,Spur Reels,1361569,4820
2026-08-01,YouTube,UCnwjt6PgkKuZC4S1A0yTOFQ,DramaWithBestie,4509739,15300
2026-08-01,YouTube,UCHONLLEtQ4f9yoqa1BWlhSg,QuickFixDrama,3304636,4540
2026-08-01,YouTube,UC8Fm-ogvMehvbgF0BJjKiuQ,DramaFeverTV,401332,1290
2026-08-01,YouTube,UCxfDVRNK6SoN59v_t3ZJ33A,dramabook,2577906,8910
2026-08-01,YouTube,UCdtOFTQ1GVPKzvOYsi1ApIw,Pocket Movie,2110961,6750
2026-08-01,YouTube,UCSlOhfr5f-RPRP50yRri1uA,Pocket Story,878996,2540
2026-08-01,YouTube,UC2IjY1Gm6b7pYp-vMJ2R9ig,SceneClip,6884657,21800
2026-08-01,YouTube,UC77WdDKy6cbCxZkC46eaudA,Drama addict,4519532,12100
2026-08-01,YouTube,UChhBhc7qJ42rgzAIPe9z6Cg,LittleDrama,1568796,4790
2026-08-01,YouTube,UC80LfoIH6FrzHTm6lXTWCKQ,DramaStory,2157386,8320
2026-08-01,YouTube,UC49-b-BhbYoG54YNkwmzg8w,HotReel,64245,490
2026-08-01,YouTube,UCIg97fCjw1HnS8vPqwiHLGA,Drama Nook,7800229,20400
2026-08-01,YouTube,UCm3RYOItKT_P0-oRCkkSMZw,The Drama Club,6322059,22000
2026-08-01,YouTube,UCL_RZ1IidYQkVQxfimfnPSQ,This Plot Got Me,5060749,10700
2026-08-01,YouTube,UCMGKZD9ggu_Pfo4dkL47cXQ,Dreamy Drama TV,2395859,6850
2026-08-01,YouTube,UCEFB0gMdnD1NyiZaedHg2hQ,HeyDramaTV,1841368,7190
2026-08-01,YouTube,UC0GVHmLgrxE2SS8F0C19JVg,Pocket Swoon,4222221,10200
2026-08-01,YouTube,UCZem4a64VnhfA4CBw9vM2bg,Swoon Bites,8918535,16600
2026-08-01,YouTube,UCxxl4xdZZqRSSz2VfnFBhwA,DramaBitesTV,3508237,30400
2026-08-01,YouTube,UCsbnInDepLdq6o781WVZ-5g,Dark Swoon,2477811,7650
2026-08-01,YouTube,UCf3lAEw_WPtcgHMUVAunzSw,Pocket Crush,4602160,13300
2026-08-01,YouTube,UCk2O5vfW3c_W5YWQ_BoD1Ug,Drama Found Me,41827635,91000
2026-08-01,YouTube,UCP4STX85lq_fpEtvQcq_5fw,I Found This Drama,11316907,34500
2026-08-01,YouTube,UCeVTtB1kN607CxFrFkiqjgQ,HeartSnap,654061,2070
2026-08-01,YouTube,UC3WZLJlwYaCEurdUywF8ibg,Drama In My Head,1309513,5760
2026-08-01,YouTube,UCbnCFV5_c-nGiEQN1anEO5A,HeartDrama Reels,216661,3350
2026-08-01,YouTube,UCxhHKduxLRNAOC_GUHPPf1Q,Drama Ray,896657,4010
2026-08-01,YouTube,UCT7ZxKrKqxBvAODr8h_ODkA,Lilith Drama,893091,4500
2026-08-01,YouTube,UCx08xHWVSQIiujaTJb8HWYg,Drama short,9,64
2026-08-01,YouTube,UC8gDq5ENmiVuJZIVsiZbQ8g,Heartloop,9062,120
2026-08-01,YouTube,UC01rTYtA_UsuZ5wzxnyHFcg,Triangle Theater,382120,2000
2026-08-01,YouTube,UCvfQU0Npb-ve-LxUlaAN1GA,Pocket Short,256924,881
2026-08-01,YouTube,UCc-V01UlW1n8eGLpATLA5gw,JayReels ,374089,1390
2026-08-01,Dailymotion,x3tfxr4,ReelShort Romance Shorts,1388396,4383
2026-08-01,Dailymotion,x3tgq5g,The Rabbit Hole TV,618081,1422
2026-08-01,Dailymotion,x3tgqdc,ReelShort Drama Bombshell,431341,1100
2026-08-01,Dailymotion,x3tgqpa,Reel Short Flick Frenzy,128960,445
2026-08-01,Dailymotion,x3tgrdw,Reel Drama Dose,487410,1531
2026-08-01,Dailymotion,x45tgp8,ReelShort English Shorts,57569,1458
2026-08-01,Dailymotion,x45tkva,ReelShort Fantasy Shorts,948550,2419
2026-08-01,Dailymotion,x45tobw,ReelShort Sweet Shorts,15347,180
2026-08-01,Dailymotion,x4c7qxk,ReelShortDaily,103,17
2026-08-01,Dailymotion,x4c7saw,ReelShort_Drama_Hub,53,13
2026-08-01,Dailymotion,x4c7srk,ReelShort_Drama_Show,35,5
2026-08-01,Dailymotion,x4c7syo,ReelShort_Drama_Buzz,4,7
2026-08-01,Dailymotion,x4c7t3q,ReelShort_Drama_Clips,3,7
2026-08-01,Dailymotion,x3tgots,ReelShort Love Shorts,960789,1903
2026-08-01,Dailymotion,x3tgs5s,FilmBox Channel,1367155,1672
2026-08-01,Dailymotion,x3tgtae,Easy Shorts,620884,903
2026-08-01,Dailymotion,x3tgrnq,ReelShort Drama Shorts,1727350,5069
2026-08-01,Dailymotion,x4c7r9u,love-shortdrama,109,0
2026-08-01,Dailymotion,x4c7ro4,babygirllovesshortdrama,68,0
2026-08-01,Dailymotion,x4c7sre,dailyshortdrama,35,0
2026-08-01,Dailymotion,x4c7qhk,drama lover girl,0,0
2026-08-01,Dailymotion,x4g6uv8,ReelShort Story Shorts,5344,60
2026-08-01,Dailymotion,x4g735i,ReelShort Movie Shorts,352270,931
2026-08-01,Dailymotion,x4kmjg6,Daily Reelshort,1487,28
2026-08-01,Dailymotion,x4k7s0s,ReelShort_GlancePlay,73,9
2026-08-01,Dailymotion,x4j6cxg,Camara Romance Shorts,0,19
2026-08-01,Dailymotion,x4klm7q,ReelShort Romance Shows,99065,618
2026-08-01,Dailymotion,x4klqy0,ReelShort Hot Drama Hub,913688,2614
2026-08-01,Dailymotion,x4kpgc4,Reelshort First Love Shorts,0,20
2026-08-01,Dailymotion,x4jaytw,Reel Romance Swipe,89030,287
2026-08-01,Dailymotion,x4ks0k4,Reel Raw Vibe,137779,214
2026-08-01,Dailymotion,x4ks4yi,ReelShort Spicy Shorts,0,19
2026-08-01,Dailymotion,x4krkfk,ReelShort Intense Stories,6014,83
2026-08-01,Dailymotion,x4ko26y,ReelShort Drama Collection,257672,1539
2026-08-01,Dailymotion,x4oad9u,ReelShort Drama Spotlight,914302,1605
2026-08-01,Dailymotion,x4ksw2e,DramaMagic,119947,202
2026-08-01,Dailymotion,x4kt5f6,Drama Reels,179839,1811
2026-08-01,Dailymotion,x4ku6nw,ReelShort Drama Studio,571868,1593
2026-08-01,Dailymotion,x4kvw02,Ugoeze ReelShort Drama,98,13
2026-08-01,Dailymotion,x4kj6r0,ReelShort TV,577780,1965
2026-08-01,Dailymotion,x3xvhc6,ReelShort Romance Videos,445776,1568
2026-08-01,Dailymotion,x4kfmg6,ReelShort Drama Movies,10936,633
2026-08-02,YouTube,UCAkSxwl8Lbk2hBXAAfsEFTA,Victor Drama,1819895,5880
2026-08-02,YouTube,UCctSzoeee7KCnR84dZ6IO7w,Maple Playhouse,468828,2060
2026-08-02,YouTube,UC82nFsZOjs5Tr96upPPq9Ww,Spur Reels,1361569,4850
2026-08-02,YouTube,UCnwjt6PgkKuZC4S1A0yTOFQ,DramaWithBestie,4509739,15400
2026-08-02,YouTube,UCHONLLEtQ4f9yoqa1BWlhSg,QuickFixDrama,3304636,4540
2026-08-02,YouTube,UC8Fm-ogvMehvbgF0BJjKiuQ,DramaFeverTV,401332,1290
2026-08-02,YouTube,UCxfDVRNK6SoN59v_t3ZJ33A,dramabook,2577906,9010
2026-08-02,YouTube,UCdtOFTQ1GVPKzvOYsi1ApIw,Pocket Movie,2110961,6810
2026-08-02,YouTube,UCSlOhfr5f-RPRP50yRri1uA,Pocket Story,878996,2560
2026-08-02,YouTube,UC2IjY1Gm6b7pYp-vMJ2R9ig,SceneClip,6884657,21900
2026-08-02,YouTube,UC77WdDKy6cbCxZkC46eaudA,Drama addict,4519532,12200
2026-08-02,YouTube,UChhBhc7qJ42rgzAIPe9z6Cg,LittleDrama,1568796,4800
2026-08-02,YouTube,UC80LfoIH6FrzHTm6lXTWCKQ,DramaStory,2157386,8390
2026-08-02,YouTube,UC49-b-BhbYoG54YNkwmzg8w,HotReel,64245,516
2026-08-02,YouTube,UCIg97fCjw1HnS8vPqwiHLGA,Drama Nook,7800229,20400
2026-08-02,YouTube,UCm3RYOItKT_P0-oRCkkSMZw,The Drama Club,6322059,22200
2026-08-02,YouTube,UCL_RZ1IidYQkVQxfimfnPSQ,This Plot Got Me,5060749,10700
2026-08-02,YouTube,UCMGKZD9ggu_Pfo4dkL47cXQ,Dreamy Drama TV,2395859,7000
2026-08-02,YouTube,UCEFB0gMdnD1NyiZaedHg2hQ,HeyDramaTV,1841368,7340
2026-08-02,YouTube,UC0GVHmLgrxE2SS8F0C19JVg,Pocket Swoon,4222221,10200
2026-08-02,YouTube,UCZem4a64VnhfA4CBw9vM2bg,Swoon Bites,8918535,16800
2026-08-02,YouTube,UCxxl4xdZZqRSSz2VfnFBhwA,DramaBitesTV,3508237,30400
2026-08-02,YouTube,UCsbnInDepLdq6o781WVZ-5g,Dark Swoon,2477811,7670
2026-08-02,YouTube,UCf3lAEw_WPtcgHMUVAunzSw,Pocket Crush,4602160,13300
2026-08-02,YouTube,UCk2O5vfW3c_W5YWQ_BoD1Ug,Drama Found Me,41827635,91700
2026-08-02,YouTube,UCP4STX85lq_fpEtvQcq_5fw,I Found This Drama,11316907,34600
2026-08-02,YouTube,UCeVTtB1kN607CxFrFkiqjgQ,HeartSnap,654061,2080
2026-08-02,YouTube,UC3WZLJlwYaCEurdUywF8ibg,Drama In My Head,1309513,5780
2026-08-02,YouTube,UCbnCFV5_c-nGiEQN1anEO5A,HeartDrama Reels,216661,3380
2026-08-02,YouTube,UCxhHKduxLRNAOC_GUHPPf1Q,Drama Ray,896657,4090
2026-08-02,YouTube,UCT7ZxKrKqxBvAODr8h_ODkA,Lilith Drama,893091,4650
2026-08-02,YouTube,UCx08xHWVSQIiujaTJb8HWYg,Drama short,9,67
2026-08-02,YouTube,UC8gDq5ENmiVuJZIVsiZbQ8g,Heartloop,9062,131
2026-08-02,YouTube,UC01rTYtA_UsuZ5wzxnyHFcg,Triangle Theater,382120,2040
2026-08-02,YouTube,UCvfQU0Npb-ve-LxUlaAN1GA,Pocket Short,256924,925
2026-08-02,YouTube,UCc-V01UlW1n8eGLpATLA5gw,JayReels ,374089,1520
2026-08-02,Dailymotion,x3tfxr4,ReelShort Romance Shorts,1398270,4456
2026-08-02,Dailymotion,x3tgq5g,The Rabbit Hole TV,621571,1430
2026-08-02,Dailymotion,x3tgqdc,ReelShort Drama Bombshell,439682,1110
2026-08-02,Dailymotion,x3tgqpa,Reel Short Flick Frenzy,127970,446
2026-08-02,Dailymotion,x3tgrdw,Reel Drama Dose,496413,1556
2026-08-02,Dailymotion,x45tgp8,ReelShort English Shorts,58884,1463
2026-08-02,Dailymotion,x45tkva,ReelShort Fantasy Shorts,950845,2431
2026-08-02,Dailymotion,x45tobw,ReelShort Sweet Shorts,15804,183
2026-08-02,Dailymotion,x4c7qxk,ReelShortDaily,103,17
2026-08-02,Dailymotion,x4c7saw,ReelShort_Drama_Hub,53,13
2026-08-02,Dailymotion,x4c7srk,ReelShort_Drama_Show,35,5
2026-08-02,Dailymotion,x4c7syo,ReelShort_Drama_Buzz,4,7
2026-08-02,Dailymotion,x4c7t3q,ReelShort_Drama_Clips,3,7
2026-08-02,Dailymotion,x3tgots,ReelShort Love Shorts,969019,1923
2026-08-02,Dailymotion,x3tgs5s,FilmBox Channel,1372821,1680
2026-08-02,Dailymotion,x3tgtae,Easy Shorts,626508,910
2026-08-02,Dailymotion,x3tgrnq,ReelShort Drama Shorts,1734498,5117
2026-08-02,Dailymotion,x4c7r9u,love-shortdrama,109,0
2026-08-02,Dailymotion,x4c7ro4,babygirllovesshortdrama,68,0
2026-08-02,Dailymotion,x4c7sre,dailyshortdrama,35,0
2026-08-02,Dailymotion,x4c7qhk,drama lover girl,0,0
2026-08-02,Dailymotion,x4g6uv8,ReelShort Story Shorts,5389,62
2026-08-02,Dailymotion,x4g735i,ReelShort Movie Shorts,356003,941
2026-08-02,Dailymotion,x4kmjg6,Daily Reelshort,1487,28
2026-08-02,Dailymotion,x4k7s0s,ReelShort_GlancePlay,73,9
2026-08-02,Dailymotion,x4j6cxg,Camara Romance Shorts,0,19
2026-08-02,Dailymotion,x4klm7q,ReelShort Romance Shows,129608,692
2026-08-02,Dailymotion,x4klqy0,ReelShort Hot Drama Hub,932484,2672
2026-08-02,Dailymotion,x4kpgc4,Reelshort First Love Shorts,0,20
2026-08-02,Dailymotion,x4jaytw,Reel Romance Swipe,89962,290
2026-08-02,Dailymotion,x4ks0k4,Reel Raw Vibe,138619,217
2026-08-02,Dailymotion,x4ks4yi,ReelShort Spicy Shorts,0,19
2026-08-02,Dailymotion,x4krkfk,ReelShort Intense Stories,6034,84
2026-08-02,Dailymotion,x4ko26y,ReelShort Drama Collection,265360,1579
2026-08-02,Dailymotion,x4oad9u,ReelShort Drama Spotlight,925694,1631
2026-08-02,Dailymotion,x4ksw2e,DramaMagic,123607,210
2026-08-02,Dailymotion,x4kt5f6,Drama Reels,180320,1841
2026-08-02,Dailymotion,x4ku6nw,ReelShort Drama Studio,578679,1630
2026-08-02,Dailymotion,x4kvw02,Ugoeze ReelShort Drama,98,13
2026-08-02,Dailymotion,x4kj6r0,ReelShort TV,581940,1994
2026-08-02,Dailymotion,x3xvhc6,ReelShort Romance Videos,447335,1578
2026-08-02,Dailymotion,x4kfmg6,ReelShort Drama Movies,11172,645
2026-08-03,YouTube,UCAkSxwl8Lbk2hBXAAfsEFTA,Victor Drama,1865473,5920
2026-08-03,YouTube,UCctSzoeee7KCnR84dZ6IO7w,Maple Playhouse,472580,2070
2026-08-03,YouTube,UC82nFsZOjs5Tr96upPPq9Ww,Spur Reels,1404113,4890
2026-08-03,YouTube,UCnwjt6PgkKuZC4S1A0yTOFQ,DramaWithBestie,4621945,15500
2026-08-03,YouTube,UCHONLLEtQ4f9yoqa1BWlhSg,QuickFixDrama,3328149,4550
2026-08-03,YouTube,UC8Fm-ogvMehvbgF0BJjKiuQ,DramaFeverTV,402089,1290
2026-08-03,YouTube,UCxfDVRNK6SoN59v_t3ZJ33A,dramabook,2618722,9090
2026-08-03,YouTube,UCdtOFTQ1GVPKzvOYsi1ApIw,Pocket Movie,2131393,6890
2026-08-03,YouTube,UCSlOhfr5f-RPRP50yRri1uA,Pocket Story,917022,2610
2026-08-03,YouTube,UC2IjY1Gm6b7pYp-vMJ2R9ig,SceneClip,6998173,22000
2026-08-03,YouTube,UC77WdDKy6cbCxZkC46eaudA,Drama addict,4628231,12300
2026-08-03,YouTube,UChhBhc7qJ42rgzAIPe9z6Cg,LittleDrama,1573768,4810
2026-08-03,YouTube,UC80LfoIH6FrzHTm6lXTWCKQ,DramaStory,2276655,8440
2026-08-03,YouTube,UC49-b-BhbYoG54YNkwmzg8w,HotReel,79336,536
2026-08-03,YouTube,UCIg97fCjw1HnS8vPqwiHLGA,Drama Nook,7825990,20400
2026-08-03,YouTube,UCm3RYOItKT_P0-oRCkkSMZw,The Drama Club,6442421,22300
2026-08-03,YouTube,UCL_RZ1IidYQkVQxfimfnPSQ,This Plot Got Me,5134662,10800
2026-08-03,YouTube,UCMGKZD9ggu_Pfo4dkL47cXQ,Dreamy Drama TV,2538508,7120
2026-08-03,YouTube,UCEFB0gMdnD1NyiZaedHg2hQ,HeyDramaTV,2043260,7470
2026-08-03,YouTube,UC0GVHmLgrxE2SS8F0C19JVg,Pocket Swoon,4287446,10200
2026-08-03,YouTube,UCZem4a64VnhfA4CBw9vM2bg,Swoon Bites,9561976,17000
2026-08-03,YouTube,UCxxl4xdZZqRSSz2VfnFBhwA,DramaBitesTV,3527419,30400
2026-08-03,YouTube,UCsbnInDepLdq6o781WVZ-5g,Dark Swoon,2505294,7690
2026-08-03,YouTube,UCf3lAEw_WPtcgHMUVAunzSw,Pocket Crush,4610922,13300
2026-08-03,YouTube,UCk2O5vfW3c_W5YWQ_BoD1Ug,Drama Found Me,43249316,92300
2026-08-03,YouTube,UCP4STX85lq_fpEtvQcq_5fw,I Found This Drama,11363166,34600
2026-08-03,YouTube,UCeVTtB1kN607CxFrFkiqjgQ,HeartSnap,671757,2100
2026-08-03,YouTube,UC3WZLJlwYaCEurdUywF8ibg,Drama In My Head,1330726,5810
2026-08-03,YouTube,UCbnCFV5_c-nGiEQN1anEO5A,HeartDrama Reels,217286,3420
2026-08-03,YouTube,UCxhHKduxLRNAOC_GUHPPf1Q,Drama Ray,988657,4180
2026-08-03,YouTube,UCT7ZxKrKqxBvAODr8h_ODkA,Lilith Drama,1138299,4810
2026-08-03,YouTube,UCx08xHWVSQIiujaTJb8HWYg,Drama short,584,74
2026-08-03,YouTube,UC8gDq5ENmiVuJZIVsiZbQ8g,Heartloop,14192,148
2026-08-03,YouTube,UC01rTYtA_UsuZ5wzxnyHFcg,Triangle Theater,413883,2070
2026-08-03,YouTube,UCvfQU0Npb-ve-LxUlaAN1GA,Pocket Short,296660,956
2026-08-03,YouTube,UCc-V01UlW1n8eGLpATLA5gw,JayReels ,437069,1610
2026-08-03,Dailymotion,x3tfxr4,ReelShort Romance Shorts,1407154,4492
2026-08-03,Dailymotion,x3tgq5g,The Rabbit Hole TV,626548,1441
2026-08-03,Dailymotion,x3tgqdc,ReelShort Drama Bombshell,450436,1126
2026-08-03,Dailymotion,x3tgqpa,Reel Short Flick Frenzy,128292,451
2026-08-03,Dailymotion,x3tgrdw,Reel Drama Dose,504373,1592
2026-08-03,Dailymotion,x45tgp8,ReelShort English Shorts,60310,1467
2026-08-03,Dailymotion,x45tkva,ReelShort Fantasy Shorts,952629,2438
2026-08-03,Dailymotion,x45tobw,ReelShort Sweet Shorts,16441,186
2026-08-03,Dailymotion,x4c7qxk,ReelShortDaily,103,17
2026-08-03,Dailymotion,x4c7saw,ReelShort_Drama_Hub,53,13
2026-08-03,Dailymotion,x4c7srk,ReelShort_Drama_Show,35,5
2026-08-03,Dailymotion,x4c7syo,ReelShort_Drama_Buzz,4,7
2026-08-03,Dailymotion,x4c7t3q,ReelShort_Drama_Clips,3,7
2026-08-03,Dailymotion,x3tgots,ReelShort Love Shorts,976864,1937
2026-08-03,Dailymotion,x3tgs5s,FilmBox Channel,1378340,1689
2026-08-03,Dailymotion,x3tgtae,Easy Shorts,631360,910
2026-08-03,Dailymotion,x3tgrnq,ReelShort Drama Shorts,1742946,5163
2026-08-03,Dailymotion,x4c7r9u,love-shortdrama,110,0
2026-08-03,Dailymotion,x4c7ro4,babygirllovesshortdrama,68,0
2026-08-03,Dailymotion,x4c7sre,dailyshortdrama,35,0
2026-08-03,Dailymotion,x4c7qhk,drama lover girl,0,0
2026-08-03,Dailymotion,x4g6uv8,ReelShort Story Shorts,5440,62
2026-08-03,Dailymotion,x4g735i,ReelShort Movie Shorts,359608,944
2026-08-03,Dailymotion,x4kmjg6,Daily Reelshort,1488,28
2026-08-03,Dailymotion,x4k7s0s,ReelShort_GlancePlay,73,9
2026-08-03,Dailymotion,x4j6cxg,Camara Romance Shorts,0,19
2026-08-03,Dailymotion,x4klm7q,ReelShort Romance Shows,147885,747
2026-08-03,Dailymotion,x4klqy0,ReelShort Hot Drama Hub,944678,2700
2026-08-03,Dailymotion,x4kpgc4,Reelshort First Love Shorts,0,20
2026-08-03,Dailymotion,x4jaytw,Reel Romance Swipe,90923,291
2026-08-03,Dailymotion,x4ks0k4,Reel Raw Vibe,139498,219
2026-08-03,Dailymotion,x4ks4yi,ReelShort Spicy Shorts,0,19
2026-08-03,Dailymotion,x4krkfk,ReelShort Intense Stories,6054,84
2026-08-03,Dailymotion,x4ko26y,ReelShort Drama Collection,271690,1608
2026-08-03,Dailymotion,x4oad9u,ReelShort Drama Spotlight,935567,1659
2026-08-03,Dailymotion,x4ksw2e,DramaMagic,128022,224
2026-08-03,Dailymotion,x4kt5f6,Drama Reels,180633,1849
2026-08-03,Dailymotion,x4ku6nw,ReelShort Drama Studio,585459,1655
2026-08-03,Dailymotion,x4kvw02,Ugoeze ReelShort Drama,98,13
2026-08-03,Dailymotion,x4kj6r0,ReelShort TV,586701,2025
2026-08-03,Dailymotion,x3xvhc6,ReelShort Romance Videos,448578,1586
2026-08-03,Dailymotion,x4kfmg6,ReelShort Drama Movies,11416,654
2026-08-04,YouTube,UCAkSxwl8Lbk2hBXAAfsEFTA,Victor Drama,1881627,5970
2026-08-04,YouTube,UCctSzoeee7KCnR84dZ6IO7w,Maple Playhouse,473649,2080
2026-08-04,YouTube,UC82nFsZOjs5Tr96upPPq9Ww,Spur Reels,1417862,4970
2026-08-04,YouTube,UCnwjt6PgkKuZC4S1A0yTOFQ,DramaWithBestie,4655449,15600
2026-08-04,YouTube,UCHONLLEtQ4f9yoqa1BWlhSg,QuickFixDrama,3334785,4560
2026-08-04,YouTube,UC8Fm-ogvMehvbgF0BJjKiuQ,DramaFeverTV,402730,1290
2026-08-04,YouTube,UCxfDVRNK6SoN59v_t3ZJ33A,dramabook,2643826,9150
2026-08-04,YouTube,UCdtOFTQ1GVPKzvOYsi1ApIw,Pocket Movie,2148339,6940
2026-08-04,YouTube,UCSlOhfr5f-RPRP50yRri1uA,Pocket Story,940692,2750
2026-08-04,YouTube,UC2IjY1Gm6b7pYp-vMJ2R9ig,SceneClip,7038329,22100
2026-08-04,YouTube,UC77WdDKy6cbCxZkC46eaudA,Drama addict,4663535,12400
2026-08-04,YouTube,UChhBhc7qJ42rgzAIPe9z6Cg,LittleDrama,1575217,4820
2026-08-04,YouTube,UC80LfoIH6FrzHTm6lXTWCKQ,DramaStory,2300766,8490
2026-08-04,YouTube,UC49-b-BhbYoG54YNkwmzg8w,HotReel,84019,560
2026-08-04,YouTube,UCIg97fCjw1HnS8vPqwiHLGA,Drama Nook,7832833,20400
2026-08-04,YouTube,UCm3RYOItKT_P0-oRCkkSMZw,The Drama Club,6480056,22400
2026-08-04,YouTube,UCL_RZ1IidYQkVQxfimfnPSQ,This Plot Got Me,5147417,10800
2026-08-04,YouTube,UCMGKZD9ggu_Pfo4dkL47cXQ,Dreamy Drama TV,2582417,7250
2026-08-04,YouTube,UCEFB0gMdnD1NyiZaedHg2hQ,HeyDramaTV,2100330,7610
2026-08-04,YouTube,UC0GVHmLgrxE2SS8F0C19JVg,Pocket Swoon,4309463,10300
2026-08-04,YouTube,UCZem4a64VnhfA4CBw9vM2bg,Swoon Bites,9779129,17200
2026-08-04,YouTube,UCxxl4xdZZqRSSz2VfnFBhwA,DramaBitesTV,3543907,30500
2026-08-04,YouTube,UCsbnInDepLdq6o781WVZ-5g,Dark Swoon,2514503,7750
2026-08-04,YouTube,UCf3lAEw_WPtcgHMUVAunzSw,Pocket Crush,4613766,13300
2026-08-04,YouTube,UCk2O5vfW3c_W5YWQ_BoD1Ug,Drama Found Me,43726062,93000
2026-08-04,YouTube,UCP4STX85lq_fpEtvQcq_5fw,I Found This Drama,11377084,34600
2026-08-04,YouTube,UCeVTtB1kN607CxFrFkiqjgQ,HeartSnap,677892,2120
2026-08-04,YouTube,UC3WZLJlwYaCEurdUywF8ibg,Drama In My Head,1337028,5850
2026-08-04,YouTube,UCbnCFV5_c-nGiEQN1anEO5A,HeartDrama Reels,217436,3450
2026-08-04,YouTube,UCxhHKduxLRNAOC_GUHPPf1Q,Drama Ray,1027109,4270
2026-08-04,YouTube,UCT7ZxKrKqxBvAODr8h_ODkA,Lilith Drama,1184110,4990
2026-08-04,YouTube,UCx08xHWVSQIiujaTJb8HWYg,Drama short,3572,76
2026-08-04,YouTube,UC8gDq5ENmiVuJZIVsiZbQ8g,Heartloop,20069,173
2026-08-04,YouTube,UC01rTYtA_UsuZ5wzxnyHFcg,Triangle Theater,419798,2110
2026-08-04,YouTube,UCvfQU0Npb-ve-LxUlaAN1GA,Pocket Short,305949,981
2026-08-04,YouTube,UCc-V01UlW1n8eGLpATLA5gw,JayReels ,466606,1720
2026-08-04,Dailymotion,x3tfxr4,ReelShort Romance Shorts,1415684,4535
2026-08-04,Dailymotion,x3tgq5g,The Rabbit Hole TV,631660,1448
2026-08-04,Dailymotion,x3tgqdc,ReelShort Drama Bombshell,457059,1141
2026-08-04,Dailymotion,x3tgqpa,Reel Short Flick Frenzy,128577,454
2026-08-04,Dailymotion,x3tgrdw,Reel Drama Dose,508989,1606
2026-08-04,Dailymotion,x45tgp8,ReelShort English Shorts,61624,1478
2026-08-04,Dailymotion,x45tkva,ReelShort Fantasy Shorts,954642,2445
2026-08-04,Dailymotion,x45tobw,ReelShort Sweet Shorts,17589,188
2026-08-04,Dailymotion,x4c7qxk,ReelShortDaily,103,17
2026-08-04,Dailymotion,x4c7saw,ReelShort_Drama_Hub,53,13
2026-08-04,Dailymotion,x4c7srk,ReelShort_Drama_Show,35,5
2026-08-04,Dailymotion,x4c7syo,ReelShort_Drama_Buzz,4,7
2026-08-04,Dailymotion,x4c7t3q,ReelShort_Drama_Clips,3,7
2026-08-04,Dailymotion,x3tgots,ReelShort Love Shorts,983409,1949
2026-08-04,Dailymotion,x3tgs5s,FilmBox Channel,1392317,1698
2026-08-04,Dailymotion,x3tgtae,Easy Shorts,635644,912
2026-08-04,Dailymotion,x3tgrnq,ReelShort Drama Shorts,1750257,5197
2026-08-04,Dailymotion,x4c7r9u,love-shortdrama,110,0
2026-08-04,Dailymotion,x4c7ro4,babygirllovesshortdrama,68,0
2026-08-04,Dailymotion,x4c7sre,dailyshortdrama,35,0
2026-08-04,Dailymotion,x4c7qhk,drama lover girl,0,0
2026-08-04,Dailymotion,x4g6uv8,ReelShort Story Shorts,5464,66
2026-08-04,Dailymotion,x4g735i,ReelShort Movie Shorts,363006,958
2026-08-04,Dailymotion,x4kmjg6,Daily Reelshort,1489,28
2026-08-04,Dailymotion,x4k7s0s,ReelShort_GlancePlay,73,9
2026-08-04,Dailymotion,x4j6cxg,Camara Romance Shorts,0,19
2026-08-04,Dailymotion,x4klm7q,ReelShort Romance Shows,160165,791
2026-08-04,Dailymotion,x4klqy0,ReelShort Hot Drama Hub,955512,2731
2026-08-04,Dailymotion,x4kpgc4,Reelshort First Love Shorts,0,20
2026-08-04,Dailymotion,x4jaytw,Reel Romance Swipe,91601,294
2026-08-04,Dailymotion,x4ks0k4,Reel Raw Vibe,140350,222
2026-08-04,Dailymotion,x4ks4yi,ReelShort Spicy Shorts,0,20
2026-08-04,Dailymotion,x4krkfk,ReelShort Intense Stories,6090,84
2026-08-04,Dailymotion,x4ko26y,ReelShort Drama Collection,277460,1632
2026-08-04,Dailymotion,x4oad9u,ReelShort Drama Spotlight,945422,1686
2026-08-04,Dailymotion,x4ksw2e,DramaMagic,132012,239
2026-08-04,Dailymotion,x4kt5f6,Drama Reels,181035,1869
2026-08-04,Dailymotion,x4ku6nw,ReelShort Drama Studio,591207,1684
2026-08-04,Dailymotion,x4kvw02,Ugoeze ReelShort Drama,98,13
2026-08-04,Dailymotion,x4kj6r0,ReelShort TV,590365,2043
2026-08-04,Dailymotion,x3xvhc6,ReelShort Romance Videos,449611,1592
2026-08-04,Dailymotion,x4kfmg6,ReelShort Drama Movies,11623,662
2026-08-05,YouTube,UCAkSxwl8Lbk2hBXAAfsEFTA,Victor Drama,1900297,6010
2026-08-05,YouTube,UCctSzoeee7KCnR84dZ6IO7w,Maple Playhouse,474766,2080
2026-08-05,YouTube,UC82nFsZOjs5Tr96upPPq9Ww,Spur Reels,1439039,5020
2026-08-05,YouTube,UCnwjt6PgkKuZC4S1A0yTOFQ,DramaWithBestie,4692440,15700
2026-08-05,YouTube,UCHONLLEtQ4f9yoqa1BWlhSg,QuickFixDrama,3338158,4580
2026-08-05,YouTube,UC8Fm-ogvMehvbgF0BJjKiuQ,DramaFeverTV,403690,1290
2026-08-05,YouTube,UCxfDVRNK6SoN59v_t3ZJ33A,dramabook,2664712,9240
2026-08-05,YouTube,UCdtOFTQ1GVPKzvOYsi1ApIw,Pocket Movie,2163560,7000
2026-08-05,YouTube,UCSlOhfr5f-RPRP50yRri1uA,Pocket Story,987915,2900
2026-08-05,YouTube,UC2IjY1Gm6b7pYp-vMJ2R9ig,SceneClip,7077060,22200
2026-08-05,YouTube,UC77WdDKy6cbCxZkC46eaudA,Drama addict,4695942,12500
2026-08-05,YouTube,UChhBhc7qJ42rgzAIPe9z6Cg,LittleDrama,1576614,4830
2026-08-05,YouTube,UC80LfoIH6FrzHTm6lXTWCKQ,DramaStory,2321426,8530
2026-08-05,YouTube,UC49-b-BhbYoG54YNkwmzg8w,HotReel,88869,576
2026-08-05,YouTube,UCIg97fCjw1HnS8vPqwiHLGA,Drama Nook,7839373,20400
2026-08-05,YouTube,UCm3RYOItKT_P0-oRCkkSMZw,The Drama Club,6521607,22600
2026-08-05,YouTube,UCL_RZ1IidYQkVQxfimfnPSQ,This Plot Got Me,5160993,10800
2026-08-05,YouTube,UCMGKZD9ggu_Pfo4dkL47cXQ,Dreamy Drama TV,2659262,7380
2026-08-05,YouTube,UCEFB0gMdnD1NyiZaedHg2hQ,HeyDramaTV,2155072,7780
2026-08-05,YouTube,UC0GVHmLgrxE2SS8F0C19JVg,Pocket Swoon,4336663,10300
2026-08-05,YouTube,UCZem4a64VnhfA4CBw9vM2bg,Swoon Bites,10012480,17400
2026-08-05,YouTube,UCxxl4xdZZqRSSz2VfnFBhwA,DramaBitesTV,3558501,30500
2026-08-05,YouTube,UCsbnInDepLdq6o781WVZ-5g,Dark Swoon,2534164,7790
2026-08-05,YouTube,UCf3lAEw_WPtcgHMUVAunzSw,Pocket Crush,4620930,13300
2026-08-05,YouTube,UCk2O5vfW3c_W5YWQ_BoD1Ug,Drama Found Me,44203778,93500
2026-08-05,YouTube,UCP4STX85lq_fpEtvQcq_5fw,I Found This Drama,11390855,34700
2026-08-05,YouTube,UCeVTtB1kN607CxFrFkiqjgQ,HeartSnap,683195,2130
2026-08-05,YouTube,UC3WZLJlwYaCEurdUywF8ibg,Drama In My Head,1343857,5890
2026-08-05,YouTube,UCbnCFV5_c-nGiEQN1anEO5A,HeartDrama Reels,217608,3490
2026-08-05,YouTube,UCxhHKduxLRNAOC_GUHPPf1Q,Drama Ray,1060674,4320
2026-08-05,YouTube,UCT7ZxKrKqxBvAODr8h_ODkA,Lilith Drama,1230688,5150
2026-08-05,YouTube,UCx08xHWVSQIiujaTJb8HWYg,Drama short,4074,77
2026-08-05,YouTube,UC8gDq5ENmiVuJZIVsiZbQ8g,Heartloop,26431,193
2026-08-05,YouTube,UC01rTYtA_UsuZ5wzxnyHFcg,Triangle Theater,427239,2140
2026-08-05,YouTube,UCvfQU0Npb-ve-LxUlaAN1GA,Pocket Short,314391,1000
2026-08-05,YouTube,UCc-V01UlW1n8eGLpATLA5gw,JayReels ,492146,1860
2026-08-05,Dailymotion,x3tfxr4,ReelShort Romance Shorts,1422732,4569
2026-08-05,Dailymotion,x3tgq5g,The Rabbit Hole TV,636411,1455
2026-08-05,Dailymotion,x3tgqdc,ReelShort Drama Bombshell,464635,1155
2026-08-05,Dailymotion,x3tgqpa,Reel Short Flick Frenzy,128880,456
2026-08-05,Dailymotion,x3tgrdw,Reel Drama Dose,511149,1624
2026-08-05,Dailymotion,x45tgp8,ReelShort English Shorts,63115,1484
2026-08-05,Dailymotion,x45tkva,ReelShort Fantasy Shorts,956769,2451
2026-08-05,Dailymotion,x45tobw,ReelShort Sweet Shorts,27936,197
2026-08-05,Dailymotion,x4c7qxk,ReelShortDaily,103,17
2026-08-05,Dailymotion,x4c7saw,ReelShort_Drama_Hub,53,13
2026-08-05,Dailymotion,x4c7srk,ReelShort_Drama_Show,35,5
2026-08-05,Dailymotion,x4c7syo,ReelShort_Drama_Buzz,4,7
2026-08-05,Dailymotion,x4c7t3q,ReelShort_Drama_Clips,3,7
2026-08-05,Dailymotion,x3tgots,ReelShort Love Shorts,990422,1969
2026-08-05,Dailymotion,x3tgs5s,FilmBox Channel,1411017,1713
2026-08-05,Dailymotion,x3tgtae,Easy Shorts,639486,914
2026-08-05,Dailymotion,x3tgrnq,ReelShort Drama Shorts,1756416,5234
2026-08-05,Dailymotion,x4c7r9u,love-shortdrama,110,0
2026-08-05,Dailymotion,x4c7ro4,babygirllovesshortdrama,68,0
2026-08-05,Dailymotion,x4c7sre,dailyshortdrama,35,0
2026-08-05,Dailymotion,x4c7qhk,drama lover girl,0,0
2026-08-05,Dailymotion,x4g6uv8,ReelShort Story Shorts,5481,66
2026-08-05,Dailymotion,x4g735i,ReelShort Movie Shorts,366520,972
2026-08-05,Dailymotion,x4kmjg6,Daily Reelshort,1491,28
2026-08-05,Dailymotion,x4k7s0s,ReelShort_GlancePlay,73,8
2026-08-05,Dailymotion,x4j6cxg,Camara Romance Shorts,0,18
2026-08-05,Dailymotion,x4klm7q,ReelShort Romance Shows,169536,822
2026-08-05,Dailymotion,x4klqy0,ReelShort Hot Drama Hub,961902,2758
2026-08-05,Dailymotion,x4kpgc4,Reelshort First Love Shorts,0,19
2026-08-05,Dailymotion,x4jaytw,Reel Romance Swipe,92260,297
2026-08-05,Dailymotion,x4ks0k4,Reel Raw Vibe,141204,224
2026-08-05,Dailymotion,x4ks4yi,ReelShort Spicy Shorts,0,20
2026-08-05,Dailymotion,x4krkfk,ReelShort Intense Stories,6138,84
2026-08-05,Dailymotion,x4ko26y,ReelShort Drama Collection,283843,1655
2026-08-05,Dailymotion,x4oad9u,ReelShort Drama Spotlight,957185,1727
2026-08-05,Dailymotion,x4ksw2e,DramaMagic,136266,248
2026-08-05,Dailymotion,x4kt5f6,Drama Reels,181440,1880
2026-08-05,Dailymotion,x4ku6nw,ReelShort Drama Studio,596096,1712
2026-08-05,Dailymotion,x4kvw02,Ugoeze ReelShort Drama,98,12
2026-08-05,Dailymotion,x4kj6r0,ReelShort TV,594232,2061
2026-08-05,Dailymotion,x3xvhc6,ReelShort Romance Videos,450645,1601
2026-08-05,Dailymotion,x4kfmg6,ReelShort Drama Movies,11837,668
2026-08-06,YouTube,UCAkSxwl8Lbk2hBXAAfsEFTA,Victor Drama,1909356,6040
2026-08-06,YouTube,UCctSzoeee7KCnR84dZ6IO7w,Maple Playhouse,475226,2090
2026-08-06,YouTube,UC82nFsZOjs5Tr96upPPq9Ww,Spur Reels,1447860,5060
2026-08-06,YouTube,UCnwjt6PgkKuZC4S1A0yTOFQ,DramaWithBestie,4712413,15800
2026-08-06,YouTube,UCHONLLEtQ4f9yoqa1BWlhSg,QuickFixDrama,3339352,4580
2026-08-06,YouTube,UC8Fm-ogvMehvbgF0BJjKiuQ,DramaFeverTV,404433,1290
2026-08-06,YouTube,UCxfDVRNK6SoN59v_t3ZJ33A,dramabook,2674085,9260
2026-08-06,YouTube,UCdtOFTQ1GVPKzvOYsi1ApIw,Pocket Movie,2171322,7040
2026-08-06,YouTube,UCSlOhfr5f-RPRP50yRri1uA,Pocket Story,1023357,2940
2026-08-06,YouTube,UC2IjY1Gm6b7pYp-vMJ2R9ig,SceneClip,7095490,22200
2026-08-06,YouTube,UC77WdDKy6cbCxZkC46eaudA,Drama addict,4711869,12500
2026-08-06,YouTube,UChhBhc7qJ42rgzAIPe9z6Cg,LittleDrama,1577305,4830
2026-08-06,YouTube,UC80LfoIH6FrzHTm6lXTWCKQ,DramaStory,2330508,8540
2026-08-06,YouTube,UC49-b-BhbYoG54YNkwmzg8w,HotReel,91075,582
2026-08-06,YouTube,UCIg97fCjw1HnS8vPqwiHLGA,Drama Nook,7842957,20500
2026-08-06,YouTube,UCm3RYOItKT_P0-oRCkkSMZw,The Drama Club,6544066,22600
2026-08-06,YouTube,UCL_RZ1IidYQkVQxfimfnPSQ,This Plot Got Me,5169099,10800
2026-08-06,YouTube,UCMGKZD9ggu_Pfo4dkL47cXQ,Dreamy Drama TV,2682796,7430
2026-08-06,YouTube,UCEFB0gMdnD1NyiZaedHg2hQ,HeyDramaTV,2202659,7860
2026-08-06,YouTube,UC0GVHmLgrxE2SS8F0C19JVg,Pocket Swoon,4348902,10400
2026-08-06,YouTube,UCZem4a64VnhfA4CBw9vM2bg,Swoon Bites,10091312,17400
2026-08-06,YouTube,UCxxl4xdZZqRSSz2VfnFBhwA,DramaBitesTV,3562949,30500
2026-08-06,YouTube,UCsbnInDepLdq6o781WVZ-5g,Dark Swoon,2542833,7810
2026-08-06,YouTube,UCf3lAEw_WPtcgHMUVAunzSw,Pocket Crush,4623658,13400
2026-08-06,YouTube,UCk2O5vfW3c_W5YWQ_BoD1Ug,Drama Found Me,44407095,93600
2026-08-06,YouTube,UCP4STX85lq_fpEtvQcq_5fw,I Found This Drama,11397488,34700
2026-08-06,YouTube,UCeVTtB1kN607CxFrFkiqjgQ,HeartSnap,684903,2140
2026-08-06,YouTube,UC3WZLJlwYaCEurdUywF8ibg,Drama In My Head,1347982,5900
2026-08-06,YouTube,UCbnCFV5_c-nGiEQN1anEO5A,HeartDrama Reels,217713,3500
2026-08-06,YouTube,UCxhHKduxLRNAOC_GUHPPf1Q,Drama Ray,1079367,4350
2026-08-06,YouTube,UCT7ZxKrKqxBvAODr8h_ODkA,Lilith Drama,1253648,5230
2026-08-06,YouTube,UCx08xHWVSQIiujaTJb8HWYg,Drama short,4367,77
2026-08-06,YouTube,UC8gDq5ENmiVuJZIVsiZbQ8g,Heartloop,29927,204
2026-08-06,YouTube,UC01rTYtA_UsuZ5wzxnyHFcg,Triangle Theater,431988,2170
2026-08-06,YouTube,UCvfQU0Npb-ve-LxUlaAN1GA,Pocket Short,318559,1010
2026-08-06,YouTube,UCc-V01UlW1n8eGLpATLA5gw,JayReels ,506815,1920
2026-08-06,Dailymotion,x3tfxr4,ReelShort Romance Shorts,1423993,4573
2026-08-06,Dailymotion,x3tgq5g,The Rabbit Hole TV,638139,1463
2026-08-06,Dailymotion,x3tgqdc,ReelShort Drama Bombshell,467789,1164
2026-08-06,Dailymotion,x3tgqpa,Reel Short Flick Frenzy,128994,456
2026-08-06,Dailymotion,x3tgrdw,Reel Drama Dose,511772,1623
2026-08-06,Dailymotion,x45tgp8,ReelShort English Shorts,63768,1488
2026-08-06,Dailymotion,x45tkva,ReelShort Fantasy Shorts,957466,2453
2026-08-06,Dailymotion,x45tobw,ReelShort Sweet Shorts,37259,206
2026-08-06,Dailymotion,x4c7qxk,ReelShortDaily,103,17
2026-08-06,Dailymotion,x4c7saw,ReelShort_Drama_Hub,53,14
2026-08-06,Dailymotion,x4c7srk,ReelShort_Drama_Show,35,5
2026-08-06,Dailymotion,x4c7syo,ReelShort_Drama_Buzz,4,7
2026-08-06,Dailymotion,x4c7t3q,ReelShort_Drama_Clips,3,7
2026-08-06,Dailymotion,x3tgots,ReelShort Love Shorts,993253,1977
2026-08-06,Dailymotion,x3tgs5s,FilmBox Channel,1415104,1718
2026-08-06,Dailymotion,x3tgtae,Easy Shorts,640839,916
2026-08-06,Dailymotion,x3tgrnq,ReelShort Drama Shorts,1758917,5247
2026-08-06,Dailymotion,x4c7r9u,love-shortdrama,110,0
2026-08-06,Dailymotion,x4c7ro4,babygirllovesshortdrama,68,0
2026-08-06,Dailymotion,x4c7sre,dailyshortdrama,35,0
2026-08-06,Dailymotion,x4c7qhk,drama lover girl,0,0
2026-08-06,Dailymotion,x4g6uv8,ReelShort Story Shorts,5489,67
2026-08-06,Dailymotion,x4g735i,ReelShort Movie Shorts,368667,977
2026-08-06,Dailymotion,x4kmjg6,Daily Reelshort,1491,29
2026-08-06,Dailymotion,x4k7s0s,ReelShort_GlancePlay,73,8
2026-08-06,Dailymotion,x4j6cxg,Camara Romance Shorts,0,18
2026-08-06,Dailymotion,x4klm7q,ReelShort Romance Shows,173609,836
2026-08-06,Dailymotion,x4klqy0,ReelShort Hot Drama Hub,964843,2771
2026-08-06,Dailymotion,x4kpgc4,Reelshort First Love Shorts,0,19
2026-08-06,Dailymotion,x4jaytw,Reel Romance Swipe,92540,298
2026-08-06,Dailymotion,x4ks0k4,Reel Raw Vibe,141564,223
2026-08-06,Dailymotion,x4ks4yi,ReelShort Spicy Shorts,0,21
2026-08-06,Dailymotion,x4krkfk,ReelShort Intense Stories,6149,85
2026-08-06,Dailymotion,x4ko26y,ReelShort Drama Collection,286941,1668
2026-08-06,Dailymotion,x4oad9u,ReelShort Drama Spotlight,962376,1747
2026-08-06,Dailymotion,x4ksw2e,DramaMagic,138917,252
2026-08-06,Dailymotion,x4kt5f6,Drama Reels,181638,1885
2026-08-06,Dailymotion,x4ku6nw,ReelShort Drama Studio,598127,1721
2026-08-06,Dailymotion,x4kvw02,Ugoeze ReelShort Drama,98,12
2026-08-06,Dailymotion,x4kj6r0,ReelShort TV,595960,2069
2026-08-06,Dailymotion,x3xvhc6,ReelShort Romance Videos,451128,1604
2026-08-06,Dailymotion,x4kfmg6,ReelShort Drama Movies,11929,669
2026-08-07,YouTube,UCAkSxwl8Lbk2hBXAAfsEFTA,Victor Drama,1941501,6130
2026-08-07,YouTube,UCctSzoeee7KCnR84dZ6IO7w,Maple Playhouse,476818,2090
2026-08-07,YouTube,UC82nFsZOjs5Tr96upPPq9Ww,Spur Reels,1485777,5210
2026-08-07,YouTube,UCnwjt6PgkKuZC4S1A0yTOFQ,DramaWithBestie,4769858,16000
2026-08-07,YouTube,UCHONLLEtQ4f9yoqa1BWlhSg,QuickFixDrama,3345046,4590
2026-08-07,YouTube,UC8Fm-ogvMehvbgF0BJjKiuQ,DramaFeverTV,405938,1300
2026-08-07,YouTube,UCxfDVRNK6SoN59v_t3ZJ33A,dramabook,2712664,9340
2026-08-07,YouTube,UCdtOFTQ1GVPKzvOYsi1ApIw,Pocket Movie,2217115,7200
2026-08-07,YouTube,UCSlOhfr5f-RPRP50yRri1uA,Pocket Story,1131322,3160
2026-08-07,YouTube,UC2IjY1Gm6b7pYp-vMJ2R9ig,SceneClip,7150113,22400
2026-08-07,YouTube,UC77WdDKy6cbCxZkC46eaudA,Drama addict,4754716,12600
2026-08-07,YouTube,UChhBhc7qJ42rgzAIPe9z6Cg,LittleDrama,1579614,4840
2026-08-07,YouTube,UC80LfoIH6FrzHTm6lXTWCKQ,DramaStory,2352032,8600
2026-08-07,YouTube,UC49-b-BhbYoG54YNkwmzg8w,HotReel,99503,621
2026-08-07,YouTube,UCIg97fCjw1HnS8vPqwiHLGA,Drama Nook,7855653,20500
2026-08-07,YouTube,UCm3RYOItKT_P0-oRCkkSMZw,The Drama Club,6608709,22800
2026-08-07,YouTube,UCL_RZ1IidYQkVQxfimfnPSQ,This Plot Got Me,5189841,10900
2026-08-07,YouTube,UCMGKZD9ggu_Pfo4dkL47cXQ,Dreamy Drama TV,2766140,7630
2026-08-07,YouTube,UCEFB0gMdnD1NyiZaedHg2hQ,HeyDramaTV,2336435,8060
2026-08-07,YouTube,UC0GVHmLgrxE2SS8F0C19JVg,Pocket Swoon,4391676,10400
2026-08-07,YouTube,UCZem4a64VnhfA4CBw9vM2bg,Swoon Bites,10331838,17600
2026-08-07,YouTube,UCxxl4xdZZqRSSz2VfnFBhwA,DramaBitesTV,3579058,30500
2026-08-07,YouTube,UCsbnInDepLdq6o781WVZ-5g,Dark Swoon,2568401,7870
2026-08-07,YouTube,UCf3lAEw_WPtcgHMUVAunzSw,Pocket Crush,4631802,13400
2026-08-07,YouTube,UCk2O5vfW3c_W5YWQ_BoD1Ug,Drama Found Me,44876736,94400
2026-08-07,YouTube,UCP4STX85lq_fpEtvQcq_5fw,I Found This Drama,11419668,34700
2026-08-07,YouTube,UCeVTtB1kN607CxFrFkiqjgQ,HeartSnap,693234,2160
2026-08-07,YouTube,UC3WZLJlwYaCEurdUywF8ibg,Drama In My Head,1358969,5930
2026-08-07,YouTube,UCbnCFV5_c-nGiEQN1anEO5A,HeartDrama Reels,217923,3550
2026-08-07,YouTube,UCxhHKduxLRNAOC_GUHPPf1Q,Drama Ray,1122685,4460
2026-08-07,YouTube,UCT7ZxKrKqxBvAODr8h_ODkA,Lilith Drama,1340785,5540
2026-08-07,YouTube,UCx08xHWVSQIiujaTJb8HWYg,Drama short,5933,77
2026-08-07,YouTube,UC8gDq5ENmiVuJZIVsiZbQ8g,Heartloop,41200,241
2026-08-07,YouTube,UC01rTYtA_UsuZ5wzxnyHFcg,Triangle Theater,450132,2240
2026-08-07,YouTube,UCvfQU0Npb-ve-LxUlaAN1GA,Pocket Short,320626,1060
2026-08-07,YouTube,UCc-V01UlW1n8eGLpATLA5gw,JayReels ,562579,2130
2026-08-07,Dailymotion,x3tfxr4,ReelShort Romance Shorts,1427917,4601
2026-08-07,Dailymotion,x3tgq5g,The Rabbit Hole TV,644898,1474
2026-08-07,Dailymotion,x3tgqdc,ReelShort Drama Bombshell,478607,1189
2026-08-07,Dailymotion,x3tgqpa,Reel Short Flick Frenzy,129419,461
2026-08-07,Dailymotion,x3tgrdw,Reel Drama Dose,514239,1631
2026-08-07,Dailymotion,x45tgp8,ReelShort English Shorts,66175,1500
2026-08-07,Dailymotion,x45tkva,ReelShort Fantasy Shorts,961886,2460
2026-08-07,Dailymotion,x45tobw,ReelShort Sweet Shorts,64720,229
2026-08-07,Dailymotion,x4c7qxk,ReelShortDaily,103,17
2026-08-07,Dailymotion,x4c7saw,ReelShort_Drama_Hub,53,14
2026-08-07,Dailymotion,x4c7srk,ReelShort_Drama_Show,35,5
2026-08-07,Dailymotion,x4c7syo,ReelShort_Drama_Buzz,4,7
2026-08-07,Dailymotion,x4c7t3q,ReelShort_Drama_Clips,3,7
2026-08-07,Dailymotion,x3tgots,ReelShort Love Shorts,1006641,1996
2026-08-07,Dailymotion,x3tgs5s,FilmBox Channel,1455315,1743
2026-08-07,Dailymotion,x3tgtae,Easy Shorts,646140,918
2026-08-07,Dailymotion,x3tgrnq,ReelShort Drama Shorts,1768774,5291
2026-08-07,Dailymotion,x4c7r9u,love-shortdrama,111,0
2026-08-07,Dailymotion,x4c7ro4,babygirllovesshortdrama,68,0
2026-08-07,Dailymotion,x4c7sre,dailyshortdrama,35,0
2026-08-07,Dailymotion,x4c7qhk,drama lover girl,0,0
2026-08-07,Dailymotion,x4g6uv8,ReelShort Story Shorts,5540,69
2026-08-07,Dailymotion,x4g735i,ReelShort Movie Shorts,376509,979
2026-08-07,Dailymotion,x4kmjg6,Daily Reelshort,1491,29
2026-08-07,Dailymotion,x4k7s0s,ReelShort_GlancePlay,73,8
2026-08-07,Dailymotion,x4j6cxg,Camara Romance Shorts,0,18
2026-08-07,Dailymotion,x4klm7q,ReelShort Romance Shows,189278,876
2026-08-07,Dailymotion,x4klqy0,ReelShort Hot Drama Hub,974034,2809
2026-08-07,Dailymotion,x4kpgc4,Reelshort First Love Shorts,0,19
2026-08-07,Dailymotion,x4jaytw,Reel Romance Swipe,93708,299
2026-08-07,Dailymotion,x4ks0k4,Reel Raw Vibe,142691,226
2026-08-07,Dailymotion,x4ks4yi,ReelShort Spicy Shorts,0,21
2026-08-07,Dailymotion,x4krkfk,ReelShort Intense Stories,6205,86
2026-08-07,Dailymotion,x4ko26y,ReelShort Drama Collection,300497,1713
2026-08-07,Dailymotion,x4oad9u,ReelShort Drama Spotlight,982494,1808
2026-08-07,Dailymotion,x4ksw2e,DramaMagic,149213,276
2026-08-07,Dailymotion,x4kt5f6,Drama Reels,182187,1903
2026-08-07,Dailymotion,x4ku6nw,ReelShort Drama Studio,605866,1757
2026-08-07,Dailymotion,x4kvw02,Ugoeze ReelShort Drama,98,12
2026-08-07,Dailymotion,x4kj6r0,ReelShort TV,611892,2108
2026-08-07,Dailymotion,x3xvhc6,ReelShort Romance Videos,452934,1610
2026-08-07,Dailymotion,x4kfmg6,ReelShort Drama Movies,12298,676
2026-08-08,YouTube,UCAkSxwl8Lbk2hBXAAfsEFTA,Victor Drama,1960909,6210
2026-08-08,YouTube,UCctSzoeee7KCnR84dZ6IO7w,Maple Playhouse,477944,2100
2026-08-08,YouTube,UC82nFsZOjs5Tr96upPPq9Ww,Spur Reels,1521917,5300
2026-08-08,YouTube,UCnwjt6PgkKuZC4S1A0yTOFQ,DramaWithBestie,4800853,16100
2026-08-08,YouTube,UCHONLLEtQ4f9yoqa1BWlhSg,QuickFixDrama,3348252,4610
2026-08-08,YouTube,UC8Fm-ogvMehvbgF0BJjKiuQ,DramaFeverTV,406651,1300
2026-08-08,YouTube,UCxfDVRNK6SoN59v_t3ZJ33A,dramabook,2735404,9400
2026-08-08,YouTube,UCdtOFTQ1GVPKzvOYsi1ApIw,Pocket Movie,2246970,7300
2026-08-08,YouTube,UCSlOhfr5f-RPRP50yRri1uA,Pocket Story,1205013,3290
2026-08-08,YouTube,UC2IjY1Gm6b7pYp-vMJ2R9ig,SceneClip,7185479,22500
2026-08-08,YouTube,UC77WdDKy6cbCxZkC46eaudA,Drama addict,4783550,12700
2026-08-08,YouTube,UChhBhc7qJ42rgzAIPe9z6Cg,LittleDrama,1580984,4860
2026-08-08,YouTube,UC80LfoIH6FrzHTm6lXTWCKQ,DramaStory,2364555,8630
2026-08-08,YouTube,UC49-b-BhbYoG54YNkwmzg8w,HotReel,104621,645
2026-08-08,YouTube,UCIg97fCjw1HnS8vPqwiHLGA,Drama Nook,7862325,20500
2026-08-08,YouTube,UCm3RYOItKT_P0-oRCkkSMZw,The Drama Club,6643702,22900
2026-08-08,YouTube,UCL_RZ1IidYQkVQxfimfnPSQ,This Plot Got Me,5224661,10900
2026-08-08,YouTube,UCMGKZD9ggu_Pfo4dkL47cXQ,Dreamy Drama TV,2821987,7760
2026-08-08,YouTube,UCEFB0gMdnD1NyiZaedHg2hQ,HeyDramaTV,2392877,8250
2026-08-08,YouTube,UC0GVHmLgrxE2SS8F0C19JVg,Pocket Swoon,4415304,10500
2026-08-08,YouTube,UCZem4a64VnhfA4CBw9vM2bg,Swoon Bites,10443563,17700
2026-08-08,YouTube,UCxxl4xdZZqRSSz2VfnFBhwA,DramaBitesTV,3587268,30500
2026-08-08,YouTube,UCsbnInDepLdq6o781WVZ-5g,Dark Swoon,2580362,7920
2026-08-08,YouTube,UCf3lAEw_WPtcgHMUVAunzSw,Pocket Crush,4636166,13400
2026-08-08,YouTube,UCk2O5vfW3c_W5YWQ_BoD1Ug,Drama Found Me,45191258,95000
2026-08-08,YouTube,UCP4STX85lq_fpEtvQcq_5fw,I Found This Drama,11432295,34800
2026-08-08,YouTube,UCeVTtB1kN607CxFrFkiqjgQ,HeartSnap,696478,2170
2026-08-08,YouTube,UC3WZLJlwYaCEurdUywF8ibg,Drama In My Head,1364100,5960
2026-08-08,YouTube,UCbnCFV5_c-nGiEQN1anEO5A,HeartDrama Reels,218071,3580
2026-08-08,YouTube,UCxhHKduxLRNAOC_GUHPPf1Q,Drama Ray,1194408,4520
2026-08-08,YouTube,UCT7ZxKrKqxBvAODr8h_ODkA,Lilith Drama,1434955,5750
2026-08-08,YouTube,UCx08xHWVSQIiujaTJb8HWYg,Drama short,7275,81
2026-08-08,YouTube,UC8gDq5ENmiVuJZIVsiZbQ8g,Heartloop,46936,261
2026-08-08,YouTube,UC01rTYtA_UsuZ5wzxnyHFcg,Triangle Theater,464637,2280
2026-08-08,YouTube,UCvfQU0Npb-ve-LxUlaAN1GA,Pocket Short,244923,1080
2026-08-08,YouTube,UCc-V01UlW1n8eGLpATLA5gw,JayReels ,598863,2280
2026-08-08,Dailymotion,x3tfxr4,ReelShort Romance Shorts,1429780,4611
2026-08-08,Dailymotion,x3tgq5g,The Rabbit Hole TV,648264,1477
2026-08-08,Dailymotion,x3tgqdc,ReelShort Drama Bombshell,484050,1198
2026-08-08,Dailymotion,x3tgqpa,Reel Short Flick Frenzy,129700,463
2026-08-08,Dailymotion,x3tgrdw,Reel Drama Dose,515889,1639
2026-08-08,Dailymotion,x45tgp8,ReelShort English Shorts,67313,1504
2026-08-08,Dailymotion,x45tkva,ReelShort Fantasy Shorts,963901,2464
2026-08-08,Dailymotion,x45tobw,ReelShort Sweet Shorts,68459,231
2026-08-08,Dailymotion,x4c7qxk,ReelShortDaily,103,17
2026-08-08,Dailymotion,x4c7saw,ReelShort_Drama_Hub,53,14
2026-08-08,Dailymotion,x4c7srk,ReelShort_Drama_Show,35,5
2026-08-08,Dailymotion,x4c7syo,ReelShort_Drama_Buzz,4,7
2026-08-08,Dailymotion,x4c7t3q,ReelShort_Drama_Clips,3,7
2026-08-08,Dailymotion,x3tgots,ReelShort Love Shorts,1016038,2004
2026-08-08,Dailymotion,x3tgs5s,FilmBox Channel,1465962,1760
2026-08-08,Dailymotion,x3tgtae,Easy Shorts,650385,921
2026-08-08,Dailymotion,x3tgrnq,ReelShort Drama Shorts,1775333,5327
2026-08-08,Dailymotion,x4c7r9u,love-shortdrama,111,0
2026-08-08,Dailymotion,x4c7ro4,babygirllovesshortdrama,68,0
2026-08-08,Dailymotion,x4c7sre,dailyshortdrama,35,0
2026-08-08,Dailymotion,x4c7qhk,drama lover girl,0,0
2026-08-08,Dailymotion,x4g6uv8,ReelShort Story Shorts,5697,71
2026-08-08,Dailymotion,x4g735i,ReelShort Movie Shorts,379781,987
2026-08-08,Dailymotion,x4kmjg6,Daily Reelshort,1491,29
2026-08-08,Dailymotion,x4k7s0s,ReelShort_GlancePlay,73,8
2026-08-08,Dailymotion,x4j6cxg,Camara Romance Shorts,0,18
2026-08-08,Dailymotion,x4klm7q,ReelShort Romance Shows,197017,909
2026-08-08,Dailymotion,x4klqy0,ReelShort Hot Drama Hub,978836,2818
2026-08-08,Dailymotion,x4kpgc4,Reelshort First Love Shorts,0,19
2026-08-08,Dailymotion,x4jaytw,Reel Romance Swipe,94436,300
2026-08-08,Dailymotion,x4ks0k4,Reel Raw Vibe,143401,227
2026-08-08,Dailymotion,x4ks4yi,ReelShort Spicy Shorts,0,21
2026-08-08,Dailymotion,x4krkfk,ReelShort Intense Stories,6233,86
2026-08-08,Dailymotion,x4ko26y,ReelShort Drama Collection,309705,1734
2026-08-08,Dailymotion,x4oad9u,ReelShort Drama Spotlight,994755,1841
2026-08-08,Dailymotion,x4ksw2e,DramaMagic,153350,277
2026-08-08,Dailymotion,x4kt5f6,Drama Reels,182599,1914
2026-08-08,Dailymotion,x4ku6nw,ReelShort Drama Studio,612619,1779
2026-08-08,Dailymotion,x4kvw02,Ugoeze ReelShort Drama,98,12
2026-08-08,Dailymotion,x4kj6r0,ReelShort TV,622253,2125
2026-08-08,Dailymotion,x3xvhc6,ReelShort Romance Videos,454194,1614
2026-08-08,Dailymotion,x4kfmg6,ReelShort Drama Movies,12511,683
2026-08-09,YouTube,UCAkSxwl8Lbk2hBXAAfsEFTA,Victor Drama,1981943,6290
2026-08-09,YouTube,UCctSzoeee7KCnR84dZ6IO7w,Maple Playhouse,479303,2100
2026-08-09,YouTube,UC82nFsZOjs5Tr96upPPq9Ww,Spur Reels,1555206,5390
2026-08-09,YouTube,UCnwjt6PgkKuZC4S1A0yTOFQ,DramaWithBestie,4834615,16200
2026-08-09,YouTube,UCHONLLEtQ4f9yoqa1BWlhSg,QuickFixDrama,3352812,4630
2026-08-09,YouTube,UC8Fm-ogvMehvbgF0BJjKiuQ,DramaFeverTV,407197,1300
2026-08-09,YouTube,UCxfDVRNK6SoN59v_t3ZJ33A,dramabook,2760757,9470
2026-08-09,YouTube,UCdtOFTQ1GVPKzvOYsi1ApIw,Pocket Movie,2275281,7410
2026-08-09,YouTube,UCSlOhfr5f-RPRP50yRri1uA,Pocket Story,1281816,3450
2026-08-09,YouTube,UC2IjY1Gm6b7pYp-vMJ2R9ig,SceneClip,7228980,22600
2026-08-09,YouTube,UC77WdDKy6cbCxZkC46eaudA,Drama addict,4820910,12900
2026-08-09,YouTube,UChhBhc7qJ42rgzAIPe9z6Cg,LittleDrama,1582647,4870
2026-08-09,YouTube,UC80LfoIH6FrzHTm6lXTWCKQ,DramaStory,2378535,8670
2026-08-09,YouTube,UC49-b-BhbYoG54YNkwmzg8w,HotReel,113512,683
2026-08-09,YouTube,UCIg97fCjw1HnS8vPqwiHLGA,Drama Nook,7869838,20500
2026-08-09,YouTube,UCm3RYOItKT_P0-oRCkkSMZw,The Drama Club,6687801,23100
2026-08-09,YouTube,UCL_RZ1IidYQkVQxfimfnPSQ,This Plot Got Me,5241364,10900
2026-08-09,YouTube,UCMGKZD9ggu_Pfo4dkL47cXQ,Dreamy Drama TV,2886198,7920
2026-08-09,YouTube,UCEFB0gMdnD1NyiZaedHg2hQ,HeyDramaTV,2475365,8420
2026-08-09,YouTube,UC0GVHmLgrxE2SS8F0C19JVg,Pocket Swoon,4438729,10500
2026-08-09,YouTube,UCZem4a64VnhfA4CBw9vM2bg,Swoon Bites,10584190,17800
2026-08-09,YouTube,UCxxl4xdZZqRSSz2VfnFBhwA,DramaBitesTV,3596191,30600
2026-08-09,YouTube,UCsbnInDepLdq6o781WVZ-5g,Dark Swoon,2599547,7980
2026-08-09,YouTube,UCf3lAEw_WPtcgHMUVAunzSw,Pocket Crush,4653341,13400
2026-08-09,YouTube,UCk2O5vfW3c_W5YWQ_BoD1Ug,Drama Found Me,45751703,95600
2026-08-09,YouTube,UCP4STX85lq_fpEtvQcq_5fw,I Found This Drama,11449115,34800
2026-08-09,YouTube,UCeVTtB1kN607CxFrFkiqjgQ,HeartSnap,699048,2180
2026-08-09,YouTube,UC3WZLJlwYaCEurdUywF8ibg,Drama In My Head,1370348,5990
2026-08-09,YouTube,UCbnCFV5_c-nGiEQN1anEO5A,HeartDrama Reels,218216,3610
2026-08-09,YouTube,UCxhHKduxLRNAOC_GUHPPf1Q,Drama Ray,1223732,4590
2026-08-09,YouTube,UCT7ZxKrKqxBvAODr8h_ODkA,Lilith Drama,1513260,5950
2026-08-09,YouTube,UCx08xHWVSQIiujaTJb8HWYg,Drama short,10310,89
2026-08-09,YouTube,UC8gDq5ENmiVuJZIVsiZbQ8g,Heartloop,53038,284
2026-08-09,YouTube,UC01rTYtA_UsuZ5wzxnyHFcg,Triangle Theater,479898,2380
2026-08-09,YouTube,UCvfQU0Npb-ve-LxUlaAN1GA,Pocket Short,252628,1100
2026-08-09,YouTube,UCc-V01UlW1n8eGLpATLA5gw,JayReels ,640367,2430
2026-08-09,Dailymotion,x3tfxr4,ReelShort Romance Shorts,1431954,4625
2026-08-09,Dailymotion,x3tgq5g,The Rabbit Hole TV,651394,1480
2026-08-09,Dailymotion,x3tgqdc,ReelShort Drama Bombshell,490196,1217
2026-08-09,Dailymotion,x3tgqpa,Reel Short Flick Frenzy,129989,465
2026-08-09,Dailymotion,x3tgrdw,Reel Drama Dose,517368,1648
2026-08-09,Dailymotion,x45tgp8,ReelShort English Shorts,68238,1511
2026-08-09,Dailymotion,x45tkva,ReelShort Fantasy Shorts,965679,2472
2026-08-09,Dailymotion,x45tobw,ReelShort Sweet Shorts,69516,236
2026-08-09,Dailymotion,x4c7qxk,ReelShortDaily,103,18
2026-08-09,Dailymotion,x4c7saw,ReelShort_Drama_Hub,53,14
2026-08-09,Dailymotion,x4c7srk,ReelShort_Drama_Show,35,5
2026-08-09,Dailymotion,x4c7syo,ReelShort_Drama_Buzz,4,7
2026-08-09,Dailymotion,x4c7t3q,ReelShort_Drama_Clips,3,7
2026-08-09,Dailymotion,x3tgots,ReelShort Love Shorts,1030964,2028
2026-08-09,Dailymotion,x3tgs5s,FilmBox Channel,1473491,1771
2026-08-09,Dailymotion,x3tgtae,Easy Shorts,654554,926
2026-08-09,Dailymotion,x3tgrnq,ReelShort Drama Shorts,1782300,5384
2026-08-09,Dailymotion,x4c7r9u,love-shortdrama,113,0
2026-08-09,Dailymotion,x4c7ro4,babygirllovesshortdrama,68,0
2026-08-09,Dailymotion,x4c7sre,dailyshortdrama,36,0
2026-08-09,Dailymotion,x4c7qhk,drama lover girl,0,0
2026-08-09,Dailymotion,x4g6uv8,ReelShort Story Shorts,5750,76
2026-08-09,Dailymotion,x4g735i,ReelShort Movie Shorts,382913,992
2026-08-09,Dailymotion,x4kmjg6,Daily Reelshort,1492,28
2026-08-09,Dailymotion,x4k7s0s,ReelShort_GlancePlay,75,8
2026-08-09,Dailymotion,x4j6cxg,Camara Romance Shorts,0,18
2026-08-09,Dailymotion,x4klm7q,ReelShort Romance Shows,204691,940
2026-08-09,Dailymotion,x4klqy0,ReelShort Hot Drama Hub,983021,2828
2026-08-09,Dailymotion,x4kpgc4,Reelshort First Love Shorts,0,19
2026-08-09,Dailymotion,x4jaytw,Reel Romance Swipe,95372,303
2026-08-09,Dailymotion,x4ks0k4,Reel Raw Vibe,144075,229
2026-08-09,Dailymotion,x4ks4yi,ReelShort Spicy Shorts,0,22
2026-08-09,Dailymotion,x4krkfk,ReelShort Intense Stories,6267,87
2026-08-09,Dailymotion,x4ko26y,ReelShort Drama Collection,322717,1776
2026-08-09,Dailymotion,x4oad9u,ReelShort Drama Spotlight,1005727,1870
2026-08-09,Dailymotion,x4ksw2e,DramaMagic,156942,284
2026-08-09,Dailymotion,x4kt5f6,Drama Reels,182934,1922
2026-08-09,Dailymotion,x4ku6nw,ReelShort Drama Studio,619552,1816
2026-08-09,Dailymotion,x4kvw02,Ugoeze ReelShort Drama,98,12
2026-08-09,Dailymotion,x4kj6r0,ReelShort TV,633322,2144
2026-08-09,Dailymotion,x3xvhc6,ReelShort Romance Videos,455397,1623
2026-08-09,Dailymotion,x4kfmg6,ReelShort Drama Movies,12731,690
2026-08-10,YouTube,UCAkSxwl8Lbk2hBXAAfsEFTA,Victor Drama,1999100,6350
2026-08-10,YouTube,UCctSzoeee7KCnR84dZ6IO7w,Maple Playhouse,480404,2100
2026-08-10,YouTube,UC82nFsZOjs5Tr96upPPq9Ww,Spur Reels,1582390,5500
2026-08-10,YouTube,UCnwjt6PgkKuZC4S1A0yTOFQ,DramaWithBestie,4863797,16300
2026-08-10,YouTube,UCHONLLEtQ4f9yoqa1BWlhSg,QuickFixDrama,3357564,4650
2026-08-10,YouTube,UC8Fm-ogvMehvbgF0BJjKiuQ,DramaFeverTV,407360,1300
2026-08-10,YouTube,UCxfDVRNK6SoN59v_t3ZJ33A,dramabook,2780420,9540
2026-08-10,YouTube,UCdtOFTQ1GVPKzvOYsi1ApIw,Pocket Movie,2303588,7520
2026-08-10,YouTube,UCSlOhfr5f-RPRP50yRri1uA,Pocket Story,1364655,3570
2026-08-10,YouTube,UC2IjY1Gm6b7pYp-vMJ2R9ig,SceneClip,7272908,22700
2026-08-10,YouTube,UC77WdDKy6cbCxZkC46eaudA,Drama addict,4856365,13000
2026-08-10,YouTube,UChhBhc7qJ42rgzAIPe9z6Cg,LittleDrama,1584634,4890
2026-08-10,YouTube,UC80LfoIH6FrzHTm6lXTWCKQ,DramaStory,2389375,8700
2026-08-10,YouTube,UC49-b-BhbYoG54YNkwmzg8w,HotReel,122734,731
2026-08-10,YouTube,UCIg97fCjw1HnS8vPqwiHLGA,Drama Nook,7878112,20600
2026-08-10,YouTube,UCm3RYOItKT_P0-oRCkkSMZw,The Drama Club,6730468,23300
2026-08-10,YouTube,UCL_RZ1IidYQkVQxfimfnPSQ,This Plot Got Me,5256130,11000
2026-08-10,YouTube,UCMGKZD9ggu_Pfo4dkL47cXQ,Dreamy Drama TV,2936057,8090
2026-08-10,YouTube,UCEFB0gMdnD1NyiZaedHg2hQ,HeyDramaTV,2538733,8630
2026-08-10,YouTube,UC0GVHmLgrxE2SS8F0C19JVg,Pocket Swoon,4460039,10600
2026-08-10,YouTube,UCZem4a64VnhfA4CBw9vM2bg,Swoon Bites,10720362,17900
2026-08-10,YouTube,UCxxl4xdZZqRSSz2VfnFBhwA,DramaBitesTV,3603702,30600
2026-08-10,YouTube,UCsbnInDepLdq6o781WVZ-5g,Dark Swoon,2621748,8060
2026-08-10,YouTube,UCf3lAEw_WPtcgHMUVAunzSw,Pocket Crush,4671900,13400
2026-08-10,YouTube,UCk2O5vfW3c_W5YWQ_BoD1Ug,Drama Found Me,46194398,96000
2026-08-10,YouTube,UCP4STX85lq_fpEtvQcq_5fw,I Found This Drama,11464829,34900
2026-08-10,YouTube,UCeVTtB1kN607CxFrFkiqjgQ,HeartSnap,701129,2190
2026-08-10,YouTube,UC3WZLJlwYaCEurdUywF8ibg,Drama In My Head,1376175,6020
2026-08-10,YouTube,UCbnCFV5_c-nGiEQN1anEO5A,HeartDrama Reels,218367,3660
2026-08-10,YouTube,UCxhHKduxLRNAOC_GUHPPf1Q,Drama Ray,1249359,4650
2026-08-10,YouTube,UCT7ZxKrKqxBvAODr8h_ODkA,Lilith Drama,1570476,6170
2026-08-10,YouTube,UCx08xHWVSQIiujaTJb8HWYg,Drama short,14065,101
2026-08-10,YouTube,UC8gDq5ENmiVuJZIVsiZbQ8g,Heartloop,59140,318
2026-08-10,YouTube,UC01rTYtA_UsuZ5wzxnyHFcg,Triangle Theater,496147,2450
2026-08-10,YouTube,UCvfQU0Npb-ve-LxUlaAN1GA,Pocket Short,258868,1130
2026-08-10,YouTube,UCc-V01UlW1n8eGLpATLA5gw,JayReels ,670720,2560
2026-08-10,Dailymotion,x3tfxr4,ReelShort Romance Shorts,1434167,4640
2026-08-10,Dailymotion,x3tgq5g,The Rabbit Hole TV,654578,1485
2026-08-10,Dailymotion,x3tgqdc,ReelShort Drama Bombshell,496799,1228
2026-08-10,Dailymotion,x3tgqpa,Reel Short Flick Frenzy,130267,468
2026-08-10,Dailymotion,x3tgrdw,Reel Drama Dose,518625,1656
2026-08-10,Dailymotion,x45tgp8,ReelShort English Shorts,69075,1519
2026-08-10,Dailymotion,x45tkva,ReelShort Fantasy Shorts,967759,2478
2026-08-10,Dailymotion,x45tobw,ReelShort Sweet Shorts,70603,240
2026-08-10,Dailymotion,x4c7qxk,ReelShortDaily,103,18
2026-08-10,Dailymotion,x4c7saw,ReelShort_Drama_Hub,53,14
2026-08-10,Dailymotion,x4c7srk,ReelShort_Drama_Show,35,5
2026-08-10,Dailymotion,x4c7syo,ReelShort_Drama_Buzz,4,7
2026-08-10,Dailymotion,x4c7t3q,ReelShort_Drama_Clips,3,7
2026-08-10,Dailymotion,x3tgots,ReelShort Love Shorts,1042200,2054
2026-08-10,Dailymotion,x3tgs5s,FilmBox Channel,1481587,1787
2026-08-10,Dailymotion,x3tgtae,Easy Shorts,658084,930
2026-08-10,Dailymotion,x3tgrnq,ReelShort Drama Shorts,1788938,5425
2026-08-10,Dailymotion,x4c7r9u,love-shortdrama,113,0
2026-08-10,Dailymotion,x4c7ro4,babygirllovesshortdrama,68,0
2026-08-10,Dailymotion,x4c7sre,dailyshortdrama,40,0
2026-08-10,Dailymotion,x4c7qhk,drama lover girl,0,0
2026-08-10,Dailymotion,x4g6uv8,ReelShort Story Shorts,5776,76
2026-08-10,Dailymotion,x4g735i,ReelShort Movie Shorts,385583,1005
2026-08-10,Dailymotion,x4kmjg6,Daily Reelshort,1493,28
2026-08-10,Dailymotion,x4k7s0s,ReelShort_GlancePlay,75,8
2026-08-10,Dailymotion,x4j6cxg,Camara Romance Shorts,0,19
2026-08-10,Dailymotion,x4klm7q,ReelShort Romance Shows,212710,963
2026-08-10,Dailymotion,x4klqy0,ReelShort Hot Drama Hub,987653,2835
2026-08-10,Dailymotion,x4kpgc4,Reelshort First Love Shorts,0,20
2026-08-10,Dailymotion,x4jaytw,Reel Romance Swipe,96358,305
2026-08-10,Dailymotion,x4ks0k4,Reel Raw Vibe,144668,230
2026-08-10,Dailymotion,x4ks4yi,ReelShort Spicy Shorts,0,23
2026-08-10,Dailymotion,x4krkfk,ReelShort Intense Stories,6288,89
2026-08-10,Dailymotion,x4ko26y,ReelShort Drama Collection,341866,1816
2026-08-10,Dailymotion,x4oad9u,ReelShort Drama Spotlight,1015644,1896
2026-08-10,Dailymotion,x4ksw2e,DramaMagic,159855,295
2026-08-10,Dailymotion,x4kt5f6,Drama Reels,183297,1937
2026-08-10,Dailymotion,x4ku6nw,ReelShort Drama Studio,625717,1850
2026-08-10,Dailymotion,x4kvw02,Ugoeze ReelShort Drama,98,12
2026-08-10,Dailymotion,x4kj6r0,ReelShort TV,643316,2173
2026-08-10,Dailymotion,x3xvhc6,ReelShort Romance Videos,456465,1628
2026-08-10,Dailymotion,x4kfmg6,ReelShort Drama Movies,12958,697
2026-08-11,YouTube,UCAkSxwl8Lbk2hBXAAfsEFTA,Victor Drama,2017733,6420
2026-08-11,YouTube,UCctSzoeee7KCnR84dZ6IO7w,Maple Playhouse,481492,2110
2026-08-11,YouTube,UC82nFsZOjs5Tr96upPPq9Ww,Spur Reels,1608091,5580
2026-08-11,YouTube,UCnwjt6PgkKuZC4S1A0yTOFQ,DramaWithBestie,4893013,16400
2026-08-11,YouTube,UCHONLLEtQ4f9yoqa1BWlhSg,QuickFixDrama,3361334,4660
2026-08-11,YouTube,UC8Fm-ogvMehvbgF0BJjKiuQ,DramaFeverTV,407560,1300
2026-08-11,YouTube,UCxfDVRNK6SoN59v_t3ZJ33A,dramabook,2806772,9610
2026-08-11,YouTube,UCdtOFTQ1GVPKzvOYsi1ApIw,Pocket Movie,2327904,7630
2026-08-11,YouTube,UCSlOhfr5f-RPRP50yRri1uA,Pocket Story,1436724,3680
2026-08-11,YouTube,UC2IjY1Gm6b7pYp-vMJ2R9ig,SceneClip,7326622,22800
2026-08-11,YouTube,UC77WdDKy6cbCxZkC46eaudA,Drama addict,4897970,13100
2026-08-11,YouTube,UChhBhc7qJ42rgzAIPe9z6Cg,LittleDrama,1586721,4900
2026-08-11,YouTube,UC80LfoIH6FrzHTm6lXTWCKQ,DramaStory,2406191,8750
2026-08-11,YouTube,UC49-b-BhbYoG54YNkwmzg8w,HotReel,132358,753
2026-08-11,YouTube,UCIg97fCjw1HnS8vPqwiHLGA,Drama Nook,7891064,20700
2026-08-11,YouTube,UCm3RYOItKT_P0-oRCkkSMZw,The Drama Club,6786057,23500
2026-08-11,YouTube,UCL_RZ1IidYQkVQxfimfnPSQ,This Plot Got Me,5274277,11000
2026-08-11,YouTube,UCMGKZD9ggu_Pfo4dkL47cXQ,Dreamy Drama TV,2987908,8270
2026-08-11,YouTube,UCEFB0gMdnD1NyiZaedHg2hQ,HeyDramaTV,2609866,8830
2026-08-11,YouTube,UC0GVHmLgrxE2SS8F0C19JVg,Pocket Swoon,4484187,10600
2026-08-11,YouTube,UCZem4a64VnhfA4CBw9vM2bg,Swoon Bites,10898049,18000
2026-08-11,YouTube,UCxxl4xdZZqRSSz2VfnFBhwA,DramaBitesTV,3618484,30600
2026-08-11,YouTube,UCsbnInDepLdq6o781WVZ-5g,Dark Swoon,2647243,8130
2026-08-11,YouTube,UCf3lAEw_WPtcgHMUVAunzSw,Pocket Crush,4681017,13500
2026-08-11,YouTube,UCk2O5vfW3c_W5YWQ_BoD1Ug,Drama Found Me,46432173,96300
2026-08-11,YouTube,UCP4STX85lq_fpEtvQcq_5fw,I Found This Drama,11484172,35000
2026-08-11,YouTube,UCeVTtB1kN607CxFrFkiqjgQ,HeartSnap,712560,2230
2026-08-11,YouTube,UC3WZLJlwYaCEurdUywF8ibg,Drama In My Head,1382941,6050
2026-08-11,YouTube,UCbnCFV5_c-nGiEQN1anEO5A,HeartDrama Reels,218827,3700
2026-08-11,YouTube,UCxhHKduxLRNAOC_GUHPPf1Q,Drama Ray,1152749,4710
2026-08-11,YouTube,UCT7ZxKrKqxBvAODr8h_ODkA,Lilith Drama,1640932,6380
2026-08-11,YouTube,UCx08xHWVSQIiujaTJb8HWYg,Drama short,18364,126
2026-08-11,YouTube,UC8gDq5ENmiVuJZIVsiZbQ8g,Heartloop,104614,353
2026-08-11,YouTube,UC01rTYtA_UsuZ5wzxnyHFcg,Triangle Theater,509824,2490
2026-08-11,YouTube,UCvfQU0Npb-ve-LxUlaAN1GA,Pocket Short,264720,1150
2026-08-11,YouTube,UCc-V01UlW1n8eGLpATLA5gw,JayReels ,702988,2690
2026-08-11,Dailymotion,x3tfxr4,ReelShort Romance Shorts,1436563,4651
2026-08-11,Dailymotion,x3tgq5g,The Rabbit Hole TV,657295,1487
2026-08-11,Dailymotion,x3tgqdc,ReelShort Drama Bombshell,506036,1237
2026-08-11,Dailymotion,x3tgqpa,Reel Short Flick Frenzy,130524,469
2026-08-11,Dailymotion,x3tgrdw,Reel Drama Dose,519702,1657
2026-08-11,Dailymotion,x45tgp8,ReelShort English Shorts,70038,1527
2026-08-11,Dailymotion,x45tkva,ReelShort Fantasy Shorts,969963,2485
2026-08-11,Dailymotion,x45tobw,ReelShort Sweet Shorts,72100,241
2026-08-11,Dailymotion,x4c7qxk,ReelShortDaily,103,18
2026-08-11,Dailymotion,x4c7saw,ReelShort_Drama_Hub,53,14
2026-08-11,Dailymotion,x4c7srk,ReelShort_Drama_Show,35,5
2026-08-11,Dailymotion,x4c7syo,ReelShort_Drama_Buzz,4,7
2026-08-11,Dailymotion,x4c7t3q,ReelShort_Drama_Clips,3,7
2026-08-11,Dailymotion,x3tgots,ReelShort Love Shorts,1051196,2063
2026-08-11,Dailymotion,x3tgs5s,FilmBox Channel,1494606,1793
2026-08-11,Dailymotion,x3tgtae,Easy Shorts,660629,934
2026-08-11,Dailymotion,x3tgrnq,ReelShort Drama Shorts,1794939,5460
2026-08-11,Dailymotion,x4c7r9u,love-shortdrama,113,0
2026-08-11,Dailymotion,x4c7ro4,babygirllovesshortdrama,68,0
2026-08-11,Dailymotion,x4c7sre,dailyshortdrama,41,0
2026-08-11,Dailymotion,x4c7qhk,drama lover girl,0,0
2026-08-11,Dailymotion,x4g6uv8,ReelShort Story Shorts,5797,77
2026-08-11,Dailymotion,x4g735i,ReelShort Movie Shorts,388325,1009
2026-08-11,Dailymotion,x4kmjg6,Daily Reelshort,1493,28
2026-08-11,Dailymotion,x4k7s0s,ReelShort_GlancePlay,75,8
2026-08-11,Dailymotion,x4j6cxg,Camara Romance Shorts,0,19
2026-08-11,Dailymotion,x4klm7q,ReelShort Romance Shows,219135,980
2026-08-11,Dailymotion,x4klqy0,ReelShort Hot Drama Hub,992087,2850
2026-08-11,Dailymotion,x4kpgc4,Reelshort First Love Shorts,0,20
2026-08-11,Dailymotion,x4jaytw,Reel Romance Swipe,97274,307
2026-08-11,Dailymotion,x4ks0k4,Reel Raw Vibe,145201,231
2026-08-11,Dailymotion,x4ks4yi,ReelShort Spicy Shorts,0,23
2026-08-11,Dailymotion,x4krkfk,ReelShort Intense Stories,6317,89
2026-08-11,Dailymotion,x4ko26y,ReelShort Drama Collection,359862,1847
2026-08-11,Dailymotion,x4oad9u,ReelShort Drama Spotlight,1025139,1930
2026-08-11,Dailymotion,x4ksw2e,DramaMagic,162655,298
2026-08-11,Dailymotion,x4kt5f6,Drama Reels,183586,1948
2026-08-11,Dailymotion,x4ku6nw,ReelShort Drama Studio,631112,1883
2026-08-11,Dailymotion,x4kvw02,Ugoeze ReelShort Drama,98,12
2026-08-11,Dailymotion,x4kj6r0,ReelShort TV,652083,2200
2026-08-11,Dailymotion,x3xvhc6,ReelShort Romance Videos,457746,1635
2026-08-11,Dailymotion,x4kfmg6,ReelShort Drama Movies,13165,701
2026-08-12,YouTube,UCAkSxwl8Lbk2hBXAAfsEFTA,Victor Drama,2026795,6430
2026-08-12,YouTube,UCctSzoeee7KCnR84dZ6IO7w,Maple Playhouse,481853,2110
2026-08-12,YouTube,UC82nFsZOjs5Tr96upPPq9Ww,Spur Reels,1618652,5600
2026-08-12,YouTube,UCnwjt6PgkKuZC4S1A0yTOFQ,DramaWithBestie,4906110,16400
2026-08-12,YouTube,UCHONLLEtQ4f9yoqa1BWlhSg,QuickFixDrama,3362492,4660
2026-08-12,YouTube,UC8Fm-ogvMehvbgF0BJjKiuQ,DramaFeverTV,407652,1310
2026-08-12,YouTube,UCxfDVRNK6SoN59v_t3ZJ33A,dramabook,2816138,9620
2026-08-12,YouTube,UCdtOFTQ1GVPKzvOYsi1ApIw,Pocket Movie,2336315,7640
2026-08-12,YouTube,UCSlOhfr5f-RPRP50yRri1uA,Pocket Story,1465840,3710
2026-08-12,YouTube,UC2IjY1Gm6b7pYp-vMJ2R9ig,SceneClip,7347142,22900
2026-08-12,YouTube,UC77WdDKy6cbCxZkC46eaudA,Drama addict,4913016,13100
2026-08-12,YouTube,UChhBhc7qJ42rgzAIPe9z6Cg,LittleDrama,1587793,4900
2026-08-12,YouTube,UC80LfoIH6FrzHTm6lXTWCKQ,DramaStory,2413370,8770
2026-08-12,YouTube,UC49-b-BhbYoG54YNkwmzg8w,HotReel,134917,762
2026-08-12,YouTube,UCIg97fCjw1HnS8vPqwiHLGA,Drama Nook,7901987,20700
2026-08-12,YouTube,UCm3RYOItKT_P0-oRCkkSMZw,The Drama Club,6809286,23500
2026-08-12,YouTube,UCL_RZ1IidYQkVQxfimfnPSQ,This Plot Got Me,5286618,11000
2026-08-12,YouTube,UCMGKZD9ggu_Pfo4dkL47cXQ,Dreamy Drama TV,3007805,8310
2026-08-12,YouTube,UCEFB0gMdnD1NyiZaedHg2hQ,HeyDramaTV,2635754,8870
2026-08-12,YouTube,UC0GVHmLgrxE2SS8F0C19JVg,Pocket Swoon,4494141,10600
2026-08-12,YouTube,UCZem4a64VnhfA4CBw9vM2bg,Swoon Bites,10965169,18100
2026-08-12,YouTube,UCxxl4xdZZqRSSz2VfnFBhwA,DramaBitesTV,3622720,30600
2026-08-12,YouTube,UCsbnInDepLdq6o781WVZ-5g,Dark Swoon,2657741,8140
2026-08-12,YouTube,UCf3lAEw_WPtcgHMUVAunzSw,Pocket Crush,4683802,13500
2026-08-12,YouTube,UCk2O5vfW3c_W5YWQ_BoD1Ug,Drama Found Me,46524907,96400
2026-08-12,YouTube,UCP4STX85lq_fpEtvQcq_5fw,I Found This Drama,11491596,35000
2026-08-12,YouTube,UCeVTtB1kN607CxFrFkiqjgQ,HeartSnap,716818,2240
2026-08-12,YouTube,UC3WZLJlwYaCEurdUywF8ibg,Drama In My Head,1385993,6060
2026-08-12,YouTube,UCbnCFV5_c-nGiEQN1anEO5A,HeartDrama Reels,219284,3700
2026-08-12,YouTube,UCxhHKduxLRNAOC_GUHPPf1Q,Drama Ray,1161849,4720
2026-08-12,YouTube,UCT7ZxKrKqxBvAODr8h_ODkA,Lilith Drama,1666724,6450
2026-08-12,YouTube,UCx08xHWVSQIiujaTJb8HWYg,Drama short,22345,139
2026-08-12,YouTube,UC8gDq5ENmiVuJZIVsiZbQ8g,Heartloop,110231,361
2026-08-12,YouTube,UC01rTYtA_UsuZ5wzxnyHFcg,Triangle Theater,514104,2490
2026-08-12,YouTube,UCvfQU0Npb-ve-LxUlaAN1GA,Pocket Short,266661,1150
2026-08-12,YouTube,UCc-V01UlW1n8eGLpATLA5gw,JayReels ,716968,2720
2026-08-12,Dailymotion,x3tfxr4,ReelShort Romance Shorts,1437018,4654
2026-08-12,Dailymotion,x3tgq5g,The Rabbit Hole TV,657848,1487
2026-08-12,Dailymotion,x3tgqdc,ReelShort Drama Bombshell,507698,1241
2026-08-12,Dailymotion,x3tgqpa,Reel Short Flick Frenzy,130569,470
2026-08-12,Dailymotion,x3tgrdw,Reel Drama Dose,519965,1660
2026-08-12,Dailymotion,x45tgp8,ReelShort English Shorts,70245,1530
2026-08-12,Dailymotion,x45tkva,ReelShort Fantasy Shorts,970360,2485
2026-08-12,Dailymotion,x45tobw,ReelShort Sweet Shorts,72330,242
2026-08-12,Dailymotion,x4c7qxk,ReelShortDaily,103,19
2026-08-12,Dailymotion,x4c7saw,ReelShort_Drama_Hub,53,14
2026-08-12,Dailymotion,x4c7srk,ReelShort_Drama_Show,35,5
2026-08-12,Dailymotion,x4c7syo,ReelShort_Drama_Buzz,4,7
2026-08-12,Dailymotion,x4c7t3q,ReelShort_Drama_Clips,3,7
2026-08-12,Dailymotion,x3tgots,ReelShort Love Shorts,1052768,2066
2026-08-12,Dailymotion,x3tgs5s,FilmBox Channel,1496776,1795
2026-08-12,Dailymotion,x3tgtae,Easy Shorts,661180,935
2026-08-12,Dailymotion,x3tgrnq,ReelShort Drama Shorts,1796022,5471
2026-08-12,Dailymotion,x4c7r9u,love-shortdrama,113,0
2026-08-12,Dailymotion,x4c7ro4,babygirllovesshortdrama,68,0
2026-08-12,Dailymotion,x4c7sre,dailyshortdrama,41,0
2026-08-12,Dailymotion,x4c7qhk,drama lover girl,0,0
2026-08-12,Dailymotion,x4g6uv8,ReelShort Story Shorts,5800,78
2026-08-12,Dailymotion,x4g735i,ReelShort Movie Shorts,388808,1014
2026-08-12,Dailymotion,x4kmjg6,Daily Reelshort,1493,29
2026-08-12,Dailymotion,x4k7s0s,ReelShort_GlancePlay,75,8
2026-08-12,Dailymotion,x4j6cxg,Camara Romance Shorts,0,19
2026-08-12,Dailymotion,x4klm7q,ReelShort Romance Shows,220196,986
2026-08-12,Dailymotion,x4klqy0,ReelShort Hot Drama Hub,993048,2854
2026-08-12,Dailymotion,x4kpgc4,Reelshort First Love Shorts,0,20
2026-08-12,Dailymotion,x4jaytw,Reel Romance Swipe,97432,308
2026-08-12,Dailymotion,x4ks0k4,Reel Raw Vibe,145318,231
2026-08-12,Dailymotion,x4ks4yi,ReelShort Spicy Shorts,0,23
2026-08-12,Dailymotion,x4krkfk,ReelShort Intense Stories,6323,89
2026-08-12,Dailymotion,x4ko26y,ReelShort Drama Collection,363353,1854
2026-08-12,Dailymotion,x4oad9u,ReelShort Drama Spotlight,1026589,1936
2026-08-12,Dailymotion,x4ksw2e,DramaMagic,163168,300
2026-08-12,Dailymotion,x4kt5f6,Drama Reels,183654,1951
2026-08-12,Dailymotion,x4ku6nw,ReelShort Drama Studio,632102,1886
2026-08-12,Dailymotion,x4kvw02,Ugoeze ReelShort Drama,98,12
2026-08-12,Dailymotion,x4kj6r0,ReelShort TV,653109,2207
2026-08-12,Dailymotion,x3xvhc6,ReelShort Romance Videos,458103,1637
2026-08-12,Dailymotion,x4kfmg6,ReelShort Drama Movies,13208,701
